2025-03-25 11:02:37,729 - __main__ - INFO - Iniciando análisis de tweets
2025-03-25 11:02:37,729 - __main__ - INFO - Cargando tweets desde el archivo JSON
2025-03-25 11:02:37,740 - __main__ - INFO - Se han cargado 1551 tweets correctamente
2025-03-25 11:02:37,740 - __main__ - INFO - Categorizando tweets
2025-03-25 11:02:37,740 - tweet_categorizer - INFO - Extrayendo categorías de los tweets usando granite3.2:latest
2025-03-25 11:03:02,210 - tweet_categorizer - INFO - Se extrajeron 7 categorías: ['Protestas y Manifestaciones', 'Eventos Culturales y de Moda', 'Comentarios Políticos y Crítica', 'Promoción Local e Informaciones Turísticas', 'Humor y Sarcasmo', 'Redes Sociales e Interacción Online', 'Homenaje a las Víctimas']
2025-03-25 11:03:02,210 - tweet_categorizer - INFO - Categorías finales: ['Protestas y Manifestaciones', 'Eventos Culturales y de Moda', 'Comentarios Políticos y Crítica', 'Promoción Local e Informaciones Turísticas', 'Humor y Sarcasmo', 'Redes Sociales e Interacción Online', 'Homenaje a las Víctimas']
2025-03-25 11:03:02,211 - tweet_categorizer - INFO - Categorizando tweet 1/1551
2025-03-25 11:03:02,779 - tweet_categorizer - INFO - Categorizando tweet 2/1551
2025-03-25 11:03:03,208 - tweet_categorizer - INFO - Categorizando tweet 3/1551
2025-03-25 11:03:03,687 - tweet_categorizer - INFO - Categorizando tweet 4/1551
2025-03-25 11:03:04,104 - tweet_categorizer - INFO - Categorizando tweet 5/1551
2025-03-25 11:03:04,560 - tweet_categorizer - INFO - Categorizando tweet 6/1551
2025-03-25 11:03:05,053 - tweet_categorizer - INFO - Categorizando tweet 7/1551
2025-03-25 11:03:05,564 - tweet_categorizer - INFO - Categorizando tweet 8/1551
2025-03-25 11:03:06,042 - tweet_categorizer - INFO - Categorizando tweet 9/1551
2025-03-25 11:03:06,582 - tweet_categorizer - INFO - Categorizando tweet 10/1551
2025-03-25 11:03:07,046 - tweet_categorizer - INFO - Categorizando tweet 11/1551
2025-03-25 11:03:07,522 - tweet_categorizer - INFO - Categorizando tweet 12/1551
2025-03-25 11:03:07,916 - tweet_categorizer - INFO - Categorizando tweet 13/1551
2025-03-25 11:03:08,343 - tweet_categorizer - INFO - Categorizando tweet 14/1551
2025-03-25 11:03:08,811 - tweet_categorizer - INFO - Categorizando tweet 15/1551
2025-03-25 11:03:09,169 - tweet_categorizer - INFO - Categorizando tweet 16/1551
2025-03-25 11:03:09,636 - tweet_categorizer - INFO - Categorizando tweet 17/1551
2025-03-25 11:03:10,047 - tweet_categorizer - INFO - Categorizando tweet 18/1551
2025-03-25 11:03:10,505 - tweet_categorizer - INFO - Categorizando tweet 19/1551
2025-03-25 11:03:11,024 - tweet_categorizer - INFO - Categorizando tweet 20/1551
2025-03-25 11:03:11,490 - tweet_categorizer - INFO - Categorizando tweet 21/1551
2025-03-25 11:03:11,985 - tweet_categorizer - INFO - Categorizando tweet 22/1551
2025-03-25 11:03:12,438 - tweet_categorizer - INFO - Categorizando tweet 23/1551
2025-03-25 11:03:12,937 - tweet_categorizer - INFO - Categorizando tweet 24/1551
2025-03-25 11:03:13,429 - tweet_categorizer - INFO - Categorizando tweet 25/1551
2025-03-25 11:03:13,959 - tweet_categorizer - INFO - Categorizando tweet 26/1551
2025-03-25 11:03:14,419 - tweet_categorizer - INFO - Categorizando tweet 27/1551
2025-03-25 11:03:14,910 - tweet_categorizer - INFO - Categorizando tweet 28/1551
2025-03-25 11:03:15,322 - tweet_categorizer - INFO - Categorizando tweet 29/1551
2025-03-25 11:03:15,815 - tweet_categorizer - INFO - Categorizando tweet 30/1551
2025-03-25 11:03:16,253 - tweet_categorizer - INFO - Categorizando tweet 31/1551
2025-03-25 11:03:16,755 - tweet_categorizer - INFO - Categorizando tweet 32/1551
2025-03-25 11:03:17,260 - tweet_categorizer - INFO - Categorizando tweet 33/1551
2025-03-25 11:03:17,716 - tweet_categorizer - INFO - Categorizando tweet 34/1551
2025-03-25 11:03:18,155 - tweet_categorizer - INFO - Categorizando tweet 35/1551
2025-03-25 11:03:18,586 - tweet_categorizer - INFO - Categorizando tweet 36/1551
2025-03-25 11:03:19,089 - tweet_categorizer - INFO - Categorizando tweet 37/1551
2025-03-25 11:03:19,567 - tweet_categorizer - INFO - Categorizando tweet 38/1551
2025-03-25 11:03:20,159 - tweet_categorizer - INFO - Categorizando tweet 39/1551
2025-03-25 11:03:20,757 - tweet_categorizer - INFO - Categorizando tweet 40/1551
2025-03-25 11:03:21,215 - tweet_categorizer - INFO - Categorizando tweet 41/1551
2025-03-25 11:03:21,674 - tweet_categorizer - INFO - Categorizando tweet 42/1551
2025-03-25 11:03:22,151 - tweet_categorizer - INFO - Categorizando tweet 43/1551
2025-03-25 11:03:22,601 - tweet_categorizer - INFO - Categorizando tweet 44/1551
2025-03-25 11:03:23,033 - tweet_categorizer - INFO - Categorizando tweet 45/1551
2025-03-25 11:03:23,577 - tweet_categorizer - INFO - Categorizando tweet 46/1551
2025-03-25 11:03:24,052 - tweet_categorizer - INFO - Categorizando tweet 47/1551
2025-03-25 11:03:24,530 - tweet_categorizer - INFO - Categorizando tweet 48/1551
2025-03-25 11:03:25,022 - tweet_categorizer - INFO - Categorizando tweet 49/1551
2025-03-25 11:03:25,519 - tweet_categorizer - INFO - Categorizando tweet 50/1551
2025-03-25 11:03:25,979 - tweet_categorizer - INFO - Categorizando tweet 51/1551
2025-03-25 11:03:26,400 - tweet_categorizer - INFO - Categorizando tweet 52/1551
2025-03-25 11:03:26,909 - tweet_categorizer - INFO - Categorizando tweet 53/1551
2025-03-25 11:03:27,416 - tweet_categorizer - INFO - Categorizando tweet 54/1551
2025-03-25 11:03:27,831 - tweet_categorizer - INFO - Categorizando tweet 55/1551
2025-03-25 11:03:28,293 - tweet_categorizer - INFO - Categorizando tweet 56/1551
2025-03-25 11:03:28,767 - tweet_categorizer - INFO - Categorizando tweet 57/1551
2025-03-25 11:03:29,560 - tweet_categorizer - INFO - Categorizando tweet 58/1551
2025-03-25 11:03:30,149 - tweet_categorizer - INFO - Categorizando tweet 59/1551
2025-03-25 11:03:30,635 - tweet_categorizer - INFO - Categorizando tweet 60/1551
2025-03-25 11:03:31,108 - tweet_categorizer - INFO - Categorizando tweet 61/1551
2025-03-25 11:03:31,592 - tweet_categorizer - INFO - Categorizando tweet 62/1551
2025-03-25 11:03:32,077 - tweet_categorizer - INFO - Categorizando tweet 63/1551
2025-03-25 11:03:32,584 - tweet_categorizer - INFO - Categorizando tweet 64/1551
2025-03-25 11:03:33,090 - tweet_categorizer - INFO - Categorizando tweet 65/1551
2025-03-25 11:03:33,614 - tweet_categorizer - INFO - Categorizando tweet 66/1551
2025-03-25 11:03:34,050 - tweet_categorizer - INFO - Categorizando tweet 67/1551
2025-03-25 11:03:34,478 - tweet_categorizer - INFO - Categorizando tweet 68/1551
2025-03-25 11:03:34,880 - tweet_categorizer - INFO - Categorizando tweet 69/1551
2025-03-25 11:03:35,368 - tweet_categorizer - INFO - Categorizando tweet 70/1551
2025-03-25 11:03:35,824 - tweet_categorizer - INFO - Categorizando tweet 71/1551
2025-03-25 11:03:36,230 - tweet_categorizer - INFO - Categorizando tweet 72/1551
2025-03-25 11:03:36,689 - tweet_categorizer - INFO - Categorizando tweet 73/1551
2025-03-25 11:03:37,194 - tweet_categorizer - INFO - Categorizando tweet 74/1551
2025-03-25 11:03:37,657 - tweet_categorizer - INFO - Categorizando tweet 75/1551
2025-03-25 11:03:38,183 - tweet_categorizer - INFO - Categorizando tweet 76/1551
2025-03-25 11:03:38,705 - tweet_categorizer - INFO - Categorizando tweet 77/1551
2025-03-25 11:03:39,174 - tweet_categorizer - INFO - Categorizando tweet 78/1551
2025-03-25 11:03:39,691 - tweet_categorizer - INFO - Categorizando tweet 79/1551
2025-03-25 11:03:40,171 - tweet_categorizer - INFO - Categorizando tweet 80/1551
2025-03-25 11:03:40,601 - tweet_categorizer - INFO - Categorizando tweet 81/1551
2025-03-25 11:03:40,949 - tweet_categorizer - INFO - Categorizando tweet 82/1551
2025-03-25 11:03:41,361 - tweet_categorizer - INFO - Categorizando tweet 83/1551
2025-03-25 11:03:41,781 - tweet_categorizer - INFO - Categorizando tweet 84/1551
2025-03-25 11:03:42,309 - tweet_categorizer - INFO - Categorizando tweet 85/1551
2025-03-25 11:03:42,792 - tweet_categorizer - INFO - Categorizando tweet 86/1551
2025-03-25 11:03:43,246 - tweet_categorizer - INFO - Categorizando tweet 87/1551
2025-03-25 11:03:43,655 - tweet_categorizer - INFO - Categorizando tweet 88/1551
2025-03-25 11:03:44,067 - tweet_categorizer - INFO - Categorizando tweet 89/1551
2025-03-25 11:03:44,540 - tweet_categorizer - INFO - Categorizando tweet 90/1551
2025-03-25 11:03:45,008 - tweet_categorizer - INFO - Categorizando tweet 91/1551
2025-03-25 11:03:45,496 - tweet_categorizer - INFO - Categorizando tweet 92/1551
2025-03-25 11:03:45,988 - tweet_categorizer - INFO - Categorizando tweet 93/1551
2025-03-25 11:03:46,466 - tweet_categorizer - INFO - Categorizando tweet 94/1551
2025-03-25 11:03:46,952 - tweet_categorizer - INFO - Categorizando tweet 95/1551
2025-03-25 11:03:47,396 - tweet_categorizer - INFO - Categorizando tweet 96/1551
2025-03-25 11:03:47,764 - tweet_categorizer - INFO - Categorizando tweet 97/1551
2025-03-25 11:03:48,282 - tweet_categorizer - INFO - Categorizando tweet 98/1551
2025-03-25 11:03:48,770 - tweet_categorizer - INFO - Categorizando tweet 99/1551
2025-03-25 11:03:49,238 - tweet_categorizer - INFO - Categorizando tweet 100/1551
2025-03-25 11:03:49,781 - tweet_categorizer - INFO - Categorizando tweet 101/1551
2025-03-25 11:03:50,283 - tweet_categorizer - INFO - Categorizando tweet 102/1551
2025-03-25 11:03:50,771 - tweet_categorizer - INFO - Categorizando tweet 103/1551
2025-03-25 11:03:51,174 - tweet_categorizer - INFO - Categorizando tweet 104/1551
2025-03-25 11:03:51,575 - tweet_categorizer - INFO - Categorizando tweet 105/1551
2025-03-25 11:03:52,022 - tweet_categorizer - INFO - Categorizando tweet 106/1551
2025-03-25 11:03:52,527 - tweet_categorizer - INFO - Categorizando tweet 107/1551
2025-03-25 11:03:53,020 - tweet_categorizer - INFO - Categorizando tweet 108/1551
2025-03-25 11:03:53,521 - tweet_categorizer - INFO - Categorizando tweet 109/1551
2025-03-25 11:03:53,959 - tweet_categorizer - INFO - Categorizando tweet 110/1551
2025-03-25 11:03:54,481 - tweet_categorizer - INFO - Categorizando tweet 111/1551
2025-03-25 11:03:54,955 - tweet_categorizer - INFO - Categorizando tweet 112/1551
2025-03-25 11:03:55,489 - tweet_categorizer - INFO - Categorizando tweet 113/1551
2025-03-25 11:03:55,889 - tweet_categorizer - INFO - Categorizando tweet 114/1551
2025-03-25 11:03:56,367 - tweet_categorizer - INFO - Categorizando tweet 115/1551
2025-03-25 11:03:56,785 - tweet_categorizer - INFO - Categorizando tweet 116/1551
2025-03-25 11:03:57,249 - tweet_categorizer - INFO - Categorizando tweet 117/1551
2025-03-25 11:03:57,667 - tweet_categorizer - INFO - Categorizando tweet 118/1551
2025-03-25 11:03:58,015 - tweet_categorizer - INFO - Categorizando tweet 119/1551
2025-03-25 11:03:58,480 - tweet_categorizer - INFO - Categorizando tweet 120/1551
2025-03-25 11:03:59,109 - tweet_categorizer - INFO - Categorizando tweet 121/1551
2025-03-25 11:03:59,484 - tweet_categorizer - INFO - Categorizando tweet 122/1551
2025-03-25 11:03:59,945 - tweet_categorizer - INFO - Categorizando tweet 123/1551
2025-03-25 11:04:00,396 - tweet_categorizer - INFO - Categorizando tweet 124/1551
2025-03-25 11:04:01,004 - tweet_categorizer - INFO - Categorizando tweet 125/1551
2025-03-25 11:04:01,512 - tweet_categorizer - INFO - Categorizando tweet 126/1551
2025-03-25 11:04:01,949 - tweet_categorizer - INFO - Categorizando tweet 127/1551
2025-03-25 11:04:02,463 - tweet_categorizer - INFO - Categorizando tweet 128/1551
2025-03-25 11:04:03,003 - tweet_categorizer - INFO - Categorizando tweet 129/1551
2025-03-25 11:04:03,414 - tweet_categorizer - INFO - Categorizando tweet 130/1551
2025-03-25 11:04:03,742 - tweet_categorizer - INFO - Categorizando tweet 131/1551
2025-03-25 11:04:04,154 - tweet_categorizer - INFO - Categorizando tweet 132/1551
2025-03-25 11:04:04,599 - tweet_categorizer - INFO - Categorizando tweet 133/1551
2025-03-25 11:04:05,021 - tweet_categorizer - INFO - Categorizando tweet 134/1551
2025-03-25 11:04:05,458 - tweet_categorizer - INFO - Categorizando tweet 135/1551
2025-03-25 11:04:05,887 - tweet_categorizer - INFO - Categorizando tweet 136/1551
2025-03-25 11:04:06,391 - tweet_categorizer - INFO - Categorizando tweet 137/1551
2025-03-25 11:04:06,840 - tweet_categorizer - INFO - Categorizando tweet 138/1551
2025-03-25 11:04:07,359 - tweet_categorizer - INFO - Categorizando tweet 139/1551
2025-03-25 11:04:07,789 - tweet_categorizer - INFO - Categorizando tweet 140/1551
2025-03-25 11:04:08,220 - tweet_categorizer - INFO - Categorizando tweet 141/1551
2025-03-25 11:04:08,679 - tweet_categorizer - INFO - Categorizando tweet 142/1551
2025-03-25 11:04:09,102 - tweet_categorizer - INFO - Categorizando tweet 143/1551
2025-03-25 11:04:09,586 - tweet_categorizer - INFO - Categorizando tweet 144/1551
2025-03-25 11:04:10,003 - tweet_categorizer - INFO - Categorizando tweet 145/1551
2025-03-25 11:04:10,466 - tweet_categorizer - INFO - Categorizando tweet 146/1551
2025-03-25 11:04:10,871 - tweet_categorizer - INFO - Categorizando tweet 147/1551
2025-03-25 11:04:11,292 - tweet_categorizer - INFO - Categorizando tweet 148/1551
2025-03-25 11:04:11,793 - tweet_categorizer - INFO - Categorizando tweet 149/1551
2025-03-25 11:04:12,256 - tweet_categorizer - INFO - Categorizando tweet 150/1551
2025-03-25 11:04:12,724 - tweet_categorizer - INFO - Categorizando tweet 151/1551
2025-03-25 11:04:13,229 - tweet_categorizer - INFO - Categorizando tweet 152/1551
2025-03-25 11:04:13,695 - tweet_categorizer - INFO - Categorizando tweet 153/1551
2025-03-25 11:04:14,151 - tweet_categorizer - INFO - Categorizando tweet 154/1551
2025-03-25 11:04:14,587 - tweet_categorizer - INFO - Categorizando tweet 155/1551
2025-03-25 11:04:15,014 - tweet_categorizer - INFO - Categorizando tweet 156/1551
2025-03-25 11:04:15,512 - tweet_categorizer - INFO - Categorizando tweet 157/1551
2025-03-25 11:04:15,912 - tweet_categorizer - INFO - Categorizando tweet 158/1551
2025-03-25 11:04:16,445 - tweet_categorizer - INFO - Categorizando tweet 159/1551
2025-03-25 11:04:16,948 - tweet_categorizer - INFO - Categorizando tweet 160/1551
2025-03-25 11:04:17,348 - tweet_categorizer - INFO - Categorizando tweet 161/1551
2025-03-25 11:04:17,820 - tweet_categorizer - INFO - Categorizando tweet 162/1551
2025-03-25 11:04:18,289 - tweet_categorizer - INFO - Categorizando tweet 163/1551
2025-03-25 11:04:18,761 - tweet_categorizer - INFO - Categorizando tweet 164/1551
2025-03-25 11:04:19,239 - tweet_categorizer - INFO - Categorizando tweet 165/1551
2025-03-25 11:04:19,693 - tweet_categorizer - INFO - Categorizando tweet 166/1551
2025-03-25 11:04:20,171 - tweet_categorizer - INFO - Categorizando tweet 167/1551
2025-03-25 11:04:20,632 - tweet_categorizer - INFO - Categorizando tweet 168/1551
2025-03-25 11:04:21,113 - tweet_categorizer - INFO - Categorizando tweet 169/1551
2025-03-25 11:04:21,489 - tweet_categorizer - INFO - Categorizando tweet 170/1551
2025-03-25 11:04:21,919 - tweet_categorizer - INFO - Categorizando tweet 171/1551
2025-03-25 11:04:22,347 - tweet_categorizer - INFO - Categorizando tweet 172/1551
2025-03-25 11:04:22,863 - tweet_categorizer - INFO - Categorizando tweet 173/1551
2025-03-25 11:04:23,346 - tweet_categorizer - INFO - Categorizando tweet 174/1551
2025-03-25 11:04:23,787 - tweet_categorizer - INFO - Categorizando tweet 175/1551
2025-03-25 11:04:24,304 - tweet_categorizer - INFO - Categorizando tweet 176/1551
2025-03-25 11:04:24,808 - tweet_categorizer - INFO - Categorizando tweet 177/1551
2025-03-25 11:04:25,292 - tweet_categorizer - INFO - Categorizando tweet 178/1551
2025-03-25 11:04:25,772 - tweet_categorizer - INFO - Categorizando tweet 179/1551
2025-03-25 11:04:26,152 - tweet_categorizer - INFO - Categorizando tweet 180/1551
2025-03-25 11:04:26,591 - tweet_categorizer - INFO - Categorizando tweet 181/1551
2025-03-25 11:04:27,021 - tweet_categorizer - INFO - Categorizando tweet 182/1551
2025-03-25 11:04:27,525 - tweet_categorizer - INFO - Categorizando tweet 183/1551
2025-03-25 11:04:27,989 - tweet_categorizer - INFO - Categorizando tweet 184/1551
2025-03-25 11:04:28,433 - tweet_categorizer - INFO - Categorizando tweet 185/1551
2025-03-25 11:04:28,786 - tweet_categorizer - INFO - Categorizando tweet 186/1551
2025-03-25 11:04:29,307 - tweet_categorizer - INFO - Categorizando tweet 187/1551
2025-03-25 11:04:29,767 - tweet_categorizer - INFO - Categorizando tweet 188/1551
2025-03-25 11:04:30,216 - tweet_categorizer - INFO - Categorizando tweet 189/1551
2025-03-25 11:04:30,678 - tweet_categorizer - INFO - Categorizando tweet 190/1551
2025-03-25 11:04:31,120 - tweet_categorizer - INFO - Categorizando tweet 191/1551
2025-03-25 11:04:31,613 - tweet_categorizer - INFO - Categorizando tweet 192/1551
2025-03-25 11:04:32,041 - tweet_categorizer - INFO - Categorizando tweet 193/1551
2025-03-25 11:04:32,467 - tweet_categorizer - INFO - Categorizando tweet 194/1551
2025-03-25 11:04:32,938 - tweet_categorizer - INFO - Categorizando tweet 195/1551
2025-03-25 11:04:33,353 - tweet_categorizer - INFO - Categorizando tweet 196/1551
2025-03-25 11:04:33,716 - tweet_categorizer - INFO - Categorizando tweet 197/1551
2025-03-25 11:04:34,248 - tweet_categorizer - INFO - Categorizando tweet 198/1551
2025-03-25 11:04:34,722 - tweet_categorizer - INFO - Categorizando tweet 199/1551
2025-03-25 11:04:35,150 - tweet_categorizer - INFO - Categorizando tweet 200/1551
2025-03-25 11:04:35,634 - tweet_categorizer - INFO - Categorizando tweet 201/1551
2025-03-25 11:04:36,037 - tweet_categorizer - INFO - Categorizando tweet 202/1551
2025-03-25 11:04:36,416 - tweet_categorizer - INFO - Categorizando tweet 203/1551
2025-03-25 11:04:36,873 - tweet_categorizer - INFO - Categorizando tweet 204/1551
2025-03-25 11:04:37,329 - tweet_categorizer - INFO - Categorizando tweet 205/1551
2025-03-25 11:04:37,752 - tweet_categorizer - INFO - Categorizando tweet 206/1551
2025-03-25 11:04:38,163 - tweet_categorizer - INFO - Categorizando tweet 207/1551
2025-03-25 11:04:38,602 - tweet_categorizer - INFO - Categorizando tweet 208/1551
2025-03-25 11:04:39,045 - tweet_categorizer - INFO - Categorizando tweet 209/1551
2025-03-25 11:04:39,520 - tweet_categorizer - INFO - Categorizando tweet 210/1551
2025-03-25 11:04:39,954 - tweet_categorizer - INFO - Categorizando tweet 211/1551
2025-03-25 11:04:40,449 - tweet_categorizer - INFO - Categorizando tweet 212/1551
2025-03-25 11:04:40,889 - tweet_categorizer - INFO - Categorizando tweet 213/1551
2025-03-25 11:04:41,350 - tweet_categorizer - INFO - Categorizando tweet 214/1551
2025-03-25 11:04:41,858 - tweet_categorizer - INFO - Categorizando tweet 215/1551
2025-03-25 11:04:42,304 - tweet_categorizer - INFO - Categorizando tweet 216/1551
2025-03-25 11:04:42,763 - tweet_categorizer - INFO - Categorizando tweet 217/1551
2025-03-25 11:04:43,277 - tweet_categorizer - INFO - Categorizando tweet 218/1551
2025-03-25 11:04:43,710 - tweet_categorizer - INFO - Categorizando tweet 219/1551
2025-03-25 11:04:44,146 - tweet_categorizer - INFO - Categorizando tweet 220/1551
2025-03-25 11:04:44,665 - tweet_categorizer - INFO - Categorizando tweet 221/1551
2025-03-25 11:04:45,112 - tweet_categorizer - INFO - Categorizando tweet 222/1551
2025-03-25 11:04:45,477 - tweet_categorizer - INFO - Categorizando tweet 223/1551
2025-03-25 11:04:45,999 - tweet_categorizer - INFO - Categorizando tweet 224/1551
2025-03-25 11:04:46,569 - tweet_categorizer - INFO - Categorizando tweet 225/1551
2025-03-25 11:04:47,031 - tweet_categorizer - INFO - Categorizando tweet 226/1551
2025-03-25 11:04:47,519 - tweet_categorizer - INFO - Categorizando tweet 227/1551
2025-03-25 11:04:48,007 - tweet_categorizer - INFO - Categorizando tweet 228/1551
2025-03-25 11:04:48,595 - tweet_categorizer - INFO - Categorizando tweet 229/1551
2025-03-25 11:04:49,099 - tweet_categorizer - INFO - Categorizando tweet 230/1551
2025-03-25 11:04:49,588 - tweet_categorizer - INFO - Categorizando tweet 231/1551
2025-03-25 11:04:50,099 - tweet_categorizer - INFO - Categorizando tweet 232/1551
2025-03-25 11:04:50,547 - tweet_categorizer - INFO - Categorizando tweet 233/1551
2025-03-25 11:04:51,026 - tweet_categorizer - INFO - Categorizando tweet 234/1551
2025-03-25 11:04:51,471 - tweet_categorizer - INFO - Categorizando tweet 235/1551
2025-03-25 11:04:51,963 - tweet_categorizer - INFO - Categorizando tweet 236/1551
2025-03-25 11:04:52,428 - tweet_categorizer - INFO - Categorizando tweet 237/1551
2025-03-25 11:04:52,849 - tweet_categorizer - INFO - Categorizando tweet 238/1551
2025-03-25 11:04:53,388 - tweet_categorizer - INFO - Categorizando tweet 239/1551
2025-03-25 11:04:53,879 - tweet_categorizer - INFO - Categorizando tweet 240/1551
2025-03-25 11:04:54,380 - tweet_categorizer - INFO - Categorizando tweet 241/1551
2025-03-25 11:04:54,872 - tweet_categorizer - INFO - Categorizando tweet 242/1551
2025-03-25 11:04:55,373 - tweet_categorizer - INFO - Categorizando tweet 243/1551
2025-03-25 11:04:55,869 - tweet_categorizer - INFO - Categorizando tweet 244/1551
2025-03-25 11:04:56,373 - tweet_categorizer - INFO - Categorizando tweet 245/1551
2025-03-25 11:04:56,835 - tweet_categorizer - INFO - Categorizando tweet 246/1551
2025-03-25 11:04:57,263 - tweet_categorizer - INFO - Categorizando tweet 247/1551
2025-03-25 11:04:57,754 - tweet_categorizer - INFO - Categorizando tweet 248/1551
2025-03-25 11:04:58,177 - tweet_categorizer - INFO - Categorizando tweet 249/1551
2025-03-25 11:04:58,658 - tweet_categorizer - INFO - Categorizando tweet 250/1551
2025-03-25 11:04:59,088 - tweet_categorizer - INFO - Categorizando tweet 251/1551
2025-03-25 11:04:59,610 - tweet_categorizer - INFO - Categorizando tweet 252/1551
2025-03-25 11:05:00,057 - tweet_categorizer - INFO - Categorizando tweet 253/1551
2025-03-25 11:05:00,519 - tweet_categorizer - INFO - Categorizando tweet 254/1551
2025-03-25 11:05:00,964 - tweet_categorizer - INFO - Categorizando tweet 255/1551
2025-03-25 11:05:01,454 - tweet_categorizer - INFO - Categorizando tweet 256/1551
2025-03-25 11:05:01,940 - tweet_categorizer - INFO - Categorizando tweet 257/1551
2025-03-25 11:05:02,351 - tweet_categorizer - INFO - Categorizando tweet 258/1551
2025-03-25 11:05:02,866 - tweet_categorizer - INFO - Categorizando tweet 259/1551
2025-03-25 11:05:03,340 - tweet_categorizer - INFO - Categorizando tweet 260/1551
2025-03-25 11:05:03,866 - tweet_categorizer - INFO - Categorizando tweet 261/1551
2025-03-25 11:05:04,354 - tweet_categorizer - INFO - Categorizando tweet 262/1551
2025-03-25 11:05:04,852 - tweet_categorizer - INFO - Categorizando tweet 263/1551
2025-03-25 11:05:05,466 - tweet_categorizer - INFO - Categorizando tweet 264/1551
2025-03-25 11:05:05,924 - tweet_categorizer - INFO - Categorizando tweet 265/1551
2025-03-25 11:05:06,366 - tweet_categorizer - INFO - Categorizando tweet 266/1551
2025-03-25 11:05:06,797 - tweet_categorizer - INFO - Categorizando tweet 267/1551
2025-03-25 11:05:07,276 - tweet_categorizer - INFO - Categorizando tweet 268/1551
2025-03-25 11:05:07,753 - tweet_categorizer - INFO - Categorizando tweet 269/1551
2025-03-25 11:05:08,214 - tweet_categorizer - INFO - Categorizando tweet 270/1551
2025-03-25 11:05:08,654 - tweet_categorizer - INFO - Categorizando tweet 271/1551
2025-03-25 11:05:09,130 - tweet_categorizer - INFO - Categorizando tweet 272/1551
2025-03-25 11:05:09,675 - tweet_categorizer - INFO - Categorizando tweet 273/1551
2025-03-25 11:05:10,167 - tweet_categorizer - INFO - Categorizando tweet 274/1551
2025-03-25 11:05:10,663 - tweet_categorizer - INFO - Categorizando tweet 275/1551
2025-03-25 11:05:11,089 - tweet_categorizer - INFO - Categorizando tweet 276/1551
2025-03-25 11:05:11,584 - tweet_categorizer - INFO - Categorizando tweet 277/1551
2025-03-25 11:05:12,119 - tweet_categorizer - INFO - Categorizando tweet 278/1551
2025-03-25 11:05:12,493 - tweet_categorizer - INFO - Categorizando tweet 279/1551
2025-03-25 11:05:12,925 - tweet_categorizer - INFO - Categorizando tweet 280/1551
2025-03-25 11:05:13,407 - tweet_categorizer - INFO - Categorizando tweet 281/1551
2025-03-25 11:05:13,877 - tweet_categorizer - INFO - Categorizando tweet 282/1551
2025-03-25 11:05:14,359 - tweet_categorizer - INFO - Categorizando tweet 283/1551
2025-03-25 11:05:14,833 - tweet_categorizer - INFO - Categorizando tweet 284/1551
2025-03-25 11:05:15,247 - tweet_categorizer - INFO - Categorizando tweet 285/1551
2025-03-25 11:05:15,698 - tweet_categorizer - INFO - Categorizando tweet 286/1551
2025-03-25 11:05:16,193 - tweet_categorizer - INFO - Categorizando tweet 287/1551
2025-03-25 11:05:16,579 - tweet_categorizer - INFO - Categorizando tweet 288/1551
2025-03-25 11:05:17,111 - tweet_categorizer - INFO - Categorizando tweet 289/1551
2025-03-25 11:05:17,588 - tweet_categorizer - INFO - Categorizando tweet 290/1551
2025-03-25 11:05:18,049 - tweet_categorizer - INFO - Categorizando tweet 291/1551
2025-03-25 11:05:18,658 - tweet_categorizer - INFO - Categorizando tweet 292/1551
2025-03-25 11:05:19,169 - tweet_categorizer - INFO - Categorizando tweet 293/1551
2025-03-25 11:05:19,668 - tweet_categorizer - INFO - Categorizando tweet 294/1551
2025-03-25 11:05:20,170 - tweet_categorizer - INFO - Categorizando tweet 295/1551
2025-03-25 11:05:20,640 - tweet_categorizer - INFO - Categorizando tweet 296/1551
2025-03-25 11:05:21,127 - tweet_categorizer - INFO - Categorizando tweet 297/1551
2025-03-25 11:05:21,697 - tweet_categorizer - INFO - Categorizando tweet 298/1551
2025-03-25 11:05:22,180 - tweet_categorizer - INFO - Categorizando tweet 299/1551
2025-03-25 11:05:22,590 - tweet_categorizer - INFO - Categorizando tweet 300/1551
2025-03-25 11:05:23,038 - tweet_categorizer - INFO - Categorizando tweet 301/1551
2025-03-25 11:05:23,560 - tweet_categorizer - INFO - Categorizando tweet 302/1551
2025-03-25 11:05:24,034 - tweet_categorizer - INFO - Categorizando tweet 303/1551
2025-03-25 11:05:24,528 - tweet_categorizer - INFO - Categorizando tweet 304/1551
2025-03-25 11:05:24,864 - tweet_categorizer - INFO - Categorizando tweet 305/1551
2025-03-25 11:05:25,490 - tweet_categorizer - INFO - Categorizando tweet 306/1551
2025-03-25 11:05:26,107 - tweet_categorizer - INFO - Categorizando tweet 307/1551
2025-03-25 11:05:26,578 - tweet_categorizer - INFO - Categorizando tweet 308/1551
2025-03-25 11:05:26,981 - tweet_categorizer - INFO - Categorizando tweet 309/1551
2025-03-25 11:05:27,451 - tweet_categorizer - INFO - Categorizando tweet 310/1551
2025-03-25 11:05:27,801 - tweet_categorizer - INFO - Categorizando tweet 311/1551
2025-03-25 11:05:28,271 - tweet_categorizer - INFO - Categorizando tweet 312/1551
2025-03-25 11:05:28,739 - tweet_categorizer - INFO - Categorizando tweet 313/1551
2025-03-25 11:05:29,190 - tweet_categorizer - INFO - Categorizando tweet 314/1551
2025-03-25 11:05:29,664 - tweet_categorizer - INFO - Categorizando tweet 315/1551
2025-03-25 11:05:30,168 - tweet_categorizer - INFO - Categorizando tweet 316/1551
2025-03-25 11:05:30,638 - tweet_categorizer - INFO - Categorizando tweet 317/1551
2025-03-25 11:05:31,069 - tweet_categorizer - INFO - Categorizando tweet 318/1551
2025-03-25 11:05:31,507 - tweet_categorizer - INFO - Categorizando tweet 319/1551
2025-03-25 11:05:32,008 - tweet_categorizer - INFO - Categorizando tweet 320/1551
2025-03-25 11:05:32,465 - tweet_categorizer - INFO - Categorizando tweet 321/1551
2025-03-25 11:05:32,969 - tweet_categorizer - INFO - Categorizando tweet 322/1551
2025-03-25 11:05:33,385 - tweet_categorizer - INFO - Categorizando tweet 323/1551
2025-03-25 11:05:33,758 - tweet_categorizer - INFO - Categorizando tweet 324/1551
2025-03-25 11:05:34,213 - tweet_categorizer - INFO - Categorizando tweet 325/1551
2025-03-25 11:05:34,714 - tweet_categorizer - INFO - Categorizando tweet 326/1551
2025-03-25 11:05:35,175 - tweet_categorizer - INFO - Categorizando tweet 327/1551
2025-03-25 11:05:35,670 - tweet_categorizer - INFO - Categorizando tweet 328/1551
2025-03-25 11:05:36,097 - tweet_categorizer - INFO - Categorizando tweet 329/1551
2025-03-25 11:05:36,552 - tweet_categorizer - INFO - Categorizando tweet 330/1551
2025-03-25 11:05:37,015 - tweet_categorizer - INFO - Categorizando tweet 331/1551
2025-03-25 11:05:37,428 - tweet_categorizer - INFO - Categorizando tweet 332/1551
2025-03-25 11:05:37,896 - tweet_categorizer - INFO - Categorizando tweet 333/1551
2025-03-25 11:05:38,297 - tweet_categorizer - INFO - Categorizando tweet 334/1551
2025-03-25 11:05:38,750 - tweet_categorizer - INFO - Categorizando tweet 335/1551
2025-03-25 11:05:39,249 - tweet_categorizer - INFO - Categorizando tweet 336/1551
2025-03-25 11:05:39,739 - tweet_categorizer - INFO - Categorizando tweet 337/1551
2025-03-25 11:05:40,204 - tweet_categorizer - INFO - Categorizando tweet 338/1551
2025-03-25 11:05:40,683 - tweet_categorizer - INFO - Categorizando tweet 339/1551
2025-03-25 11:05:41,120 - tweet_categorizer - INFO - Categorizando tweet 340/1551
2025-03-25 11:05:41,530 - tweet_categorizer - INFO - Categorizando tweet 341/1551
2025-03-25 11:05:41,945 - tweet_categorizer - INFO - Categorizando tweet 342/1551
2025-03-25 11:05:42,407 - tweet_categorizer - INFO - Categorizando tweet 343/1551
2025-03-25 11:05:42,907 - tweet_categorizer - INFO - Categorizando tweet 344/1551
2025-03-25 11:05:43,425 - tweet_categorizer - INFO - Categorizando tweet 345/1551
2025-03-25 11:05:43,875 - tweet_categorizer - INFO - Categorizando tweet 346/1551
2025-03-25 11:05:44,278 - tweet_categorizer - INFO - Categorizando tweet 347/1551
2025-03-25 11:05:44,745 - tweet_categorizer - INFO - Categorizando tweet 348/1551
2025-03-25 11:05:45,293 - tweet_categorizer - INFO - Categorizando tweet 349/1551
2025-03-25 11:05:45,751 - tweet_categorizer - INFO - Categorizando tweet 350/1551
2025-03-25 11:05:46,212 - tweet_categorizer - INFO - Categorizando tweet 351/1551
2025-03-25 11:05:46,762 - tweet_categorizer - INFO - Categorizando tweet 352/1551
2025-03-25 11:05:47,222 - tweet_categorizer - INFO - Categorizando tweet 353/1551
2025-03-25 11:05:47,717 - tweet_categorizer - INFO - Categorizando tweet 354/1551
2025-03-25 11:05:48,227 - tweet_categorizer - INFO - Categorizando tweet 355/1551
2025-03-25 11:05:48,718 - tweet_categorizer - INFO - Categorizando tweet 356/1551
2025-03-25 11:05:49,200 - tweet_categorizer - INFO - Categorizando tweet 357/1551
2025-03-25 11:05:49,654 - tweet_categorizer - INFO - Categorizando tweet 358/1551
2025-03-25 11:05:50,127 - tweet_categorizer - INFO - Categorizando tweet 359/1551
2025-03-25 11:05:50,582 - tweet_categorizer - INFO - Categorizando tweet 360/1551
2025-03-25 11:05:51,087 - tweet_categorizer - INFO - Categorizando tweet 361/1551
2025-03-25 11:05:51,577 - tweet_categorizer - INFO - Categorizando tweet 362/1551
2025-03-25 11:05:52,038 - tweet_categorizer - INFO - Categorizando tweet 363/1551
2025-03-25 11:05:52,469 - tweet_categorizer - INFO - Categorizando tweet 364/1551
2025-03-25 11:05:52,899 - tweet_categorizer - INFO - Categorizando tweet 365/1551
2025-03-25 11:05:53,356 - tweet_categorizer - INFO - Categorizando tweet 366/1551
2025-03-25 11:05:53,895 - tweet_categorizer - INFO - Categorizando tweet 367/1551
2025-03-25 11:05:54,430 - tweet_categorizer - INFO - Categorizando tweet 368/1551
2025-03-25 11:05:55,002 - tweet_categorizer - INFO - Categorizando tweet 369/1551
2025-03-25 11:05:55,612 - tweet_categorizer - INFO - Categorizando tweet 370/1551
2025-03-25 11:05:56,136 - tweet_categorizer - INFO - Categorizando tweet 371/1551
2025-03-25 11:05:56,640 - tweet_categorizer - INFO - Categorizando tweet 372/1551
2025-03-25 11:05:57,201 - tweet_categorizer - INFO - Categorizando tweet 373/1551
2025-03-25 11:05:57,663 - tweet_categorizer - INFO - Categorizando tweet 374/1551
2025-03-25 11:05:58,250 - tweet_categorizer - INFO - Categorizando tweet 375/1551
2025-03-25 11:05:58,741 - tweet_categorizer - INFO - Categorizando tweet 376/1551
2025-03-25 11:05:59,180 - tweet_categorizer - INFO - Categorizando tweet 377/1551
2025-03-25 11:05:59,600 - tweet_categorizer - INFO - Categorizando tweet 378/1551
2025-03-25 11:06:00,037 - tweet_categorizer - INFO - Categorizando tweet 379/1551
2025-03-25 11:06:00,517 - tweet_categorizer - INFO - Categorizando tweet 380/1551
2025-03-25 11:06:01,091 - tweet_categorizer - INFO - Categorizando tweet 381/1551
2025-03-25 11:06:01,524 - tweet_categorizer - INFO - Categorizando tweet 382/1551
2025-03-25 11:06:01,982 - tweet_categorizer - INFO - Categorizando tweet 383/1551
2025-03-25 11:06:02,518 - tweet_categorizer - INFO - Categorizando tweet 384/1551
2025-03-25 11:06:03,018 - tweet_categorizer - INFO - Categorizando tweet 385/1551
2025-03-25 11:06:03,475 - tweet_categorizer - INFO - Categorizando tweet 386/1551
2025-03-25 11:06:04,010 - tweet_categorizer - INFO - Categorizando tweet 387/1551
2025-03-25 11:06:04,461 - tweet_categorizer - INFO - Categorizando tweet 388/1551
2025-03-25 11:06:04,875 - tweet_categorizer - INFO - Categorizando tweet 389/1551
2025-03-25 11:06:05,381 - tweet_categorizer - INFO - Categorizando tweet 390/1551
2025-03-25 11:06:05,855 - tweet_categorizer - INFO - Categorizando tweet 391/1551
2025-03-25 11:06:06,284 - tweet_categorizer - INFO - Categorizando tweet 392/1551
2025-03-25 11:06:06,785 - tweet_categorizer - INFO - Categorizando tweet 393/1551
2025-03-25 11:06:07,309 - tweet_categorizer - INFO - Categorizando tweet 394/1551
2025-03-25 11:06:07,835 - tweet_categorizer - INFO - Categorizando tweet 395/1551
2025-03-25 11:06:08,275 - tweet_categorizer - INFO - Categorizando tweet 396/1551
2025-03-25 11:06:08,749 - tweet_categorizer - INFO - Categorizando tweet 397/1551
2025-03-25 11:06:09,219 - tweet_categorizer - INFO - Categorizando tweet 398/1551
2025-03-25 11:06:09,700 - tweet_categorizer - INFO - Categorizando tweet 399/1551
2025-03-25 11:06:10,162 - tweet_categorizer - INFO - Categorizando tweet 400/1551
2025-03-25 11:06:10,639 - tweet_categorizer - INFO - Categorizando tweet 401/1551
2025-03-25 11:06:11,118 - tweet_categorizer - INFO - Categorizando tweet 402/1551
2025-03-25 11:06:11,601 - tweet_categorizer - INFO - Categorizando tweet 403/1551
2025-03-25 11:06:12,082 - tweet_categorizer - INFO - Categorizando tweet 404/1551
2025-03-25 11:06:12,576 - tweet_categorizer - INFO - Categorizando tweet 405/1551
2025-03-25 11:06:13,044 - tweet_categorizer - INFO - Categorizando tweet 406/1551
2025-03-25 11:06:13,482 - tweet_categorizer - INFO - Categorizando tweet 407/1551
2025-03-25 11:06:13,933 - tweet_categorizer - INFO - Categorizando tweet 408/1551
2025-03-25 11:06:14,384 - tweet_categorizer - INFO - Categorizando tweet 409/1551
2025-03-25 11:06:14,869 - tweet_categorizer - INFO - Categorizando tweet 410/1551
2025-03-25 11:06:15,360 - tweet_categorizer - INFO - Categorizando tweet 411/1551
2025-03-25 11:06:15,806 - tweet_categorizer - INFO - Categorizando tweet 412/1551
2025-03-25 11:06:16,282 - tweet_categorizer - INFO - Categorizando tweet 413/1551
2025-03-25 11:06:16,869 - tweet_categorizer - INFO - Categorizando tweet 414/1551
2025-03-25 11:06:17,342 - tweet_categorizer - INFO - Categorizando tweet 415/1551
2025-03-25 11:06:17,809 - tweet_categorizer - INFO - Categorizando tweet 416/1551
2025-03-25 11:06:18,238 - tweet_categorizer - INFO - Categorizando tweet 417/1551
2025-03-25 11:06:18,795 - tweet_categorizer - INFO - Categorizando tweet 418/1551
2025-03-25 11:06:19,269 - tweet_categorizer - INFO - Categorizando tweet 419/1551
2025-03-25 11:06:19,782 - tweet_categorizer - INFO - Categorizando tweet 420/1551
2025-03-25 11:06:20,176 - tweet_categorizer - INFO - Categorizando tweet 421/1551
2025-03-25 11:06:20,708 - tweet_categorizer - INFO - Categorizando tweet 422/1551
2025-03-25 11:06:21,131 - tweet_categorizer - INFO - Categorizando tweet 423/1551
2025-03-25 11:06:21,618 - tweet_categorizer - INFO - Categorizando tweet 424/1551
2025-03-25 11:06:22,136 - tweet_categorizer - INFO - Categorizando tweet 425/1551
2025-03-25 11:06:22,614 - tweet_categorizer - INFO - Categorizando tweet 426/1551
2025-03-25 11:06:23,104 - tweet_categorizer - INFO - Categorizando tweet 427/1551
2025-03-25 11:06:23,531 - tweet_categorizer - INFO - Categorizando tweet 428/1551
2025-03-25 11:06:23,988 - tweet_categorizer - INFO - Categorizando tweet 429/1551
2025-03-25 11:06:24,467 - tweet_categorizer - INFO - Categorizando tweet 430/1551
2025-03-25 11:06:24,897 - tweet_categorizer - INFO - Categorizando tweet 431/1551
2025-03-25 11:06:25,404 - tweet_categorizer - INFO - Categorizando tweet 432/1551
2025-03-25 11:06:25,887 - tweet_categorizer - INFO - Categorizando tweet 433/1551
2025-03-25 11:06:26,341 - tweet_categorizer - INFO - Categorizando tweet 434/1551
2025-03-25 11:06:26,779 - tweet_categorizer - INFO - Categorizando tweet 435/1551
2025-03-25 11:06:27,238 - tweet_categorizer - INFO - Categorizando tweet 436/1551
2025-03-25 11:06:27,731 - tweet_categorizer - INFO - Categorizando tweet 437/1551
2025-03-25 11:06:28,196 - tweet_categorizer - INFO - Categorizando tweet 438/1551
2025-03-25 11:06:28,581 - tweet_categorizer - INFO - Categorizando tweet 439/1551
2025-03-25 11:06:29,124 - tweet_categorizer - INFO - Categorizando tweet 440/1551
2025-03-25 11:06:29,668 - tweet_categorizer - INFO - Categorizando tweet 441/1551
2025-03-25 11:06:30,164 - tweet_categorizer - INFO - Categorizando tweet 442/1551
2025-03-25 11:06:30,625 - tweet_categorizer - INFO - Categorizando tweet 443/1551
2025-03-25 11:06:31,120 - tweet_categorizer - INFO - Categorizando tweet 444/1551
2025-03-25 11:06:31,508 - tweet_categorizer - INFO - Categorizando tweet 445/1551
2025-03-25 11:06:31,979 - tweet_categorizer - INFO - Categorizando tweet 446/1551
2025-03-25 11:06:32,408 - tweet_categorizer - INFO - Categorizando tweet 447/1551
2025-03-25 11:06:32,829 - tweet_categorizer - INFO - Categorizando tweet 448/1551
2025-03-25 11:06:33,355 - tweet_categorizer - INFO - Categorizando tweet 449/1551
2025-03-25 11:06:33,803 - tweet_categorizer - INFO - Categorizando tweet 450/1551
2025-03-25 11:06:34,299 - tweet_categorizer - INFO - Categorizando tweet 451/1551
2025-03-25 11:06:34,722 - tweet_categorizer - INFO - Categorizando tweet 452/1551
2025-03-25 11:06:35,273 - tweet_categorizer - INFO - Categorizando tweet 453/1551
2025-03-25 11:06:35,756 - tweet_categorizer - INFO - Categorizando tweet 454/1551
2025-03-25 11:06:36,308 - tweet_categorizer - INFO - Categorizando tweet 455/1551
2025-03-25 11:06:36,797 - tweet_categorizer - INFO - Categorizando tweet 456/1551
2025-03-25 11:06:37,322 - tweet_categorizer - INFO - Categorizando tweet 457/1551
2025-03-25 11:06:37,766 - tweet_categorizer - INFO - Categorizando tweet 458/1551
2025-03-25 11:06:38,204 - tweet_categorizer - INFO - Categorizando tweet 459/1551
2025-03-25 11:06:38,698 - tweet_categorizer - INFO - Categorizando tweet 460/1551
2025-03-25 11:06:39,213 - tweet_categorizer - INFO - Categorizando tweet 461/1551
2025-03-25 11:06:39,736 - tweet_categorizer - INFO - Categorizando tweet 462/1551
2025-03-25 11:06:40,141 - tweet_categorizer - INFO - Categorizando tweet 463/1551
2025-03-25 11:06:40,692 - tweet_categorizer - INFO - Categorizando tweet 464/1551
2025-03-25 11:06:41,162 - tweet_categorizer - INFO - Categorizando tweet 465/1551
2025-03-25 11:06:41,661 - tweet_categorizer - INFO - Categorizando tweet 466/1551
2025-03-25 11:06:42,205 - tweet_categorizer - INFO - Categorizando tweet 467/1551
2025-03-25 11:06:42,656 - tweet_categorizer - INFO - Categorizando tweet 468/1551
2025-03-25 11:06:43,132 - tweet_categorizer - INFO - Categorizando tweet 469/1551
2025-03-25 11:06:43,660 - tweet_categorizer - INFO - Categorizando tweet 470/1551
2025-03-25 11:06:44,161 - tweet_categorizer - INFO - Categorizando tweet 471/1551
2025-03-25 11:06:44,682 - tweet_categorizer - INFO - Categorizando tweet 472/1551
2025-03-25 11:06:45,119 - tweet_categorizer - INFO - Categorizando tweet 473/1551
2025-03-25 11:06:45,706 - tweet_categorizer - INFO - Categorizando tweet 474/1551
2025-03-25 11:06:46,213 - tweet_categorizer - INFO - Categorizando tweet 475/1551
2025-03-25 11:06:46,706 - tweet_categorizer - INFO - Categorizando tweet 476/1551
2025-03-25 11:06:47,133 - tweet_categorizer - INFO - Categorizando tweet 477/1551
2025-03-25 11:06:47,616 - tweet_categorizer - INFO - Categorizando tweet 478/1551
2025-03-25 11:06:48,070 - tweet_categorizer - INFO - Categorizando tweet 479/1551
2025-03-25 11:06:48,597 - tweet_categorizer - INFO - Categorizando tweet 480/1551
2025-03-25 11:06:49,094 - tweet_categorizer - INFO - Categorizando tweet 481/1551
2025-03-25 11:06:49,557 - tweet_categorizer - INFO - Categorizando tweet 482/1551
2025-03-25 11:06:50,177 - tweet_categorizer - INFO - Categorizando tweet 483/1551
2025-03-25 11:06:50,690 - tweet_categorizer - INFO - Categorizando tweet 484/1551
2025-03-25 11:06:51,278 - tweet_categorizer - INFO - Categorizando tweet 485/1551
2025-03-25 11:06:51,758 - tweet_categorizer - INFO - Categorizando tweet 486/1551
2025-03-25 11:06:52,186 - tweet_categorizer - INFO - Categorizando tweet 487/1551
2025-03-25 11:06:52,647 - tweet_categorizer - INFO - Categorizando tweet 488/1551
2025-03-25 11:06:53,118 - tweet_categorizer - INFO - Categorizando tweet 489/1551
2025-03-25 11:06:53,620 - tweet_categorizer - INFO - Categorizando tweet 490/1551
2025-03-25 11:06:54,048 - tweet_categorizer - INFO - Categorizando tweet 491/1551
2025-03-25 11:06:54,510 - tweet_categorizer - INFO - Categorizando tweet 492/1551
2025-03-25 11:06:55,024 - tweet_categorizer - INFO - Categorizando tweet 493/1551
2025-03-25 11:06:55,537 - tweet_categorizer - INFO - Categorizando tweet 494/1551
2025-03-25 11:06:56,009 - tweet_categorizer - INFO - Categorizando tweet 495/1551
2025-03-25 11:06:56,490 - tweet_categorizer - INFO - Categorizando tweet 496/1551
2025-03-25 11:06:56,960 - tweet_categorizer - INFO - Categorizando tweet 497/1551
2025-03-25 11:06:57,412 - tweet_categorizer - INFO - Categorizando tweet 498/1551
2025-03-25 11:06:57,804 - tweet_categorizer - INFO - Categorizando tweet 499/1551
2025-03-25 11:06:58,224 - tweet_categorizer - INFO - Categorizando tweet 500/1551
2025-03-25 11:06:58,702 - tweet_categorizer - INFO - Categorizando tweet 501/1551
2025-03-25 11:06:59,206 - tweet_categorizer - INFO - Categorizando tweet 502/1551
2025-03-25 11:06:59,680 - tweet_categorizer - INFO - Categorizando tweet 503/1551
2025-03-25 11:07:00,122 - tweet_categorizer - INFO - Categorizando tweet 504/1551
2025-03-25 11:07:00,554 - tweet_categorizer - INFO - Categorizando tweet 505/1551
2025-03-25 11:07:01,036 - tweet_categorizer - INFO - Categorizando tweet 506/1551
2025-03-25 11:07:01,467 - tweet_categorizer - INFO - Categorizando tweet 507/1551
2025-03-25 11:07:01,965 - tweet_categorizer - INFO - Categorizando tweet 508/1551
2025-03-25 11:07:02,489 - tweet_categorizer - INFO - Categorizando tweet 509/1551
2025-03-25 11:07:02,947 - tweet_categorizer - INFO - Categorizando tweet 510/1551
2025-03-25 11:07:03,471 - tweet_categorizer - INFO - Categorizando tweet 511/1551
2025-03-25 11:07:03,940 - tweet_categorizer - INFO - Categorizando tweet 512/1551
2025-03-25 11:07:04,400 - tweet_categorizer - INFO - Categorizando tweet 513/1551
2025-03-25 11:07:04,890 - tweet_categorizer - INFO - Categorizando tweet 514/1551
2025-03-25 11:07:05,353 - tweet_categorizer - INFO - Categorizando tweet 515/1551
2025-03-25 11:07:05,814 - tweet_categorizer - INFO - Categorizando tweet 516/1551
2025-03-25 11:07:06,279 - tweet_categorizer - INFO - Categorizando tweet 517/1551
2025-03-25 11:07:06,741 - tweet_categorizer - INFO - Categorizando tweet 518/1551
2025-03-25 11:07:07,218 - tweet_categorizer - INFO - Categorizando tweet 519/1551
2025-03-25 11:07:07,636 - tweet_categorizer - INFO - Categorizando tweet 520/1551
2025-03-25 11:07:08,169 - tweet_categorizer - INFO - Categorizando tweet 521/1551
2025-03-25 11:07:08,656 - tweet_categorizer - INFO - Categorizando tweet 522/1551
2025-03-25 11:07:09,116 - tweet_categorizer - INFO - Categorizando tweet 523/1551
2025-03-25 11:07:09,602 - tweet_categorizer - INFO - Categorizando tweet 524/1551
2025-03-25 11:07:10,179 - tweet_categorizer - INFO - Categorizando tweet 525/1551
2025-03-25 11:07:10,648 - tweet_categorizer - INFO - Categorizando tweet 526/1551
2025-03-25 11:07:11,059 - tweet_categorizer - INFO - Categorizando tweet 527/1551
2025-03-25 11:07:11,521 - tweet_categorizer - INFO - Categorizando tweet 528/1551
2025-03-25 11:07:11,982 - tweet_categorizer - INFO - Categorizando tweet 529/1551
2025-03-25 11:07:12,460 - tweet_categorizer - INFO - Categorizando tweet 530/1551
2025-03-25 11:07:12,970 - tweet_categorizer - INFO - Categorizando tweet 531/1551
2025-03-25 11:07:13,394 - tweet_categorizer - INFO - Categorizando tweet 532/1551
2025-03-25 11:07:13,833 - tweet_categorizer - INFO - Categorizando tweet 533/1551
2025-03-25 11:07:14,442 - tweet_categorizer - INFO - Categorizando tweet 534/1551
2025-03-25 11:07:14,918 - tweet_categorizer - INFO - Categorizando tweet 535/1551
2025-03-25 11:07:15,390 - tweet_categorizer - INFO - Categorizando tweet 536/1551
2025-03-25 11:07:15,804 - tweet_categorizer - INFO - Categorizando tweet 537/1551
2025-03-25 11:07:16,209 - tweet_categorizer - INFO - Categorizando tweet 538/1551
2025-03-25 11:07:16,763 - tweet_categorizer - INFO - Categorizando tweet 539/1551
2025-03-25 11:07:17,234 - tweet_categorizer - INFO - Categorizando tweet 540/1551
2025-03-25 11:07:17,752 - tweet_categorizer - INFO - Categorizando tweet 541/1551
2025-03-25 11:07:18,174 - tweet_categorizer - INFO - Categorizando tweet 542/1551
2025-03-25 11:07:18,607 - tweet_categorizer - INFO - Categorizando tweet 543/1551
2025-03-25 11:07:18,959 - tweet_categorizer - INFO - Categorizando tweet 544/1551
2025-03-25 11:07:19,513 - tweet_categorizer - INFO - Categorizando tweet 545/1551
2025-03-25 11:07:19,990 - tweet_categorizer - INFO - Categorizando tweet 546/1551
2025-03-25 11:07:20,453 - tweet_categorizer - INFO - Categorizando tweet 547/1551
2025-03-25 11:07:20,966 - tweet_categorizer - INFO - Categorizando tweet 548/1551
2025-03-25 11:07:21,623 - tweet_categorizer - INFO - Categorizando tweet 549/1551
2025-03-25 11:07:22,163 - tweet_categorizer - INFO - Categorizando tweet 550/1551
2025-03-25 11:07:22,655 - tweet_categorizer - INFO - Categorizando tweet 551/1551
2025-03-25 11:07:23,113 - tweet_categorizer - INFO - Categorizando tweet 552/1551
2025-03-25 11:07:23,691 - tweet_categorizer - INFO - Categorizando tweet 553/1551
2025-03-25 11:07:24,206 - tweet_categorizer - INFO - Categorizando tweet 554/1551
2025-03-25 11:07:24,747 - tweet_categorizer - INFO - Categorizando tweet 555/1551
2025-03-25 11:07:25,194 - tweet_categorizer - INFO - Categorizando tweet 556/1551
2025-03-25 11:07:25,620 - tweet_categorizer - INFO - Categorizando tweet 557/1551
2025-03-25 11:07:26,191 - tweet_categorizer - INFO - Categorizando tweet 558/1551
2025-03-25 11:07:26,690 - tweet_categorizer - INFO - Categorizando tweet 559/1551
2025-03-25 11:07:27,155 - tweet_categorizer - INFO - Categorizando tweet 560/1551
2025-03-25 11:07:27,539 - tweet_categorizer - INFO - Categorizando tweet 561/1551
2025-03-25 11:07:27,993 - tweet_categorizer - INFO - Categorizando tweet 562/1551
2025-03-25 11:07:28,489 - tweet_categorizer - INFO - Categorizando tweet 563/1551
2025-03-25 11:07:28,934 - tweet_categorizer - INFO - Categorizando tweet 564/1551
2025-03-25 11:07:29,362 - tweet_categorizer - INFO - Categorizando tweet 565/1551
2025-03-25 11:07:29,834 - tweet_categorizer - INFO - Categorizando tweet 566/1551
2025-03-25 11:07:30,307 - tweet_categorizer - INFO - Categorizando tweet 567/1551
2025-03-25 11:07:30,842 - tweet_categorizer - INFO - Categorizando tweet 568/1551
2025-03-25 11:07:31,371 - tweet_categorizer - INFO - Categorizando tweet 569/1551
2025-03-25 11:07:31,944 - tweet_categorizer - INFO - Categorizando tweet 570/1551
2025-03-25 11:07:32,453 - tweet_categorizer - INFO - Categorizando tweet 571/1551
2025-03-25 11:07:32,930 - tweet_categorizer - INFO - Categorizando tweet 572/1551
2025-03-25 11:07:33,343 - tweet_categorizer - INFO - Categorizando tweet 573/1551
2025-03-25 11:07:33,851 - tweet_categorizer - INFO - Categorizando tweet 574/1551
2025-03-25 11:07:34,288 - tweet_categorizer - INFO - Categorizando tweet 575/1551
2025-03-25 11:07:34,750 - tweet_categorizer - INFO - Categorizando tweet 576/1551
2025-03-25 11:07:35,377 - tweet_categorizer - INFO - Categorizando tweet 577/1551
2025-03-25 11:07:35,938 - tweet_categorizer - INFO - Categorizando tweet 578/1551
2025-03-25 11:07:36,533 - tweet_categorizer - INFO - Categorizando tweet 579/1551
2025-03-25 11:07:36,995 - tweet_categorizer - INFO - Categorizando tweet 580/1551
2025-03-25 11:07:37,486 - tweet_categorizer - INFO - Categorizando tweet 581/1551
2025-03-25 11:07:37,995 - tweet_categorizer - INFO - Categorizando tweet 582/1551
2025-03-25 11:07:38,454 - tweet_categorizer - INFO - Categorizando tweet 583/1551
2025-03-25 11:07:38,946 - tweet_categorizer - INFO - Categorizando tweet 584/1551
2025-03-25 11:07:39,454 - tweet_categorizer - INFO - Categorizando tweet 585/1551
2025-03-25 11:07:39,914 - tweet_categorizer - INFO - Categorizando tweet 586/1551
2025-03-25 11:07:40,321 - tweet_categorizer - INFO - Categorizando tweet 587/1551
2025-03-25 11:07:40,782 - tweet_categorizer - INFO - Categorizando tweet 588/1551
2025-03-25 11:07:41,222 - tweet_categorizer - INFO - Categorizando tweet 589/1551
2025-03-25 11:07:41,665 - tweet_categorizer - INFO - Categorizando tweet 590/1551
2025-03-25 11:07:42,144 - tweet_categorizer - INFO - Categorizando tweet 591/1551
2025-03-25 11:07:42,675 - tweet_categorizer - INFO - Categorizando tweet 592/1551
2025-03-25 11:07:43,021 - tweet_categorizer - INFO - Categorizando tweet 593/1551
2025-03-25 11:07:43,508 - tweet_categorizer - INFO - Categorizando tweet 594/1551
2025-03-25 11:07:44,008 - tweet_categorizer - INFO - Categorizando tweet 595/1551
2025-03-25 11:07:44,449 - tweet_categorizer - INFO - Categorizando tweet 596/1551
2025-03-25 11:07:44,906 - tweet_categorizer - INFO - Categorizando tweet 597/1551
2025-03-25 11:07:45,391 - tweet_categorizer - INFO - Categorizando tweet 598/1551
2025-03-25 11:07:45,898 - tweet_categorizer - INFO - Categorizando tweet 599/1551
2025-03-25 11:07:46,482 - tweet_categorizer - INFO - Categorizando tweet 600/1551
2025-03-25 11:07:46,968 - tweet_categorizer - INFO - Categorizando tweet 601/1551
2025-03-25 11:07:47,454 - tweet_categorizer - INFO - Categorizando tweet 602/1551
2025-03-25 11:07:47,858 - tweet_categorizer - INFO - Categorizando tweet 603/1551
2025-03-25 11:07:48,329 - tweet_categorizer - INFO - Categorizando tweet 604/1551
2025-03-25 11:07:48,797 - tweet_categorizer - INFO - Categorizando tweet 605/1551
2025-03-25 11:07:49,255 - tweet_categorizer - INFO - Categorizando tweet 606/1551
2025-03-25 11:07:49,689 - tweet_categorizer - INFO - Categorizando tweet 607/1551
2025-03-25 11:07:50,204 - tweet_categorizer - INFO - Categorizando tweet 608/1551
2025-03-25 11:07:50,629 - tweet_categorizer - INFO - Categorizando tweet 609/1551
2025-03-25 11:07:51,032 - tweet_categorizer - INFO - Categorizando tweet 610/1551
2025-03-25 11:07:51,531 - tweet_categorizer - INFO - Categorizando tweet 611/1551
2025-03-25 11:07:52,158 - tweet_categorizer - INFO - Categorizando tweet 612/1551
2025-03-25 11:07:52,718 - tweet_categorizer - INFO - Categorizando tweet 613/1551
2025-03-25 11:07:53,224 - tweet_categorizer - INFO - Categorizando tweet 614/1551
2025-03-25 11:07:53,807 - tweet_categorizer - INFO - Categorizando tweet 615/1551
2025-03-25 11:07:54,242 - tweet_categorizer - INFO - Categorizando tweet 616/1551
2025-03-25 11:07:54,735 - tweet_categorizer - INFO - Categorizando tweet 617/1551
2025-03-25 11:07:55,103 - tweet_categorizer - INFO - Categorizando tweet 618/1551
2025-03-25 11:07:55,625 - tweet_categorizer - INFO - Categorizando tweet 619/1551
2025-03-25 11:07:56,616 - tweet_categorizer - INFO - Categorizando tweet 620/1551
2025-03-25 11:07:57,237 - tweet_categorizer - INFO - Categorizando tweet 621/1551
2025-03-25 11:07:57,702 - tweet_categorizer - INFO - Categorizando tweet 622/1551
2025-03-25 11:07:58,194 - tweet_categorizer - INFO - Categorizando tweet 623/1551
2025-03-25 11:07:58,661 - tweet_categorizer - INFO - Categorizando tweet 624/1551
2025-03-25 11:07:59,240 - tweet_categorizer - INFO - Categorizando tweet 625/1551
2025-03-25 11:07:59,742 - tweet_categorizer - INFO - Categorizando tweet 626/1551
2025-03-25 11:08:00,265 - tweet_categorizer - INFO - Categorizando tweet 627/1551
2025-03-25 11:08:00,766 - tweet_categorizer - INFO - Categorizando tweet 628/1551
2025-03-25 11:08:01,241 - tweet_categorizer - INFO - Categorizando tweet 629/1551
2025-03-25 11:08:01,701 - tweet_categorizer - INFO - Categorizando tweet 630/1551
2025-03-25 11:08:02,157 - tweet_categorizer - INFO - Categorizando tweet 631/1551
2025-03-25 11:08:02,647 - tweet_categorizer - INFO - Categorizando tweet 632/1551
2025-03-25 11:08:03,147 - tweet_categorizer - INFO - Categorizando tweet 633/1551
2025-03-25 11:08:03,601 - tweet_categorizer - INFO - Categorizando tweet 634/1551
2025-03-25 11:08:04,034 - tweet_categorizer - INFO - Categorizando tweet 635/1551
2025-03-25 11:08:04,478 - tweet_categorizer - INFO - Categorizando tweet 636/1551
2025-03-25 11:08:04,989 - tweet_categorizer - INFO - Categorizando tweet 637/1551
2025-03-25 11:08:05,578 - tweet_categorizer - INFO - Categorizando tweet 638/1551
2025-03-25 11:08:06,068 - tweet_categorizer - INFO - Categorizando tweet 639/1551
2025-03-25 11:08:06,512 - tweet_categorizer - INFO - Categorizando tweet 640/1551
2025-03-25 11:08:07,003 - tweet_categorizer - INFO - Categorizando tweet 641/1551
2025-03-25 11:08:07,534 - tweet_categorizer - INFO - Categorizando tweet 642/1551
2025-03-25 11:08:08,052 - tweet_categorizer - INFO - Categorizando tweet 643/1551
2025-03-25 11:08:08,560 - tweet_categorizer - INFO - Categorizando tweet 644/1551
2025-03-25 11:08:09,021 - tweet_categorizer - INFO - Categorizando tweet 645/1551
2025-03-25 11:08:09,463 - tweet_categorizer - INFO - Categorizando tweet 646/1551
2025-03-25 11:08:09,907 - tweet_categorizer - INFO - Categorizando tweet 647/1551
2025-03-25 11:08:10,411 - tweet_categorizer - INFO - Categorizando tweet 648/1551
2025-03-25 11:08:10,882 - tweet_categorizer - INFO - Categorizando tweet 649/1551
2025-03-25 11:08:11,376 - tweet_categorizer - INFO - Categorizando tweet 650/1551
2025-03-25 11:08:11,862 - tweet_categorizer - INFO - Categorizando tweet 651/1551
2025-03-25 11:08:12,270 - tweet_categorizer - INFO - Categorizando tweet 652/1551
2025-03-25 11:08:12,743 - tweet_categorizer - INFO - Categorizando tweet 653/1551
2025-03-25 11:08:13,156 - tweet_categorizer - INFO - Categorizando tweet 654/1551
2025-03-25 11:08:13,585 - tweet_categorizer - INFO - Categorizando tweet 655/1551
2025-03-25 11:08:14,031 - tweet_categorizer - INFO - Categorizando tweet 656/1551
2025-03-25 11:08:14,385 - tweet_categorizer - INFO - Categorizando tweet 657/1551
2025-03-25 11:08:14,871 - tweet_categorizer - INFO - Categorizando tweet 658/1551
2025-03-25 11:08:15,431 - tweet_categorizer - INFO - Categorizando tweet 659/1551
2025-03-25 11:08:15,861 - tweet_categorizer - INFO - Categorizando tweet 660/1551
2025-03-25 11:08:16,301 - tweet_categorizer - INFO - Categorizando tweet 661/1551
2025-03-25 11:08:16,886 - tweet_categorizer - INFO - Categorizando tweet 662/1551
2025-03-25 11:08:17,331 - tweet_categorizer - INFO - Categorizando tweet 663/1551
2025-03-25 11:08:17,843 - tweet_categorizer - INFO - Categorizando tweet 664/1551
2025-03-25 11:08:18,252 - tweet_categorizer - INFO - Categorizando tweet 665/1551
2025-03-25 11:08:18,715 - tweet_categorizer - INFO - Categorizando tweet 666/1551
2025-03-25 11:08:19,199 - tweet_categorizer - INFO - Categorizando tweet 667/1551
2025-03-25 11:08:19,648 - tweet_categorizer - INFO - Categorizando tweet 668/1551
2025-03-25 11:08:20,092 - tweet_categorizer - INFO - Categorizando tweet 669/1551
2025-03-25 11:08:20,547 - tweet_categorizer - INFO - Categorizando tweet 670/1551
2025-03-25 11:08:21,062 - tweet_categorizer - INFO - Categorizando tweet 671/1551
2025-03-25 11:08:21,506 - tweet_categorizer - INFO - Categorizando tweet 672/1551
2025-03-25 11:08:21,987 - tweet_categorizer - INFO - Categorizando tweet 673/1551
2025-03-25 11:08:22,403 - tweet_categorizer - INFO - Categorizando tweet 674/1551
2025-03-25 11:08:22,904 - tweet_categorizer - INFO - Categorizando tweet 675/1551
2025-03-25 11:08:23,411 - tweet_categorizer - INFO - Categorizando tweet 676/1551
2025-03-25 11:08:24,012 - tweet_categorizer - INFO - Categorizando tweet 677/1551
2025-03-25 11:08:24,477 - tweet_categorizer - INFO - Categorizando tweet 678/1551
2025-03-25 11:08:24,950 - tweet_categorizer - INFO - Categorizando tweet 679/1551
2025-03-25 11:08:25,442 - tweet_categorizer - INFO - Categorizando tweet 680/1551
2025-03-25 11:08:25,911 - tweet_categorizer - INFO - Categorizando tweet 681/1551
2025-03-25 11:08:26,419 - tweet_categorizer - INFO - Categorizando tweet 682/1551
2025-03-25 11:08:26,897 - tweet_categorizer - INFO - Categorizando tweet 683/1551
2025-03-25 11:08:27,365 - tweet_categorizer - INFO - Categorizando tweet 684/1551
2025-03-25 11:08:27,847 - tweet_categorizer - INFO - Categorizando tweet 685/1551
2025-03-25 11:08:28,427 - tweet_categorizer - INFO - Categorizando tweet 686/1551
2025-03-25 11:08:28,915 - tweet_categorizer - INFO - Categorizando tweet 687/1551
2025-03-25 11:08:29,394 - tweet_categorizer - INFO - Categorizando tweet 688/1551
2025-03-25 11:08:29,917 - tweet_categorizer - INFO - Categorizando tweet 689/1551
2025-03-25 11:08:30,370 - tweet_categorizer - INFO - Categorizando tweet 690/1551
2025-03-25 11:08:30,844 - tweet_categorizer - INFO - Categorizando tweet 691/1551
2025-03-25 11:08:31,766 - tweet_categorizer - INFO - Categorizando tweet 692/1551
2025-03-25 11:08:32,329 - tweet_categorizer - INFO - Categorizando tweet 693/1551
2025-03-25 11:08:32,737 - tweet_categorizer - INFO - Categorizando tweet 694/1551
2025-03-25 11:08:33,230 - tweet_categorizer - INFO - Categorizando tweet 695/1551
2025-03-25 11:08:33,701 - tweet_categorizer - INFO - Categorizando tweet 696/1551
2025-03-25 11:08:34,165 - tweet_categorizer - INFO - Categorizando tweet 697/1551
2025-03-25 11:08:34,659 - tweet_categorizer - INFO - Categorizando tweet 698/1551
2025-03-25 11:08:35,048 - tweet_categorizer - INFO - Categorizando tweet 699/1551
2025-03-25 11:08:35,454 - tweet_categorizer - INFO - Categorizando tweet 700/1551
2025-03-25 11:08:35,952 - tweet_categorizer - INFO - Categorizando tweet 701/1551
2025-03-25 11:08:36,531 - tweet_categorizer - INFO - Categorizando tweet 702/1551
2025-03-25 11:08:37,005 - tweet_categorizer - INFO - Categorizando tweet 703/1551
2025-03-25 11:08:37,557 - tweet_categorizer - INFO - Categorizando tweet 704/1551
2025-03-25 11:08:38,057 - tweet_categorizer - INFO - Categorizando tweet 705/1551
2025-03-25 11:08:38,556 - tweet_categorizer - INFO - Categorizando tweet 706/1551
2025-03-25 11:08:39,074 - tweet_categorizer - INFO - Categorizando tweet 707/1551
2025-03-25 11:08:39,564 - tweet_categorizer - INFO - Categorizando tweet 708/1551
2025-03-25 11:08:39,994 - tweet_categorizer - INFO - Categorizando tweet 709/1551
2025-03-25 11:08:40,530 - tweet_categorizer - INFO - Categorizando tweet 710/1551
2025-03-25 11:08:41,135 - tweet_categorizer - INFO - Categorizando tweet 711/1551
2025-03-25 11:08:41,635 - tweet_categorizer - INFO - Categorizando tweet 712/1551
2025-03-25 11:08:42,126 - tweet_categorizer - INFO - Categorizando tweet 713/1551
2025-03-25 11:08:42,543 - tweet_categorizer - INFO - Categorizando tweet 714/1551
2025-03-25 11:08:43,356 - tweet_categorizer - INFO - Categorizando tweet 715/1551
2025-03-25 11:08:43,971 - tweet_categorizer - INFO - Categorizando tweet 716/1551
2025-03-25 11:08:44,449 - tweet_categorizer - INFO - Categorizando tweet 717/1551
2025-03-25 11:08:44,952 - tweet_categorizer - INFO - Categorizando tweet 718/1551
2025-03-25 11:08:45,350 - tweet_categorizer - INFO - Categorizando tweet 719/1551
2025-03-25 11:08:45,842 - tweet_categorizer - INFO - Categorizando tweet 720/1551
2025-03-25 11:08:46,410 - tweet_categorizer - INFO - Categorizando tweet 721/1551
2025-03-25 11:08:46,913 - tweet_categorizer - INFO - Categorizando tweet 722/1551
2025-03-25 11:08:47,399 - tweet_categorizer - INFO - Categorizando tweet 723/1551
2025-03-25 11:08:47,887 - tweet_categorizer - INFO - Categorizando tweet 724/1551
2025-03-25 11:08:48,407 - tweet_categorizer - INFO - Categorizando tweet 725/1551
2025-03-25 11:08:48,934 - tweet_categorizer - INFO - Categorizando tweet 726/1551
2025-03-25 11:08:49,399 - tweet_categorizer - INFO - Categorizando tweet 727/1551
2025-03-25 11:08:49,917 - tweet_categorizer - INFO - Categorizando tweet 728/1551
2025-03-25 11:08:50,393 - tweet_categorizer - INFO - Categorizando tweet 729/1551
2025-03-25 11:08:50,852 - tweet_categorizer - INFO - Categorizando tweet 730/1551
2025-03-25 11:08:51,225 - tweet_categorizer - INFO - Categorizando tweet 731/1551
2025-03-25 11:08:51,657 - tweet_categorizer - INFO - Categorizando tweet 732/1551
2025-03-25 11:08:52,118 - tweet_categorizer - INFO - Categorizando tweet 733/1551
2025-03-25 11:08:52,616 - tweet_categorizer - INFO - Categorizando tweet 734/1551
2025-03-25 11:08:53,019 - tweet_categorizer - INFO - Categorizando tweet 735/1551
2025-03-25 11:08:53,513 - tweet_categorizer - INFO - Categorizando tweet 736/1551
2025-03-25 11:08:54,067 - tweet_categorizer - INFO - Categorizando tweet 737/1551
2025-03-25 11:08:54,545 - tweet_categorizer - INFO - Categorizando tweet 738/1551
2025-03-25 11:08:55,012 - tweet_categorizer - INFO - Categorizando tweet 739/1551
2025-03-25 11:08:55,451 - tweet_categorizer - INFO - Categorizando tweet 740/1551
2025-03-25 11:08:55,915 - tweet_categorizer - INFO - Categorizando tweet 741/1551
2025-03-25 11:08:56,377 - tweet_categorizer - INFO - Categorizando tweet 742/1551
2025-03-25 11:08:56,797 - tweet_categorizer - INFO - Categorizando tweet 743/1551
2025-03-25 11:08:57,277 - tweet_categorizer - INFO - Categorizando tweet 744/1551
2025-03-25 11:08:57,736 - tweet_categorizer - INFO - Categorizando tweet 745/1551
2025-03-25 11:08:58,215 - tweet_categorizer - INFO - Categorizando tweet 746/1551
2025-03-25 11:08:58,626 - tweet_categorizer - INFO - Categorizando tweet 747/1551
2025-03-25 11:08:59,116 - tweet_categorizer - INFO - Categorizando tweet 748/1551
2025-03-25 11:08:59,635 - tweet_categorizer - INFO - Categorizando tweet 749/1551
2025-03-25 11:09:00,090 - tweet_categorizer - INFO - Categorizando tweet 750/1551
2025-03-25 11:09:00,558 - tweet_categorizer - INFO - Categorizando tweet 751/1551
2025-03-25 11:09:00,963 - tweet_categorizer - INFO - Categorizando tweet 752/1551
2025-03-25 11:09:01,501 - tweet_categorizer - INFO - Categorizando tweet 753/1551
2025-03-25 11:09:01,980 - tweet_categorizer - INFO - Categorizando tweet 754/1551
2025-03-25 11:09:02,545 - tweet_categorizer - INFO - Categorizando tweet 755/1551
2025-03-25 11:09:03,038 - tweet_categorizer - INFO - Categorizando tweet 756/1551
2025-03-25 11:09:03,536 - tweet_categorizer - INFO - Categorizando tweet 757/1551
2025-03-25 11:09:04,016 - tweet_categorizer - INFO - Categorizando tweet 758/1551
2025-03-25 11:09:04,536 - tweet_categorizer - INFO - Categorizando tweet 759/1551
2025-03-25 11:09:04,962 - tweet_categorizer - INFO - Categorizando tweet 760/1551
2025-03-25 11:09:05,414 - tweet_categorizer - INFO - Categorizando tweet 761/1551
2025-03-25 11:09:05,861 - tweet_categorizer - INFO - Categorizando tweet 762/1551
2025-03-25 11:09:06,287 - tweet_categorizer - INFO - Categorizando tweet 763/1551
2025-03-25 11:09:06,800 - tweet_categorizer - INFO - Categorizando tweet 764/1551
2025-03-25 11:09:07,250 - tweet_categorizer - INFO - Categorizando tweet 765/1551
2025-03-25 11:09:07,646 - tweet_categorizer - INFO - Categorizando tweet 766/1551
2025-03-25 11:09:08,090 - tweet_categorizer - INFO - Categorizando tweet 767/1551
2025-03-25 11:09:08,542 - tweet_categorizer - INFO - Categorizando tweet 768/1551
2025-03-25 11:09:09,037 - tweet_categorizer - INFO - Categorizando tweet 769/1551
2025-03-25 11:09:09,501 - tweet_categorizer - INFO - Categorizando tweet 770/1551
2025-03-25 11:09:09,959 - tweet_categorizer - INFO - Categorizando tweet 771/1551
2025-03-25 11:09:10,440 - tweet_categorizer - INFO - Categorizando tweet 772/1551
2025-03-25 11:09:10,928 - tweet_categorizer - INFO - Categorizando tweet 773/1551
2025-03-25 11:09:11,374 - tweet_categorizer - INFO - Categorizando tweet 774/1551
2025-03-25 11:09:11,867 - tweet_categorizer - INFO - Categorizando tweet 775/1551
2025-03-25 11:09:12,305 - tweet_categorizer - INFO - Categorizando tweet 776/1551
2025-03-25 11:09:12,747 - tweet_categorizer - INFO - Categorizando tweet 777/1551
2025-03-25 11:09:13,231 - tweet_categorizer - INFO - Categorizando tweet 778/1551
2025-03-25 11:09:13,669 - tweet_categorizer - INFO - Categorizando tweet 779/1551
2025-03-25 11:09:14,198 - tweet_categorizer - INFO - Categorizando tweet 780/1551
2025-03-25 11:09:14,700 - tweet_categorizer - INFO - Categorizando tweet 781/1551
2025-03-25 11:09:15,196 - tweet_categorizer - INFO - Categorizando tweet 782/1551
2025-03-25 11:09:15,654 - tweet_categorizer - INFO - Categorizando tweet 783/1551
2025-03-25 11:09:16,114 - tweet_categorizer - INFO - Categorizando tweet 784/1551
2025-03-25 11:09:16,619 - tweet_categorizer - INFO - Categorizando tweet 785/1551
2025-03-25 11:09:17,051 - tweet_categorizer - INFO - Categorizando tweet 786/1551
2025-03-25 11:09:17,554 - tweet_categorizer - INFO - Categorizando tweet 787/1551
2025-03-25 11:09:18,078 - tweet_categorizer - INFO - Categorizando tweet 788/1551
2025-03-25 11:09:18,580 - tweet_categorizer - INFO - Categorizando tweet 789/1551
2025-03-25 11:09:19,185 - tweet_categorizer - INFO - Categorizando tweet 790/1551
2025-03-25 11:09:19,697 - tweet_categorizer - INFO - Categorizando tweet 791/1551
2025-03-25 11:09:20,162 - tweet_categorizer - INFO - Categorizando tweet 792/1551
2025-03-25 11:09:20,670 - tweet_categorizer - INFO - Categorizando tweet 793/1551
2025-03-25 11:09:21,176 - tweet_categorizer - INFO - Categorizando tweet 794/1551
2025-03-25 11:09:21,619 - tweet_categorizer - INFO - Categorizando tweet 795/1551
2025-03-25 11:09:22,252 - tweet_categorizer - INFO - Categorizando tweet 796/1551
2025-03-25 11:09:22,806 - tweet_categorizer - INFO - Categorizando tweet 797/1551
2025-03-25 11:09:23,368 - tweet_categorizer - INFO - Categorizando tweet 798/1551
2025-03-25 11:09:23,879 - tweet_categorizer - INFO - Categorizando tweet 799/1551
2025-03-25 11:09:24,326 - tweet_categorizer - INFO - Categorizando tweet 800/1551
2025-03-25 11:09:24,819 - tweet_categorizer - INFO - Categorizando tweet 801/1551
2025-03-25 11:09:25,272 - tweet_categorizer - INFO - Categorizando tweet 802/1551
2025-03-25 11:09:25,753 - tweet_categorizer - INFO - Categorizando tweet 803/1551
2025-03-25 11:09:26,223 - tweet_categorizer - INFO - Categorizando tweet 804/1551
2025-03-25 11:09:26,717 - tweet_categorizer - INFO - Categorizando tweet 805/1551
2025-03-25 11:09:27,212 - tweet_categorizer - INFO - Categorizando tweet 806/1551
2025-03-25 11:09:27,682 - tweet_categorizer - INFO - Categorizando tweet 807/1551
2025-03-25 11:09:28,098 - tweet_categorizer - INFO - Categorizando tweet 808/1551
2025-03-25 11:09:28,522 - tweet_categorizer - INFO - Categorizando tweet 809/1551
2025-03-25 11:09:28,925 - tweet_categorizer - INFO - Categorizando tweet 810/1551
2025-03-25 11:09:29,359 - tweet_categorizer - INFO - Categorizando tweet 811/1551
2025-03-25 11:09:29,797 - tweet_categorizer - INFO - Categorizando tweet 812/1551
2025-03-25 11:09:30,307 - tweet_categorizer - INFO - Categorizando tweet 813/1551
2025-03-25 11:09:30,695 - tweet_categorizer - INFO - Categorizando tweet 814/1551
2025-03-25 11:09:31,126 - tweet_categorizer - INFO - Categorizando tweet 815/1551
2025-03-25 11:09:31,597 - tweet_categorizer - INFO - Categorizando tweet 816/1551
2025-03-25 11:09:31,954 - tweet_categorizer - INFO - Categorizando tweet 817/1551
2025-03-25 11:09:32,408 - tweet_categorizer - INFO - Categorizando tweet 818/1551
2025-03-25 11:09:32,935 - tweet_categorizer - INFO - Categorizando tweet 819/1551
2025-03-25 11:09:33,411 - tweet_categorizer - INFO - Categorizando tweet 820/1551
2025-03-25 11:09:33,806 - tweet_categorizer - INFO - Categorizando tweet 821/1551
2025-03-25 11:09:34,262 - tweet_categorizer - INFO - Categorizando tweet 822/1551
2025-03-25 11:09:34,733 - tweet_categorizer - INFO - Categorizando tweet 823/1551
2025-03-25 11:09:35,256 - tweet_categorizer - INFO - Categorizando tweet 824/1551
2025-03-25 11:09:35,852 - tweet_categorizer - INFO - Categorizando tweet 825/1551
2025-03-25 11:09:36,364 - tweet_categorizer - INFO - Categorizando tweet 826/1551
2025-03-25 11:09:36,886 - tweet_categorizer - INFO - Categorizando tweet 827/1551
2025-03-25 11:09:37,382 - tweet_categorizer - INFO - Categorizando tweet 828/1551
2025-03-25 11:09:37,920 - tweet_categorizer - INFO - Categorizando tweet 829/1551
2025-03-25 11:09:38,321 - tweet_categorizer - INFO - Categorizando tweet 830/1551
2025-03-25 11:09:38,806 - tweet_categorizer - INFO - Categorizando tweet 831/1551
2025-03-25 11:09:39,252 - tweet_categorizer - INFO - Categorizando tweet 832/1551
2025-03-25 11:09:39,698 - tweet_categorizer - INFO - Categorizando tweet 833/1551
2025-03-25 11:09:40,131 - tweet_categorizer - INFO - Categorizando tweet 834/1551
2025-03-25 11:09:40,623 - tweet_categorizer - INFO - Categorizando tweet 835/1551
2025-03-25 11:09:41,081 - tweet_categorizer - INFO - Categorizando tweet 836/1551
2025-03-25 11:09:41,578 - tweet_categorizer - INFO - Categorizando tweet 837/1551
2025-03-25 11:09:41,951 - tweet_categorizer - INFO - Categorizando tweet 838/1551
2025-03-25 11:09:42,494 - tweet_categorizer - INFO - Categorizando tweet 839/1551
2025-03-25 11:09:43,012 - tweet_categorizer - INFO - Categorizando tweet 840/1551
2025-03-25 11:09:43,543 - tweet_categorizer - INFO - Categorizando tweet 841/1551
2025-03-25 11:09:44,081 - tweet_categorizer - INFO - Categorizando tweet 842/1551
2025-03-25 11:09:44,536 - tweet_categorizer - INFO - Categorizando tweet 843/1551
2025-03-25 11:09:45,071 - tweet_categorizer - INFO - Categorizando tweet 844/1551
2025-03-25 11:09:45,534 - tweet_categorizer - INFO - Categorizando tweet 845/1551
2025-03-25 11:09:46,027 - tweet_categorizer - INFO - Categorizando tweet 846/1551
2025-03-25 11:09:46,492 - tweet_categorizer - INFO - Categorizando tweet 847/1551
2025-03-25 11:09:46,913 - tweet_categorizer - INFO - Categorizando tweet 848/1551
2025-03-25 11:09:47,355 - tweet_categorizer - INFO - Categorizando tweet 849/1551
2025-03-25 11:09:47,865 - tweet_categorizer - INFO - Categorizando tweet 850/1551
2025-03-25 11:09:48,316 - tweet_categorizer - INFO - Categorizando tweet 851/1551
2025-03-25 11:09:48,781 - tweet_categorizer - INFO - Categorizando tweet 852/1551
2025-03-25 11:09:49,242 - tweet_categorizer - INFO - Categorizando tweet 853/1551
2025-03-25 11:09:49,679 - tweet_categorizer - INFO - Categorizando tweet 854/1551
2025-03-25 11:09:50,102 - tweet_categorizer - INFO - Categorizando tweet 855/1551
2025-03-25 11:09:50,564 - tweet_categorizer - INFO - Categorizando tweet 856/1551
2025-03-25 11:09:51,051 - tweet_categorizer - INFO - Categorizando tweet 857/1551
2025-03-25 11:09:51,553 - tweet_categorizer - INFO - Categorizando tweet 858/1551
2025-03-25 11:09:51,990 - tweet_categorizer - INFO - Categorizando tweet 859/1551
2025-03-25 11:09:52,461 - tweet_categorizer - INFO - Categorizando tweet 860/1551
2025-03-25 11:09:52,963 - tweet_categorizer - INFO - Categorizando tweet 861/1551
2025-03-25 11:09:53,437 - tweet_categorizer - INFO - Categorizando tweet 862/1551
2025-03-25 11:09:53,848 - tweet_categorizer - INFO - Categorizando tweet 863/1551
2025-03-25 11:09:54,304 - tweet_categorizer - INFO - Categorizando tweet 864/1551
2025-03-25 11:09:54,762 - tweet_categorizer - INFO - Categorizando tweet 865/1551
2025-03-25 11:09:55,264 - tweet_categorizer - INFO - Categorizando tweet 866/1551
2025-03-25 11:09:55,726 - tweet_categorizer - INFO - Categorizando tweet 867/1551
2025-03-25 11:09:56,178 - tweet_categorizer - INFO - Categorizando tweet 868/1551
2025-03-25 11:09:56,649 - tweet_categorizer - INFO - Categorizando tweet 869/1551
2025-03-25 11:09:57,134 - tweet_categorizer - INFO - Categorizando tweet 870/1551
2025-03-25 11:09:57,601 - tweet_categorizer - INFO - Categorizando tweet 871/1551
2025-03-25 11:09:57,855 - tweet_categorizer - INFO - Categorizando tweet 872/1551
2025-03-25 11:09:58,314 - tweet_categorizer - INFO - Categorizando tweet 873/1551
2025-03-25 11:09:58,783 - tweet_categorizer - INFO - Categorizando tweet 874/1551
2025-03-25 11:09:59,264 - tweet_categorizer - INFO - Categorizando tweet 875/1551
2025-03-25 11:09:59,776 - tweet_categorizer - INFO - Categorizando tweet 876/1551
2025-03-25 11:10:00,252 - tweet_categorizer - INFO - Categorizando tweet 877/1551
2025-03-25 11:10:00,683 - tweet_categorizer - INFO - Categorizando tweet 878/1551
2025-03-25 11:10:01,219 - tweet_categorizer - INFO - Categorizando tweet 879/1551
2025-03-25 11:10:01,707 - tweet_categorizer - INFO - Categorizando tweet 880/1551
2025-03-25 11:10:02,143 - tweet_categorizer - INFO - Categorizando tweet 881/1551
2025-03-25 11:10:02,606 - tweet_categorizer - INFO - Categorizando tweet 882/1551
2025-03-25 11:10:03,111 - tweet_categorizer - INFO - Categorizando tweet 883/1551
2025-03-25 11:10:03,583 - tweet_categorizer - INFO - Categorizando tweet 884/1551
2025-03-25 11:10:04,009 - tweet_categorizer - INFO - Categorizando tweet 885/1551
2025-03-25 11:10:04,467 - tweet_categorizer - INFO - Categorizando tweet 886/1551
2025-03-25 11:10:04,932 - tweet_categorizer - INFO - Categorizando tweet 887/1551
2025-03-25 11:10:05,399 - tweet_categorizer - INFO - Categorizando tweet 888/1551
2025-03-25 11:10:05,868 - tweet_categorizer - INFO - Categorizando tweet 889/1551
2025-03-25 11:10:06,325 - tweet_categorizer - INFO - Categorizando tweet 890/1551
2025-03-25 11:10:06,783 - tweet_categorizer - INFO - Categorizando tweet 891/1551
2025-03-25 11:10:07,278 - tweet_categorizer - INFO - Categorizando tweet 892/1551
2025-03-25 11:10:07,787 - tweet_categorizer - INFO - Categorizando tweet 893/1551
2025-03-25 11:10:08,303 - tweet_categorizer - INFO - Categorizando tweet 894/1551
2025-03-25 11:10:08,738 - tweet_categorizer - INFO - Categorizando tweet 895/1551
2025-03-25 11:10:09,211 - tweet_categorizer - INFO - Categorizando tweet 896/1551
2025-03-25 11:10:09,609 - tweet_categorizer - INFO - Categorizando tweet 897/1551
2025-03-25 11:10:10,131 - tweet_categorizer - INFO - Categorizando tweet 898/1551
2025-03-25 11:10:10,603 - tweet_categorizer - INFO - Categorizando tweet 899/1551
2025-03-25 11:10:11,141 - tweet_categorizer - INFO - Categorizando tweet 900/1551
2025-03-25 11:10:11,638 - tweet_categorizer - INFO - Categorizando tweet 901/1551
2025-03-25 11:10:12,103 - tweet_categorizer - INFO - Categorizando tweet 902/1551
2025-03-25 11:10:12,575 - tweet_categorizer - INFO - Categorizando tweet 903/1551
2025-03-25 11:10:13,094 - tweet_categorizer - INFO - Categorizando tweet 904/1551
2025-03-25 11:10:13,549 - tweet_categorizer - INFO - Categorizando tweet 905/1551
2025-03-25 11:10:14,063 - tweet_categorizer - INFO - Categorizando tweet 906/1551
2025-03-25 11:10:14,561 - tweet_categorizer - INFO - Categorizando tweet 907/1551
2025-03-25 11:10:15,091 - tweet_categorizer - INFO - Categorizando tweet 908/1551
2025-03-25 11:10:15,571 - tweet_categorizer - INFO - Categorizando tweet 909/1551
2025-03-25 11:10:16,054 - tweet_categorizer - INFO - Categorizando tweet 910/1551
2025-03-25 11:10:16,525 - tweet_categorizer - INFO - Categorizando tweet 911/1551
2025-03-25 11:10:16,994 - tweet_categorizer - INFO - Categorizando tweet 912/1551
2025-03-25 11:10:17,467 - tweet_categorizer - INFO - Categorizando tweet 913/1551
2025-03-25 11:10:17,972 - tweet_categorizer - INFO - Categorizando tweet 914/1551
2025-03-25 11:10:18,499 - tweet_categorizer - INFO - Categorizando tweet 915/1551
2025-03-25 11:10:18,924 - tweet_categorizer - INFO - Categorizando tweet 916/1551
2025-03-25 11:10:19,403 - tweet_categorizer - INFO - Categorizando tweet 917/1551
2025-03-25 11:10:19,874 - tweet_categorizer - INFO - Categorizando tweet 918/1551
2025-03-25 11:10:20,264 - tweet_categorizer - INFO - Categorizando tweet 919/1551
2025-03-25 11:10:20,755 - tweet_categorizer - INFO - Categorizando tweet 920/1551
2025-03-25 11:10:21,248 - tweet_categorizer - INFO - Categorizando tweet 921/1551
2025-03-25 11:10:21,710 - tweet_categorizer - INFO - Categorizando tweet 922/1551
2025-03-25 11:10:22,162 - tweet_categorizer - INFO - Categorizando tweet 923/1551
2025-03-25 11:10:22,578 - tweet_categorizer - INFO - Categorizando tweet 924/1551
2025-03-25 11:10:23,066 - tweet_categorizer - INFO - Categorizando tweet 925/1551
2025-03-25 11:10:23,559 - tweet_categorizer - INFO - Categorizando tweet 926/1551
2025-03-25 11:10:24,019 - tweet_categorizer - INFO - Categorizando tweet 927/1551
2025-03-25 11:10:24,504 - tweet_categorizer - INFO - Categorizando tweet 928/1551
2025-03-25 11:10:24,974 - tweet_categorizer - INFO - Categorizando tweet 929/1551
2025-03-25 11:10:25,393 - tweet_categorizer - INFO - Categorizando tweet 930/1551
2025-03-25 11:10:25,846 - tweet_categorizer - INFO - Categorizando tweet 931/1551
2025-03-25 11:10:26,298 - tweet_categorizer - INFO - Categorizando tweet 932/1551
2025-03-25 11:10:26,773 - tweet_categorizer - INFO - Categorizando tweet 933/1551
2025-03-25 11:10:27,279 - tweet_categorizer - INFO - Categorizando tweet 934/1551
2025-03-25 11:10:27,706 - tweet_categorizer - INFO - Categorizando tweet 935/1551
2025-03-25 11:10:28,192 - tweet_categorizer - INFO - Categorizando tweet 936/1551
2025-03-25 11:10:28,669 - tweet_categorizer - INFO - Categorizando tweet 937/1551
2025-03-25 11:10:29,070 - tweet_categorizer - INFO - Categorizando tweet 938/1551
2025-03-25 11:10:29,562 - tweet_categorizer - INFO - Categorizando tweet 939/1551
2025-03-25 11:10:30,040 - tweet_categorizer - INFO - Categorizando tweet 940/1551
2025-03-25 11:10:30,564 - tweet_categorizer - INFO - Categorizando tweet 941/1551
2025-03-25 11:10:30,989 - tweet_categorizer - INFO - Categorizando tweet 942/1551
2025-03-25 11:10:31,444 - tweet_categorizer - INFO - Categorizando tweet 943/1551
2025-03-25 11:10:31,912 - tweet_categorizer - INFO - Categorizando tweet 944/1551
2025-03-25 11:10:32,406 - tweet_categorizer - INFO - Categorizando tweet 945/1551
2025-03-25 11:10:32,947 - tweet_categorizer - INFO - Categorizando tweet 946/1551
2025-03-25 11:10:33,431 - tweet_categorizer - INFO - Categorizando tweet 947/1551
2025-03-25 11:10:33,861 - tweet_categorizer - INFO - Categorizando tweet 948/1551
2025-03-25 11:10:34,278 - tweet_categorizer - INFO - Categorizando tweet 949/1551
2025-03-25 11:10:34,762 - tweet_categorizer - INFO - Categorizando tweet 950/1551
2025-03-25 11:10:35,260 - tweet_categorizer - INFO - Categorizando tweet 951/1551
2025-03-25 11:10:35,663 - tweet_categorizer - INFO - Categorizando tweet 952/1551
2025-03-25 11:10:36,126 - tweet_categorizer - INFO - Categorizando tweet 953/1551
2025-03-25 11:10:36,589 - tweet_categorizer - INFO - Categorizando tweet 954/1551
2025-03-25 11:10:37,090 - tweet_categorizer - INFO - Categorizando tweet 955/1551
2025-03-25 11:10:37,589 - tweet_categorizer - INFO - Categorizando tweet 956/1551
2025-03-25 11:10:38,047 - tweet_categorizer - INFO - Categorizando tweet 957/1551
2025-03-25 11:10:38,518 - tweet_categorizer - INFO - Categorizando tweet 958/1551
2025-03-25 11:10:38,970 - tweet_categorizer - INFO - Categorizando tweet 959/1551
2025-03-25 11:10:39,447 - tweet_categorizer - INFO - Categorizando tweet 960/1551
2025-03-25 11:10:39,883 - tweet_categorizer - INFO - Categorizando tweet 961/1551
2025-03-25 11:10:40,406 - tweet_categorizer - INFO - Categorizando tweet 962/1551
2025-03-25 11:10:40,892 - tweet_categorizer - INFO - Categorizando tweet 963/1551
2025-03-25 11:10:41,502 - tweet_categorizer - INFO - Categorizando tweet 964/1551
2025-03-25 11:10:41,962 - tweet_categorizer - INFO - Categorizando tweet 965/1551
2025-03-25 11:10:42,438 - tweet_categorizer - INFO - Categorizando tweet 966/1551
2025-03-25 11:10:42,919 - tweet_categorizer - INFO - Categorizando tweet 967/1551
2025-03-25 11:10:43,446 - tweet_categorizer - INFO - Categorizando tweet 968/1551
2025-03-25 11:10:43,917 - tweet_categorizer - INFO - Categorizando tweet 969/1551
2025-03-25 11:10:44,920 - tweet_categorizer - INFO - Categorizando tweet 970/1551
2025-03-25 11:10:45,428 - tweet_categorizer - INFO - Categorizando tweet 971/1551
2025-03-25 11:10:45,954 - tweet_categorizer - INFO - Categorizando tweet 972/1551
2025-03-25 11:10:46,437 - tweet_categorizer - INFO - Categorizando tweet 973/1551
2025-03-25 11:10:46,864 - tweet_categorizer - INFO - Categorizando tweet 974/1551
2025-03-25 11:10:47,398 - tweet_categorizer - INFO - Categorizando tweet 975/1551
2025-03-25 11:10:47,847 - tweet_categorizer - INFO - Categorizando tweet 976/1551
2025-03-25 11:10:48,304 - tweet_categorizer - INFO - Categorizando tweet 977/1551
2025-03-25 11:10:48,774 - tweet_categorizer - INFO - Categorizando tweet 978/1551
2025-03-25 11:10:49,227 - tweet_categorizer - INFO - Categorizando tweet 979/1551
2025-03-25 11:10:49,668 - tweet_categorizer - INFO - Categorizando tweet 980/1551
2025-03-25 11:10:50,162 - tweet_categorizer - INFO - Categorizando tweet 981/1551
2025-03-25 11:10:50,648 - tweet_categorizer - INFO - Categorizando tweet 982/1551
2025-03-25 11:10:51,155 - tweet_categorizer - INFO - Categorizando tweet 983/1551
2025-03-25 11:10:51,585 - tweet_categorizer - INFO - Categorizando tweet 984/1551
2025-03-25 11:10:51,940 - tweet_categorizer - INFO - Categorizando tweet 985/1551
2025-03-25 11:10:52,418 - tweet_categorizer - INFO - Categorizando tweet 986/1551
2025-03-25 11:10:52,926 - tweet_categorizer - INFO - Categorizando tweet 987/1551
2025-03-25 11:10:53,438 - tweet_categorizer - INFO - Categorizando tweet 988/1551
2025-03-25 11:10:53,899 - tweet_categorizer - INFO - Categorizando tweet 989/1551
2025-03-25 11:10:54,379 - tweet_categorizer - INFO - Categorizando tweet 990/1551
2025-03-25 11:10:54,891 - tweet_categorizer - INFO - Categorizando tweet 991/1551
2025-03-25 11:10:55,321 - tweet_categorizer - INFO - Categorizando tweet 992/1551
2025-03-25 11:10:55,807 - tweet_categorizer - INFO - Categorizando tweet 993/1551
2025-03-25 11:10:56,291 - tweet_categorizer - INFO - Categorizando tweet 994/1551
2025-03-25 11:10:56,777 - tweet_categorizer - INFO - Categorizando tweet 995/1551
2025-03-25 11:10:57,073 - tweet_categorizer - INFO - Categorizando tweet 996/1551
2025-03-25 11:10:57,367 - tweet_categorizer - INFO - Categorizando tweet 997/1551
2025-03-25 11:10:57,856 - tweet_categorizer - INFO - Categorizando tweet 998/1551
2025-03-25 11:10:58,341 - tweet_categorizer - INFO - Categorizando tweet 999/1551
2025-03-25 11:10:58,835 - tweet_categorizer - INFO - Categorizando tweet 1000/1551
2025-03-25 11:10:59,421 - tweet_categorizer - INFO - Categorizando tweet 1001/1551
2025-03-25 11:10:59,917 - tweet_categorizer - INFO - Categorizando tweet 1002/1551
2025-03-25 11:11:00,412 - tweet_categorizer - INFO - Categorizando tweet 1003/1551
2025-03-25 11:11:00,880 - tweet_categorizer - INFO - Categorizando tweet 1004/1551
2025-03-25 11:11:01,323 - tweet_categorizer - INFO - Categorizando tweet 1005/1551
2025-03-25 11:11:01,747 - tweet_categorizer - INFO - Categorizando tweet 1006/1551
2025-03-25 11:11:02,251 - tweet_categorizer - INFO - Categorizando tweet 1007/1551
2025-03-25 11:11:02,728 - tweet_categorizer - INFO - Categorizando tweet 1008/1551
2025-03-25 11:11:03,197 - tweet_categorizer - INFO - Categorizando tweet 1009/1551
2025-03-25 11:11:03,703 - tweet_categorizer - INFO - Categorizando tweet 1010/1551
2025-03-25 11:11:04,173 - tweet_categorizer - INFO - Categorizando tweet 1011/1551
2025-03-25 11:11:04,581 - tweet_categorizer - INFO - Categorizando tweet 1012/1551
2025-03-25 11:11:05,015 - tweet_categorizer - INFO - Categorizando tweet 1013/1551
2025-03-25 11:11:05,522 - tweet_categorizer - INFO - Categorizando tweet 1014/1551
2025-03-25 11:11:05,995 - tweet_categorizer - INFO - Categorizando tweet 1015/1551
2025-03-25 11:11:06,411 - tweet_categorizer - INFO - Categorizando tweet 1016/1551
2025-03-25 11:11:06,935 - tweet_categorizer - INFO - Categorizando tweet 1017/1551
2025-03-25 11:11:07,452 - tweet_categorizer - INFO - Categorizando tweet 1018/1551
2025-03-25 11:11:07,976 - tweet_categorizer - INFO - Categorizando tweet 1019/1551
2025-03-25 11:11:08,360 - tweet_categorizer - INFO - Categorizando tweet 1020/1551
2025-03-25 11:11:08,841 - tweet_categorizer - INFO - Categorizando tweet 1021/1551
2025-03-25 11:11:09,301 - tweet_categorizer - INFO - Categorizando tweet 1022/1551
2025-03-25 11:11:09,765 - tweet_categorizer - INFO - Categorizando tweet 1023/1551
2025-03-25 11:11:10,247 - tweet_categorizer - INFO - Categorizando tweet 1024/1551
2025-03-25 11:11:10,707 - tweet_categorizer - INFO - Categorizando tweet 1025/1551
2025-03-25 11:11:11,234 - tweet_categorizer - INFO - Categorizando tweet 1026/1551
2025-03-25 11:11:11,697 - tweet_categorizer - INFO - Categorizando tweet 1027/1551
2025-03-25 11:11:12,132 - tweet_categorizer - INFO - Categorizando tweet 1028/1551
2025-03-25 11:11:12,594 - tweet_categorizer - INFO - Categorizando tweet 1029/1551
2025-03-25 11:11:13,080 - tweet_categorizer - INFO - Categorizando tweet 1030/1551
2025-03-25 11:11:13,494 - tweet_categorizer - INFO - Categorizando tweet 1031/1551
2025-03-25 11:11:13,843 - tweet_categorizer - INFO - Categorizando tweet 1032/1551
2025-03-25 11:11:14,358 - tweet_categorizer - INFO - Categorizando tweet 1033/1551
2025-03-25 11:11:14,848 - tweet_categorizer - INFO - Categorizando tweet 1034/1551
2025-03-25 11:11:15,262 - tweet_categorizer - INFO - Categorizando tweet 1035/1551
2025-03-25 11:11:15,744 - tweet_categorizer - INFO - Categorizando tweet 1036/1551
2025-03-25 11:11:16,240 - tweet_categorizer - INFO - Categorizando tweet 1037/1551
2025-03-25 11:11:16,713 - tweet_categorizer - INFO - Categorizando tweet 1038/1551
2025-03-25 11:11:17,212 - tweet_categorizer - INFO - Categorizando tweet 1039/1551
2025-03-25 11:11:17,660 - tweet_categorizer - INFO - Categorizando tweet 1040/1551
2025-03-25 11:11:18,164 - tweet_categorizer - INFO - Categorizando tweet 1041/1551
2025-03-25 11:11:18,653 - tweet_categorizer - INFO - Categorizando tweet 1042/1551
2025-03-25 11:11:19,182 - tweet_categorizer - INFO - Categorizando tweet 1043/1551
2025-03-25 11:11:19,646 - tweet_categorizer - INFO - Categorizando tweet 1044/1551
2025-03-25 11:11:20,082 - tweet_categorizer - INFO - Categorizando tweet 1045/1551
2025-03-25 11:11:20,594 - tweet_categorizer - INFO - Categorizando tweet 1046/1551
2025-03-25 11:11:21,082 - tweet_categorizer - INFO - Categorizando tweet 1047/1551
2025-03-25 11:11:21,611 - tweet_categorizer - INFO - Categorizando tweet 1048/1551
2025-03-25 11:11:22,135 - tweet_categorizer - INFO - Categorizando tweet 1049/1551
2025-03-25 11:11:22,587 - tweet_categorizer - INFO - Categorizando tweet 1050/1551
2025-03-25 11:11:23,012 - tweet_categorizer - INFO - Categorizando tweet 1051/1551
2025-03-25 11:11:23,412 - tweet_categorizer - INFO - Categorizando tweet 1052/1551
2025-03-25 11:11:23,869 - tweet_categorizer - INFO - Categorizando tweet 1053/1551
2025-03-25 11:11:24,259 - tweet_categorizer - INFO - Categorizando tweet 1054/1551
2025-03-25 11:11:24,979 - tweet_categorizer - INFO - Categorizando tweet 1055/1551
2025-03-25 11:11:25,474 - tweet_categorizer - INFO - Categorizando tweet 1056/1551
2025-03-25 11:11:25,962 - tweet_categorizer - INFO - Categorizando tweet 1057/1551
2025-03-25 11:11:26,431 - tweet_categorizer - INFO - Categorizando tweet 1058/1551
2025-03-25 11:11:26,903 - tweet_categorizer - INFO - Categorizando tweet 1059/1551
2025-03-25 11:11:27,338 - tweet_categorizer - INFO - Categorizando tweet 1060/1551
2025-03-25 11:11:27,836 - tweet_categorizer - INFO - Categorizando tweet 1061/1551
2025-03-25 11:11:28,341 - tweet_categorizer - INFO - Categorizando tweet 1062/1551
2025-03-25 11:11:28,859 - tweet_categorizer - INFO - Categorizando tweet 1063/1551
2025-03-25 11:11:29,443 - tweet_categorizer - INFO - Categorizando tweet 1064/1551
2025-03-25 11:11:29,985 - tweet_categorizer - INFO - Categorizando tweet 1065/1551
2025-03-25 11:11:30,499 - tweet_categorizer - INFO - Categorizando tweet 1066/1551
2025-03-25 11:11:30,994 - tweet_categorizer - INFO - Categorizando tweet 1067/1551
2025-03-25 11:11:31,508 - tweet_categorizer - INFO - Categorizando tweet 1068/1551
2025-03-25 11:11:31,923 - tweet_categorizer - INFO - Categorizando tweet 1069/1551
2025-03-25 11:11:32,404 - tweet_categorizer - INFO - Categorizando tweet 1070/1551
2025-03-25 11:11:32,820 - tweet_categorizer - INFO - Categorizando tweet 1071/1551
2025-03-25 11:11:33,265 - tweet_categorizer - INFO - Categorizando tweet 1072/1551
2025-03-25 11:11:33,716 - tweet_categorizer - INFO - Categorizando tweet 1073/1551
2025-03-25 11:11:34,202 - tweet_categorizer - INFO - Categorizando tweet 1074/1551
2025-03-25 11:11:34,710 - tweet_categorizer - INFO - Categorizando tweet 1075/1551
2025-03-25 11:11:35,134 - tweet_categorizer - INFO - Categorizando tweet 1076/1551
2025-03-25 11:11:35,608 - tweet_categorizer - INFO - Categorizando tweet 1077/1551
2025-03-25 11:11:36,073 - tweet_categorizer - INFO - Categorizando tweet 1078/1551
2025-03-25 11:11:36,650 - tweet_categorizer - INFO - Categorizando tweet 1079/1551
2025-03-25 11:11:37,122 - tweet_categorizer - INFO - Categorizando tweet 1080/1551
2025-03-25 11:11:37,711 - tweet_categorizer - INFO - Categorizando tweet 1081/1551
2025-03-25 11:11:38,221 - tweet_categorizer - INFO - Categorizando tweet 1082/1551
2025-03-25 11:11:38,728 - tweet_categorizer - INFO - Categorizando tweet 1083/1551
2025-03-25 11:11:39,196 - tweet_categorizer - INFO - Categorizando tweet 1084/1551
2025-03-25 11:11:39,630 - tweet_categorizer - INFO - Categorizando tweet 1085/1551
2025-03-25 11:11:40,134 - tweet_categorizer - INFO - Categorizando tweet 1086/1551
2025-03-25 11:11:40,630 - tweet_categorizer - INFO - Categorizando tweet 1087/1551
2025-03-25 11:11:41,131 - tweet_categorizer - INFO - Categorizando tweet 1088/1551
2025-03-25 11:11:41,596 - tweet_categorizer - INFO - Categorizando tweet 1089/1551
2025-03-25 11:11:42,084 - tweet_categorizer - INFO - Categorizando tweet 1090/1551
2025-03-25 11:11:42,624 - tweet_categorizer - INFO - Categorizando tweet 1091/1551
2025-03-25 11:11:43,142 - tweet_categorizer - INFO - Categorizando tweet 1092/1551
2025-03-25 11:11:43,688 - tweet_categorizer - INFO - Categorizando tweet 1093/1551
2025-03-25 11:11:44,280 - tweet_categorizer - INFO - Categorizando tweet 1094/1551
2025-03-25 11:11:44,768 - tweet_categorizer - INFO - Categorizando tweet 1095/1551
2025-03-25 11:11:45,312 - tweet_categorizer - INFO - Categorizando tweet 1096/1551
2025-03-25 11:11:45,794 - tweet_categorizer - INFO - Categorizando tweet 1097/1551
2025-03-25 11:11:46,299 - tweet_categorizer - INFO - Categorizando tweet 1098/1551
2025-03-25 11:11:46,806 - tweet_categorizer - INFO - Categorizando tweet 1099/1551
2025-03-25 11:11:47,264 - tweet_categorizer - INFO - Categorizando tweet 1100/1551
2025-03-25 11:11:47,779 - tweet_categorizer - INFO - Categorizando tweet 1101/1551
2025-03-25 11:11:48,258 - tweet_categorizer - INFO - Categorizando tweet 1102/1551
2025-03-25 11:11:48,755 - tweet_categorizer - INFO - Categorizando tweet 1103/1551
2025-03-25 11:11:49,241 - tweet_categorizer - INFO - Categorizando tweet 1104/1551
2025-03-25 11:11:49,717 - tweet_categorizer - INFO - Categorizando tweet 1105/1551
2025-03-25 11:11:50,247 - tweet_categorizer - INFO - Categorizando tweet 1106/1551
2025-03-25 11:11:50,729 - tweet_categorizer - INFO - Categorizando tweet 1107/1551
2025-03-25 11:11:51,232 - tweet_categorizer - INFO - Categorizando tweet 1108/1551
2025-03-25 11:11:51,644 - tweet_categorizer - INFO - Categorizando tweet 1109/1551
2025-03-25 11:11:52,123 - tweet_categorizer - INFO - Categorizando tweet 1110/1551
2025-03-25 11:11:52,540 - tweet_categorizer - INFO - Categorizando tweet 1111/1551
2025-03-25 11:11:53,027 - tweet_categorizer - INFO - Categorizando tweet 1112/1551
2025-03-25 11:11:53,494 - tweet_categorizer - INFO - Categorizando tweet 1113/1551
2025-03-25 11:11:53,926 - tweet_categorizer - INFO - Categorizando tweet 1114/1551
2025-03-25 11:11:54,396 - tweet_categorizer - INFO - Categorizando tweet 1115/1551
2025-03-25 11:11:54,914 - tweet_categorizer - INFO - Categorizando tweet 1116/1551
2025-03-25 11:11:55,386 - tweet_categorizer - INFO - Categorizando tweet 1117/1551
2025-03-25 11:11:55,872 - tweet_categorizer - INFO - Categorizando tweet 1118/1551
2025-03-25 11:11:56,401 - tweet_categorizer - INFO - Categorizando tweet 1119/1551
2025-03-25 11:11:56,906 - tweet_categorizer - INFO - Categorizando tweet 1120/1551
2025-03-25 11:11:57,374 - tweet_categorizer - INFO - Categorizando tweet 1121/1551
2025-03-25 11:11:57,856 - tweet_categorizer - INFO - Categorizando tweet 1122/1551
2025-03-25 11:11:58,344 - tweet_categorizer - INFO - Categorizando tweet 1123/1551
2025-03-25 11:11:58,883 - tweet_categorizer - INFO - Categorizando tweet 1124/1551
2025-03-25 11:11:59,234 - tweet_categorizer - INFO - Categorizando tweet 1125/1551
2025-03-25 11:11:59,737 - tweet_categorizer - INFO - Categorizando tweet 1126/1551
2025-03-25 11:12:00,270 - tweet_categorizer - INFO - Categorizando tweet 1127/1551
2025-03-25 11:12:00,754 - tweet_categorizer - INFO - Categorizando tweet 1128/1551
2025-03-25 11:12:01,384 - tweet_categorizer - INFO - Categorizando tweet 1129/1551
2025-03-25 11:12:01,855 - tweet_categorizer - INFO - Categorizando tweet 1130/1551
2025-03-25 11:12:02,325 - tweet_categorizer - INFO - Categorizando tweet 1131/1551
2025-03-25 11:12:02,786 - tweet_categorizer - INFO - Categorizando tweet 1132/1551
2025-03-25 11:12:03,309 - tweet_categorizer - INFO - Categorizando tweet 1133/1551
2025-03-25 11:12:03,775 - tweet_categorizer - INFO - Categorizando tweet 1134/1551
2025-03-25 11:12:04,257 - tweet_categorizer - INFO - Categorizando tweet 1135/1551
2025-03-25 11:12:04,618 - tweet_categorizer - INFO - Categorizando tweet 1136/1551
2025-03-25 11:12:05,166 - tweet_categorizer - INFO - Categorizando tweet 1137/1551
2025-03-25 11:12:05,517 - tweet_categorizer - INFO - Categorizando tweet 1138/1551
2025-03-25 11:12:05,998 - tweet_categorizer - INFO - Categorizando tweet 1139/1551
2025-03-25 11:12:06,432 - tweet_categorizer - INFO - Categorizando tweet 1140/1551
2025-03-25 11:12:06,876 - tweet_categorizer - INFO - Categorizando tweet 1141/1551
2025-03-25 11:12:07,262 - tweet_categorizer - INFO - Categorizando tweet 1142/1551
2025-03-25 11:12:07,732 - tweet_categorizer - INFO - Categorizando tweet 1143/1551
2025-03-25 11:12:08,162 - tweet_categorizer - INFO - Categorizando tweet 1144/1551
2025-03-25 11:12:08,661 - tweet_categorizer - INFO - Categorizando tweet 1145/1551
2025-03-25 11:12:09,140 - tweet_categorizer - INFO - Categorizando tweet 1146/1551
2025-03-25 11:12:09,623 - tweet_categorizer - INFO - Categorizando tweet 1147/1551
2025-03-25 11:12:10,146 - tweet_categorizer - INFO - Categorizando tweet 1148/1551
2025-03-25 11:12:10,614 - tweet_categorizer - INFO - Categorizando tweet 1149/1551
2025-03-25 11:12:11,127 - tweet_categorizer - INFO - Categorizando tweet 1150/1551
2025-03-25 11:12:11,565 - tweet_categorizer - INFO - Categorizando tweet 1151/1551
2025-03-25 11:12:12,079 - tweet_categorizer - INFO - Categorizando tweet 1152/1551
2025-03-25 11:12:12,583 - tweet_categorizer - INFO - Categorizando tweet 1153/1551
2025-03-25 11:12:13,073 - tweet_categorizer - INFO - Categorizando tweet 1154/1551
2025-03-25 11:12:13,607 - tweet_categorizer - INFO - Categorizando tweet 1155/1551
2025-03-25 11:12:14,180 - tweet_categorizer - INFO - Categorizando tweet 1156/1551
2025-03-25 11:12:14,638 - tweet_categorizer - INFO - Categorizando tweet 1157/1551
2025-03-25 11:12:15,083 - tweet_categorizer - INFO - Categorizando tweet 1158/1551
2025-03-25 11:12:15,601 - tweet_categorizer - INFO - Categorizando tweet 1159/1551
2025-03-25 11:12:16,082 - tweet_categorizer - INFO - Categorizando tweet 1160/1551
2025-03-25 11:12:16,524 - tweet_categorizer - INFO - Categorizando tweet 1161/1551
2025-03-25 11:12:17,073 - tweet_categorizer - INFO - Categorizando tweet 1162/1551
2025-03-25 11:12:17,500 - tweet_categorizer - INFO - Categorizando tweet 1163/1551
2025-03-25 11:12:17,951 - tweet_categorizer - INFO - Categorizando tweet 1164/1551
2025-03-25 11:12:18,453 - tweet_categorizer - INFO - Categorizando tweet 1165/1551
2025-03-25 11:12:18,919 - tweet_categorizer - INFO - Categorizando tweet 1166/1551
2025-03-25 11:12:19,342 - tweet_categorizer - INFO - Categorizando tweet 1167/1551
2025-03-25 11:12:19,825 - tweet_categorizer - INFO - Categorizando tweet 1168/1551
2025-03-25 11:12:20,336 - tweet_categorizer - INFO - Categorizando tweet 1169/1551
2025-03-25 11:12:20,901 - tweet_categorizer - INFO - Categorizando tweet 1170/1551
2025-03-25 11:12:21,410 - tweet_categorizer - INFO - Categorizando tweet 1171/1551
2025-03-25 11:12:21,869 - tweet_categorizer - INFO - Categorizando tweet 1172/1551
2025-03-25 11:12:22,340 - tweet_categorizer - INFO - Categorizando tweet 1173/1551
2025-03-25 11:12:22,814 - tweet_categorizer - INFO - Categorizando tweet 1174/1551
2025-03-25 11:12:23,323 - tweet_categorizer - INFO - Categorizando tweet 1175/1551
2025-03-25 11:12:23,865 - tweet_categorizer - INFO - Categorizando tweet 1176/1551
2025-03-25 11:12:24,374 - tweet_categorizer - INFO - Categorizando tweet 1177/1551
2025-03-25 11:12:24,841 - tweet_categorizer - INFO - Categorizando tweet 1178/1551
2025-03-25 11:12:25,315 - tweet_categorizer - INFO - Categorizando tweet 1179/1551
2025-03-25 11:12:25,738 - tweet_categorizer - INFO - Categorizando tweet 1180/1551
2025-03-25 11:12:26,252 - tweet_categorizer - INFO - Categorizando tweet 1181/1551
2025-03-25 11:12:26,770 - tweet_categorizer - INFO - Categorizando tweet 1182/1551
2025-03-25 11:12:27,269 - tweet_categorizer - INFO - Categorizando tweet 1183/1551
2025-03-25 11:12:27,743 - tweet_categorizer - INFO - Categorizando tweet 1184/1551
2025-03-25 11:12:28,259 - tweet_categorizer - INFO - Categorizando tweet 1185/1551
2025-03-25 11:12:28,755 - tweet_categorizer - INFO - Categorizando tweet 1186/1551
2025-03-25 11:12:29,235 - tweet_categorizer - INFO - Categorizando tweet 1187/1551
2025-03-25 11:12:29,785 - tweet_categorizer - INFO - Categorizando tweet 1188/1551
2025-03-25 11:12:30,244 - tweet_categorizer - INFO - Categorizando tweet 1189/1551
2025-03-25 11:12:30,747 - tweet_categorizer - INFO - Categorizando tweet 1190/1551
2025-03-25 11:12:31,217 - tweet_categorizer - INFO - Categorizando tweet 1191/1551
2025-03-25 11:12:31,667 - tweet_categorizer - INFO - Categorizando tweet 1192/1551
2025-03-25 11:12:32,159 - tweet_categorizer - INFO - Categorizando tweet 1193/1551
2025-03-25 11:12:32,655 - tweet_categorizer - INFO - Categorizando tweet 1194/1551
2025-03-25 11:12:33,142 - tweet_categorizer - INFO - Categorizando tweet 1195/1551
2025-03-25 11:12:33,627 - tweet_categorizer - INFO - Categorizando tweet 1196/1551
2025-03-25 11:12:34,160 - tweet_categorizer - INFO - Categorizando tweet 1197/1551
2025-03-25 11:12:34,708 - tweet_categorizer - INFO - Categorizando tweet 1198/1551
2025-03-25 11:12:35,201 - tweet_categorizer - INFO - Categorizando tweet 1199/1551
2025-03-25 11:12:35,703 - tweet_categorizer - INFO - Categorizando tweet 1200/1551
2025-03-25 11:12:36,191 - tweet_categorizer - INFO - Categorizando tweet 1201/1551
2025-03-25 11:12:36,678 - tweet_categorizer - INFO - Categorizando tweet 1202/1551
2025-03-25 11:12:37,188 - tweet_categorizer - INFO - Categorizando tweet 1203/1551
2025-03-25 11:12:37,691 - tweet_categorizer - INFO - Categorizando tweet 1204/1551
2025-03-25 11:12:38,187 - tweet_categorizer - INFO - Categorizando tweet 1205/1551
2025-03-25 11:12:38,674 - tweet_categorizer - INFO - Categorizando tweet 1206/1551
2025-03-25 11:12:39,200 - tweet_categorizer - INFO - Categorizando tweet 1207/1551
2025-03-25 11:12:39,705 - tweet_categorizer - INFO - Categorizando tweet 1208/1551
2025-03-25 11:12:40,203 - tweet_categorizer - INFO - Categorizando tweet 1209/1551
2025-03-25 11:12:40,700 - tweet_categorizer - INFO - Categorizando tweet 1210/1551
2025-03-25 11:12:41,236 - tweet_categorizer - INFO - Categorizando tweet 1211/1551
2025-03-25 11:12:41,715 - tweet_categorizer - INFO - Categorizando tweet 1212/1551
2025-03-25 11:12:42,298 - tweet_categorizer - INFO - Categorizando tweet 1213/1551
2025-03-25 11:12:42,752 - tweet_categorizer - INFO - Categorizando tweet 1214/1551
2025-03-25 11:12:43,282 - tweet_categorizer - INFO - Categorizando tweet 1215/1551
2025-03-25 11:12:43,834 - tweet_categorizer - INFO - Categorizando tweet 1216/1551
2025-03-25 11:12:44,279 - tweet_categorizer - INFO - Categorizando tweet 1217/1551
2025-03-25 11:12:44,759 - tweet_categorizer - INFO - Categorizando tweet 1218/1551
2025-03-25 11:12:45,236 - tweet_categorizer - INFO - Categorizando tweet 1219/1551
2025-03-25 11:12:45,689 - tweet_categorizer - INFO - Categorizando tweet 1220/1551
2025-03-25 11:12:46,173 - tweet_categorizer - INFO - Categorizando tweet 1221/1551
2025-03-25 11:12:46,759 - tweet_categorizer - INFO - Categorizando tweet 1222/1551
2025-03-25 11:12:47,265 - tweet_categorizer - INFO - Categorizando tweet 1223/1551
2025-03-25 11:12:47,865 - tweet_categorizer - INFO - Categorizando tweet 1224/1551
2025-03-25 11:12:48,358 - tweet_categorizer - INFO - Categorizando tweet 1225/1551
2025-03-25 11:12:48,861 - tweet_categorizer - INFO - Categorizando tweet 1226/1551
2025-03-25 11:12:49,332 - tweet_categorizer - INFO - Categorizando tweet 1227/1551
2025-03-25 11:12:49,721 - tweet_categorizer - INFO - Categorizando tweet 1228/1551
2025-03-25 11:12:50,238 - tweet_categorizer - INFO - Categorizando tweet 1229/1551
2025-03-25 11:12:50,702 - tweet_categorizer - INFO - Categorizando tweet 1230/1551
2025-03-25 11:12:51,177 - tweet_categorizer - INFO - Categorizando tweet 1231/1551
2025-03-25 11:12:51,658 - tweet_categorizer - INFO - Categorizando tweet 1232/1551
2025-03-25 11:12:52,060 - tweet_categorizer - INFO - Categorizando tweet 1233/1551
2025-03-25 11:12:52,537 - tweet_categorizer - INFO - Categorizando tweet 1234/1551
2025-03-25 11:12:52,932 - tweet_categorizer - INFO - Categorizando tweet 1235/1551
2025-03-25 11:12:53,418 - tweet_categorizer - INFO - Categorizando tweet 1236/1551
2025-03-25 11:12:53,909 - tweet_categorizer - INFO - Categorizando tweet 1237/1551
2025-03-25 11:12:54,386 - tweet_categorizer - INFO - Categorizando tweet 1238/1551
2025-03-25 11:12:54,914 - tweet_categorizer - INFO - Categorizando tweet 1239/1551
2025-03-25 11:12:55,421 - tweet_categorizer - INFO - Categorizando tweet 1240/1551
2025-03-25 11:12:55,910 - tweet_categorizer - INFO - Categorizando tweet 1241/1551
2025-03-25 11:12:56,399 - tweet_categorizer - INFO - Categorizando tweet 1242/1551
2025-03-25 11:12:56,842 - tweet_categorizer - INFO - Categorizando tweet 1243/1551
2025-03-25 11:12:57,300 - tweet_categorizer - INFO - Categorizando tweet 1244/1551
2025-03-25 11:12:57,805 - tweet_categorizer - INFO - Categorizando tweet 1245/1551
2025-03-25 11:12:58,260 - tweet_categorizer - INFO - Categorizando tweet 1246/1551
2025-03-25 11:12:58,715 - tweet_categorizer - INFO - Categorizando tweet 1247/1551
2025-03-25 11:12:59,214 - tweet_categorizer - INFO - Categorizando tweet 1248/1551
2025-03-25 11:12:59,683 - tweet_categorizer - INFO - Categorizando tweet 1249/1551
2025-03-25 11:13:00,184 - tweet_categorizer - INFO - Categorizando tweet 1250/1551
2025-03-25 11:13:00,632 - tweet_categorizer - INFO - Categorizando tweet 1251/1551
2025-03-25 11:13:01,018 - tweet_categorizer - INFO - Categorizando tweet 1252/1551
2025-03-25 11:13:01,481 - tweet_categorizer - INFO - Categorizando tweet 1253/1551
2025-03-25 11:13:01,998 - tweet_categorizer - INFO - Categorizando tweet 1254/1551
2025-03-25 11:13:02,547 - tweet_categorizer - INFO - Categorizando tweet 1255/1551
2025-03-25 11:13:03,013 - tweet_categorizer - INFO - Categorizando tweet 1256/1551
2025-03-25 11:13:03,467 - tweet_categorizer - INFO - Categorizando tweet 1257/1551
2025-03-25 11:13:04,431 - tweet_categorizer - INFO - Categorizando tweet 1258/1551
2025-03-25 11:13:05,209 - tweet_categorizer - INFO - Categorizando tweet 1259/1551
2025-03-25 11:13:05,658 - tweet_categorizer - INFO - Categorizando tweet 1260/1551
2025-03-25 11:13:06,102 - tweet_categorizer - INFO - Categorizando tweet 1261/1551
2025-03-25 11:13:06,599 - tweet_categorizer - INFO - Categorizando tweet 1262/1551
2025-03-25 11:13:07,086 - tweet_categorizer - INFO - Categorizando tweet 1263/1551
2025-03-25 11:13:07,581 - tweet_categorizer - INFO - Categorizando tweet 1264/1551
2025-03-25 11:13:08,062 - tweet_categorizer - INFO - Categorizando tweet 1265/1551
2025-03-25 11:13:08,520 - tweet_categorizer - INFO - Categorizando tweet 1266/1551
2025-03-25 11:13:08,993 - tweet_categorizer - INFO - Categorizando tweet 1267/1551
2025-03-25 11:13:09,486 - tweet_categorizer - INFO - Categorizando tweet 1268/1551
2025-03-25 11:13:09,944 - tweet_categorizer - INFO - Categorizando tweet 1269/1551
2025-03-25 11:13:10,375 - tweet_categorizer - INFO - Categorizando tweet 1270/1551
2025-03-25 11:13:10,921 - tweet_categorizer - INFO - Categorizando tweet 1271/1551
2025-03-25 11:13:11,441 - tweet_categorizer - INFO - Categorizando tweet 1272/1551
2025-03-25 11:13:11,948 - tweet_categorizer - INFO - Categorizando tweet 1273/1551
2025-03-25 11:13:12,461 - tweet_categorizer - INFO - Categorizando tweet 1274/1551
2025-03-25 11:13:12,967 - tweet_categorizer - INFO - Categorizando tweet 1275/1551
2025-03-25 11:13:13,452 - tweet_categorizer - INFO - Categorizando tweet 1276/1551
2025-03-25 11:13:13,916 - tweet_categorizer - INFO - Categorizando tweet 1277/1551
2025-03-25 11:13:14,424 - tweet_categorizer - INFO - Categorizando tweet 1278/1551
2025-03-25 11:13:14,901 - tweet_categorizer - INFO - Categorizando tweet 1279/1551
2025-03-25 11:13:15,417 - tweet_categorizer - INFO - Categorizando tweet 1280/1551
2025-03-25 11:13:15,883 - tweet_categorizer - INFO - Categorizando tweet 1281/1551
2025-03-25 11:13:16,337 - tweet_categorizer - INFO - Categorizando tweet 1282/1551
2025-03-25 11:13:16,820 - tweet_categorizer - INFO - Categorizando tweet 1283/1551
2025-03-25 11:13:17,351 - tweet_categorizer - INFO - Categorizando tweet 1284/1551
2025-03-25 11:13:17,838 - tweet_categorizer - INFO - Categorizando tweet 1285/1551
2025-03-25 11:13:18,343 - tweet_categorizer - INFO - Categorizando tweet 1286/1551
2025-03-25 11:13:18,849 - tweet_categorizer - INFO - Categorizando tweet 1287/1551
2025-03-25 11:13:19,286 - tweet_categorizer - INFO - Categorizando tweet 1288/1551
2025-03-25 11:13:19,793 - tweet_categorizer - INFO - Categorizando tweet 1289/1551
2025-03-25 11:13:20,263 - tweet_categorizer - INFO - Categorizando tweet 1290/1551
2025-03-25 11:13:20,760 - tweet_categorizer - INFO - Categorizando tweet 1291/1551
2025-03-25 11:13:21,258 - tweet_categorizer - INFO - Categorizando tweet 1292/1551
2025-03-25 11:13:21,776 - tweet_categorizer - INFO - Categorizando tweet 1293/1551
2025-03-25 11:13:22,248 - tweet_categorizer - INFO - Categorizando tweet 1294/1551
2025-03-25 11:13:22,833 - tweet_categorizer - INFO - Categorizando tweet 1295/1551
2025-03-25 11:13:23,317 - tweet_categorizer - INFO - Categorizando tweet 1296/1551
2025-03-25 11:13:23,787 - tweet_categorizer - INFO - Categorizando tweet 1297/1551
2025-03-25 11:13:24,254 - tweet_categorizer - INFO - Categorizando tweet 1298/1551
2025-03-25 11:13:24,715 - tweet_categorizer - INFO - Categorizando tweet 1299/1551
2025-03-25 11:13:25,122 - tweet_categorizer - INFO - Categorizando tweet 1300/1551
2025-03-25 11:13:25,569 - tweet_categorizer - INFO - Categorizando tweet 1301/1551
2025-03-25 11:13:26,029 - tweet_categorizer - INFO - Categorizando tweet 1302/1551
2025-03-25 11:13:26,488 - tweet_categorizer - INFO - Categorizando tweet 1303/1551
2025-03-25 11:13:26,930 - tweet_categorizer - INFO - Categorizando tweet 1304/1551
2025-03-25 11:13:27,371 - tweet_categorizer - INFO - Categorizando tweet 1305/1551
2025-03-25 11:13:27,894 - tweet_categorizer - INFO - Categorizando tweet 1306/1551
2025-03-25 11:13:28,328 - tweet_categorizer - INFO - Categorizando tweet 1307/1551
2025-03-25 11:13:28,740 - tweet_categorizer - INFO - Categorizando tweet 1308/1551
2025-03-25 11:13:29,240 - tweet_categorizer - INFO - Categorizando tweet 1309/1551
2025-03-25 11:13:29,746 - tweet_categorizer - INFO - Categorizando tweet 1310/1551
2025-03-25 11:13:30,227 - tweet_categorizer - INFO - Categorizando tweet 1311/1551
2025-03-25 11:13:30,690 - tweet_categorizer - INFO - Categorizando tweet 1312/1551
2025-03-25 11:13:31,135 - tweet_categorizer - INFO - Categorizando tweet 1313/1551
2025-03-25 11:13:31,585 - tweet_categorizer - INFO - Categorizando tweet 1314/1551
2025-03-25 11:13:32,017 - tweet_categorizer - INFO - Categorizando tweet 1315/1551
2025-03-25 11:13:32,479 - tweet_categorizer - INFO - Categorizando tweet 1316/1551
2025-03-25 11:13:32,898 - tweet_categorizer - INFO - Categorizando tweet 1317/1551
2025-03-25 11:13:33,392 - tweet_categorizer - INFO - Categorizando tweet 1318/1551
2025-03-25 11:13:33,908 - tweet_categorizer - INFO - Categorizando tweet 1319/1551
2025-03-25 11:13:34,402 - tweet_categorizer - INFO - Categorizando tweet 1320/1551
2025-03-25 11:13:34,887 - tweet_categorizer - INFO - Categorizando tweet 1321/1551
2025-03-25 11:13:35,377 - tweet_categorizer - INFO - Categorizando tweet 1322/1551
2025-03-25 11:13:36,090 - tweet_categorizer - INFO - Categorizando tweet 1323/1551
2025-03-25 11:13:36,592 - tweet_categorizer - INFO - Categorizando tweet 1324/1551
2025-03-25 11:13:37,020 - tweet_categorizer - INFO - Categorizando tweet 1325/1551
2025-03-25 11:13:37,483 - tweet_categorizer - INFO - Categorizando tweet 1326/1551
2025-03-25 11:13:37,976 - tweet_categorizer - INFO - Categorizando tweet 1327/1551
2025-03-25 11:13:38,449 - tweet_categorizer - INFO - Categorizando tweet 1328/1551
2025-03-25 11:13:39,001 - tweet_categorizer - INFO - Categorizando tweet 1329/1551
2025-03-25 11:13:39,423 - tweet_categorizer - INFO - Categorizando tweet 1330/1551
2025-03-25 11:13:39,848 - tweet_categorizer - INFO - Categorizando tweet 1331/1551
2025-03-25 11:13:40,291 - tweet_categorizer - INFO - Categorizando tweet 1332/1551
2025-03-25 11:13:40,864 - tweet_categorizer - INFO - Categorizando tweet 1333/1551
2025-03-25 11:13:41,364 - tweet_categorizer - INFO - Categorizando tweet 1334/1551
2025-03-25 11:13:41,863 - tweet_categorizer - INFO - Categorizando tweet 1335/1551
2025-03-25 11:13:42,440 - tweet_categorizer - INFO - Categorizando tweet 1336/1551
2025-03-25 11:13:42,949 - tweet_categorizer - INFO - Categorizando tweet 1337/1551
2025-03-25 11:13:43,683 - tweet_categorizer - INFO - Categorizando tweet 1338/1551
2025-03-25 11:13:44,268 - tweet_categorizer - INFO - Categorizando tweet 1339/1551
2025-03-25 11:13:44,785 - tweet_categorizer - INFO - Categorizando tweet 1340/1551
2025-03-25 11:13:45,312 - tweet_categorizer - INFO - Categorizando tweet 1341/1551
2025-03-25 11:13:45,825 - tweet_categorizer - INFO - Categorizando tweet 1342/1551
2025-03-25 11:13:46,248 - tweet_categorizer - INFO - Categorizando tweet 1343/1551
2025-03-25 11:13:46,825 - tweet_categorizer - INFO - Categorizando tweet 1344/1551
2025-03-25 11:13:47,319 - tweet_categorizer - INFO - Categorizando tweet 1345/1551
2025-03-25 11:13:47,872 - tweet_categorizer - INFO - Categorizando tweet 1346/1551
2025-03-25 11:13:48,328 - tweet_categorizer - INFO - Categorizando tweet 1347/1551
2025-03-25 11:13:48,841 - tweet_categorizer - INFO - Categorizando tweet 1348/1551
2025-03-25 11:13:49,298 - tweet_categorizer - INFO - Categorizando tweet 1349/1551
2025-03-25 11:13:49,739 - tweet_categorizer - INFO - Categorizando tweet 1350/1551
2025-03-25 11:13:50,210 - tweet_categorizer - INFO - Categorizando tweet 1351/1551
2025-03-25 11:13:50,661 - tweet_categorizer - INFO - Categorizando tweet 1352/1551
2025-03-25 11:13:51,140 - tweet_categorizer - INFO - Categorizando tweet 1353/1551
2025-03-25 11:13:51,720 - tweet_categorizer - INFO - Categorizando tweet 1354/1551
2025-03-25 11:13:52,263 - tweet_categorizer - INFO - Categorizando tweet 1355/1551
2025-03-25 11:13:52,746 - tweet_categorizer - INFO - Categorizando tweet 1356/1551
2025-03-25 11:13:53,270 - tweet_categorizer - INFO - Categorizando tweet 1357/1551
2025-03-25 11:13:53,750 - tweet_categorizer - INFO - Categorizando tweet 1358/1551
2025-03-25 11:13:54,252 - tweet_categorizer - INFO - Categorizando tweet 1359/1551
2025-03-25 11:13:54,700 - tweet_categorizer - INFO - Categorizando tweet 1360/1551
2025-03-25 11:13:55,183 - tweet_categorizer - INFO - Categorizando tweet 1361/1551
2025-03-25 11:13:55,716 - tweet_categorizer - INFO - Categorizando tweet 1362/1551
2025-03-25 11:13:56,317 - tweet_categorizer - INFO - Categorizando tweet 1363/1551
2025-03-25 11:13:56,789 - tweet_categorizer - INFO - Categorizando tweet 1364/1551
2025-03-25 11:13:57,366 - tweet_categorizer - INFO - Categorizando tweet 1365/1551
2025-03-25 11:13:57,909 - tweet_categorizer - INFO - Categorizando tweet 1366/1551
2025-03-25 11:13:58,362 - tweet_categorizer - INFO - Categorizando tweet 1367/1551
2025-03-25 11:13:58,901 - tweet_categorizer - INFO - Categorizando tweet 1368/1551
2025-03-25 11:13:59,428 - tweet_categorizer - INFO - Categorizando tweet 1369/1551
2025-03-25 11:13:59,975 - tweet_categorizer - INFO - Categorizando tweet 1370/1551
2025-03-25 11:14:00,435 - tweet_categorizer - INFO - Categorizando tweet 1371/1551
2025-03-25 11:14:00,939 - tweet_categorizer - INFO - Categorizando tweet 1372/1551
2025-03-25 11:14:01,437 - tweet_categorizer - INFO - Categorizando tweet 1373/1551
2025-03-25 11:14:01,925 - tweet_categorizer - INFO - Categorizando tweet 1374/1551
2025-03-25 11:14:02,441 - tweet_categorizer - INFO - Categorizando tweet 1375/1551
2025-03-25 11:14:02,916 - tweet_categorizer - INFO - Categorizando tweet 1376/1551
2025-03-25 11:14:03,384 - tweet_categorizer - INFO - Categorizando tweet 1377/1551
2025-03-25 11:14:03,862 - tweet_categorizer - INFO - Categorizando tweet 1378/1551
2025-03-25 11:14:04,406 - tweet_categorizer - INFO - Categorizando tweet 1379/1551
2025-03-25 11:14:04,945 - tweet_categorizer - INFO - Categorizando tweet 1380/1551
2025-03-25 11:14:05,383 - tweet_categorizer - INFO - Categorizando tweet 1381/1551
2025-03-25 11:14:05,923 - tweet_categorizer - INFO - Categorizando tweet 1382/1551
2025-03-25 11:14:06,566 - tweet_categorizer - INFO - Categorizando tweet 1383/1551
2025-03-25 11:14:07,048 - tweet_categorizer - INFO - Categorizando tweet 1384/1551
2025-03-25 11:14:07,467 - tweet_categorizer - INFO - Categorizando tweet 1385/1551
2025-03-25 11:14:07,924 - tweet_categorizer - INFO - Categorizando tweet 1386/1551
2025-03-25 11:14:08,405 - tweet_categorizer - INFO - Categorizando tweet 1387/1551
2025-03-25 11:14:08,942 - tweet_categorizer - INFO - Categorizando tweet 1388/1551
2025-03-25 11:14:09,447 - tweet_categorizer - INFO - Categorizando tweet 1389/1551
2025-03-25 11:14:09,954 - tweet_categorizer - INFO - Categorizando tweet 1390/1551
2025-03-25 11:14:10,546 - tweet_categorizer - INFO - Categorizando tweet 1391/1551
2025-03-25 11:14:11,081 - tweet_categorizer - INFO - Categorizando tweet 1392/1551
2025-03-25 11:14:11,596 - tweet_categorizer - INFO - Categorizando tweet 1393/1551
2025-03-25 11:14:11,997 - tweet_categorizer - INFO - Categorizando tweet 1394/1551
2025-03-25 11:14:12,412 - tweet_categorizer - INFO - Categorizando tweet 1395/1551
2025-03-25 11:14:12,873 - tweet_categorizer - INFO - Categorizando tweet 1396/1551
2025-03-25 11:14:13,402 - tweet_categorizer - INFO - Categorizando tweet 1397/1551
2025-03-25 11:14:13,909 - tweet_categorizer - INFO - Categorizando tweet 1398/1551
2025-03-25 11:14:14,446 - tweet_categorizer - INFO - Categorizando tweet 1399/1551
2025-03-25 11:14:14,938 - tweet_categorizer - INFO - Categorizando tweet 1400/1551
2025-03-25 11:14:15,403 - tweet_categorizer - INFO - Categorizando tweet 1401/1551
2025-03-25 11:14:15,776 - tweet_categorizer - INFO - Categorizando tweet 1402/1551
2025-03-25 11:14:16,385 - tweet_categorizer - INFO - Categorizando tweet 1403/1551
2025-03-25 11:14:16,801 - tweet_categorizer - INFO - Categorizando tweet 1404/1551
2025-03-25 11:14:17,274 - tweet_categorizer - INFO - Categorizando tweet 1405/1551
2025-03-25 11:14:17,793 - tweet_categorizer - INFO - Categorizando tweet 1406/1551
2025-03-25 11:14:18,245 - tweet_categorizer - INFO - Categorizando tweet 1407/1551
2025-03-25 11:14:18,831 - tweet_categorizer - INFO - Categorizando tweet 1408/1551
2025-03-25 11:14:19,302 - tweet_categorizer - INFO - Categorizando tweet 1409/1551
2025-03-25 11:14:19,748 - tweet_categorizer - INFO - Categorizando tweet 1410/1551
2025-03-25 11:14:20,228 - tweet_categorizer - INFO - Categorizando tweet 1411/1551
2025-03-25 11:14:20,676 - tweet_categorizer - INFO - Categorizando tweet 1412/1551
2025-03-25 11:14:21,161 - tweet_categorizer - INFO - Categorizando tweet 1413/1551
2025-03-25 11:14:21,589 - tweet_categorizer - INFO - Categorizando tweet 1414/1551
2025-03-25 11:14:22,110 - tweet_categorizer - INFO - Categorizando tweet 1415/1551
2025-03-25 11:14:22,589 - tweet_categorizer - INFO - Categorizando tweet 1416/1551
2025-03-25 11:14:22,993 - tweet_categorizer - INFO - Categorizando tweet 1417/1551
2025-03-25 11:14:23,500 - tweet_categorizer - INFO - Categorizando tweet 1418/1551
2025-03-25 11:14:23,977 - tweet_categorizer - INFO - Categorizando tweet 1419/1551
2025-03-25 11:14:24,507 - tweet_categorizer - INFO - Categorizando tweet 1420/1551
2025-03-25 11:14:24,995 - tweet_categorizer - INFO - Categorizando tweet 1421/1551
2025-03-25 11:14:25,422 - tweet_categorizer - INFO - Categorizando tweet 1422/1551
2025-03-25 11:14:25,947 - tweet_categorizer - INFO - Categorizando tweet 1423/1551
2025-03-25 11:14:26,479 - tweet_categorizer - INFO - Categorizando tweet 1424/1551
2025-03-25 11:14:26,999 - tweet_categorizer - INFO - Categorizando tweet 1425/1551
2025-03-25 11:14:27,591 - tweet_categorizer - INFO - Categorizando tweet 1426/1551
2025-03-25 11:14:28,052 - tweet_categorizer - INFO - Categorizando tweet 1427/1551
2025-03-25 11:14:28,537 - tweet_categorizer - INFO - Categorizando tweet 1428/1551
2025-03-25 11:14:28,982 - tweet_categorizer - INFO - Categorizando tweet 1429/1551
2025-03-25 11:14:29,442 - tweet_categorizer - INFO - Categorizando tweet 1430/1551
2025-03-25 11:14:29,908 - tweet_categorizer - INFO - Categorizando tweet 1431/1551
2025-03-25 11:14:30,397 - tweet_categorizer - INFO - Categorizando tweet 1432/1551
2025-03-25 11:14:30,984 - tweet_categorizer - INFO - Categorizando tweet 1433/1551
2025-03-25 11:14:31,443 - tweet_categorizer - INFO - Categorizando tweet 1434/1551
2025-03-25 11:14:31,923 - tweet_categorizer - INFO - Categorizando tweet 1435/1551
2025-03-25 11:14:32,409 - tweet_categorizer - INFO - Categorizando tweet 1436/1551
2025-03-25 11:14:32,886 - tweet_categorizer - INFO - Categorizando tweet 1437/1551
2025-03-25 11:14:33,379 - tweet_categorizer - INFO - Categorizando tweet 1438/1551
2025-03-25 11:14:33,722 - tweet_categorizer - INFO - Categorizando tweet 1439/1551
2025-03-25 11:14:34,245 - tweet_categorizer - INFO - Categorizando tweet 1440/1551
2025-03-25 11:14:34,694 - tweet_categorizer - INFO - Categorizando tweet 1441/1551
2025-03-25 11:14:35,210 - tweet_categorizer - INFO - Categorizando tweet 1442/1551
2025-03-25 11:14:35,683 - tweet_categorizer - INFO - Categorizando tweet 1443/1551
2025-03-25 11:14:36,191 - tweet_categorizer - INFO - Categorizando tweet 1444/1551
2025-03-25 11:14:36,694 - tweet_categorizer - INFO - Categorizando tweet 1445/1551
2025-03-25 11:14:37,188 - tweet_categorizer - INFO - Categorizando tweet 1446/1551
2025-03-25 11:14:37,716 - tweet_categorizer - INFO - Categorizando tweet 1447/1551
2025-03-25 11:14:38,205 - tweet_categorizer - INFO - Categorizando tweet 1448/1551
2025-03-25 11:14:38,715 - tweet_categorizer - INFO - Categorizando tweet 1449/1551
2025-03-25 11:14:39,200 - tweet_categorizer - INFO - Categorizando tweet 1450/1551
2025-03-25 11:14:39,562 - tweet_categorizer - INFO - Categorizando tweet 1451/1551
2025-03-25 11:14:40,067 - tweet_categorizer - INFO - Categorizando tweet 1452/1551
2025-03-25 11:14:40,567 - tweet_categorizer - INFO - Categorizando tweet 1453/1551
2025-03-25 11:14:41,063 - tweet_categorizer - INFO - Categorizando tweet 1454/1551
2025-03-25 11:14:41,574 - tweet_categorizer - INFO - Categorizando tweet 1455/1551
2025-03-25 11:14:42,165 - tweet_categorizer - INFO - Categorizando tweet 1456/1551
2025-03-25 11:14:42,695 - tweet_categorizer - INFO - Categorizando tweet 1457/1551
2025-03-25 11:14:43,174 - tweet_categorizer - INFO - Categorizando tweet 1458/1551
2025-03-25 11:14:43,645 - tweet_categorizer - INFO - Categorizando tweet 1459/1551
2025-03-25 11:14:44,160 - tweet_categorizer - INFO - Categorizando tweet 1460/1551
2025-03-25 11:14:44,693 - tweet_categorizer - INFO - Categorizando tweet 1461/1551
2025-03-25 11:14:45,179 - tweet_categorizer - INFO - Categorizando tweet 1462/1551
2025-03-25 11:14:45,680 - tweet_categorizer - INFO - Categorizando tweet 1463/1551
2025-03-25 11:14:46,158 - tweet_categorizer - INFO - Categorizando tweet 1464/1551
2025-03-25 11:14:46,642 - tweet_categorizer - INFO - Categorizando tweet 1465/1551
2025-03-25 11:14:47,182 - tweet_categorizer - INFO - Categorizando tweet 1466/1551
2025-03-25 11:14:47,661 - tweet_categorizer - INFO - Categorizando tweet 1467/1551
2025-03-25 11:14:48,151 - tweet_categorizer - INFO - Categorizando tweet 1468/1551
2025-03-25 11:14:48,652 - tweet_categorizer - INFO - Categorizando tweet 1469/1551
2025-03-25 11:14:49,199 - tweet_categorizer - INFO - Categorizando tweet 1470/1551
2025-03-25 11:14:49,686 - tweet_categorizer - INFO - Categorizando tweet 1471/1551
2025-03-25 11:14:50,184 - tweet_categorizer - INFO - Categorizando tweet 1472/1551
2025-03-25 11:14:50,585 - tweet_categorizer - INFO - Categorizando tweet 1473/1551
2025-03-25 11:14:51,063 - tweet_categorizer - INFO - Categorizando tweet 1474/1551
2025-03-25 11:14:51,570 - tweet_categorizer - INFO - Categorizando tweet 1475/1551
2025-03-25 11:14:52,089 - tweet_categorizer - INFO - Categorizando tweet 1476/1551
2025-03-25 11:14:52,576 - tweet_categorizer - INFO - Categorizando tweet 1477/1551
2025-03-25 11:14:53,093 - tweet_categorizer - INFO - Categorizando tweet 1478/1551
2025-03-25 11:14:53,600 - tweet_categorizer - INFO - Categorizando tweet 1479/1551
2025-03-25 11:14:54,040 - tweet_categorizer - INFO - Categorizando tweet 1480/1551
2025-03-25 11:14:54,481 - tweet_categorizer - INFO - Categorizando tweet 1481/1551
2025-03-25 11:14:54,945 - tweet_categorizer - INFO - Categorizando tweet 1482/1551
2025-03-25 11:14:55,530 - tweet_categorizer - INFO - Categorizando tweet 1483/1551
2025-03-25 11:14:56,011 - tweet_categorizer - INFO - Categorizando tweet 1484/1551
2025-03-25 11:14:56,509 - tweet_categorizer - INFO - Categorizando tweet 1485/1551
2025-03-25 11:14:57,067 - tweet_categorizer - INFO - Categorizando tweet 1486/1551
2025-03-25 11:14:57,574 - tweet_categorizer - INFO - Categorizando tweet 1487/1551
2025-03-25 11:14:58,103 - tweet_categorizer - INFO - Categorizando tweet 1488/1551
2025-03-25 11:14:58,595 - tweet_categorizer - INFO - Categorizando tweet 1489/1551
2025-03-25 11:14:59,062 - tweet_categorizer - INFO - Categorizando tweet 1490/1551
2025-03-25 11:14:59,574 - tweet_categorizer - INFO - Categorizando tweet 1491/1551
2025-03-25 11:15:00,070 - tweet_categorizer - INFO - Categorizando tweet 1492/1551
2025-03-25 11:15:00,600 - tweet_categorizer - INFO - Categorizando tweet 1493/1551
2025-03-25 11:15:01,083 - tweet_categorizer - INFO - Categorizando tweet 1494/1551
2025-03-25 11:15:01,591 - tweet_categorizer - INFO - Categorizando tweet 1495/1551
2025-03-25 11:15:02,177 - tweet_categorizer - INFO - Categorizando tweet 1496/1551
2025-03-25 11:15:02,631 - tweet_categorizer - INFO - Categorizando tweet 1497/1551
2025-03-25 11:15:03,053 - tweet_categorizer - INFO - Categorizando tweet 1498/1551
2025-03-25 11:15:03,565 - tweet_categorizer - INFO - Categorizando tweet 1499/1551
2025-03-25 11:15:03,962 - tweet_categorizer - INFO - Categorizando tweet 1500/1551
2025-03-25 11:15:04,461 - tweet_categorizer - INFO - Categorizando tweet 1501/1551
2025-03-25 11:15:04,879 - tweet_categorizer - INFO - Categorizando tweet 1502/1551
2025-03-25 11:15:05,404 - tweet_categorizer - INFO - Categorizando tweet 1503/1551
2025-03-25 11:15:05,892 - tweet_categorizer - INFO - Categorizando tweet 1504/1551
2025-03-25 11:15:06,440 - tweet_categorizer - INFO - Categorizando tweet 1505/1551
2025-03-25 11:15:06,967 - tweet_categorizer - INFO - Categorizando tweet 1506/1551
2025-03-25 11:15:07,443 - tweet_categorizer - INFO - Categorizando tweet 1507/1551
2025-03-25 11:15:07,847 - tweet_categorizer - INFO - Categorizando tweet 1508/1551
2025-03-25 11:15:08,285 - tweet_categorizer - INFO - Categorizando tweet 1509/1551
2025-03-25 11:15:08,750 - tweet_categorizer - INFO - Categorizando tweet 1510/1551
2025-03-25 11:15:09,253 - tweet_categorizer - INFO - Categorizando tweet 1511/1551
2025-03-25 11:15:09,747 - tweet_categorizer - INFO - Categorizando tweet 1512/1551
2025-03-25 11:15:10,202 - tweet_categorizer - INFO - Categorizando tweet 1513/1551
2025-03-25 11:15:10,670 - tweet_categorizer - INFO - Categorizando tweet 1514/1551
2025-03-25 11:15:11,175 - tweet_categorizer - INFO - Categorizando tweet 1515/1551
2025-03-25 11:15:11,659 - tweet_categorizer - INFO - Categorizando tweet 1516/1551
2025-03-25 11:15:12,183 - tweet_categorizer - INFO - Categorizando tweet 1517/1551
2025-03-25 11:15:12,800 - tweet_categorizer - INFO - Categorizando tweet 1518/1551
2025-03-25 11:15:13,166 - tweet_categorizer - INFO - Categorizando tweet 1519/1551
2025-03-25 11:15:13,647 - tweet_categorizer - INFO - Categorizando tweet 1520/1551
2025-03-25 11:15:14,119 - tweet_categorizer - INFO - Categorizando tweet 1521/1551
2025-03-25 11:15:14,613 - tweet_categorizer - INFO - Categorizando tweet 1522/1551
2025-03-25 11:15:15,081 - tweet_categorizer - INFO - Categorizando tweet 1523/1551
2025-03-25 11:15:15,602 - tweet_categorizer - INFO - Categorizando tweet 1524/1551
2025-03-25 11:15:16,042 - tweet_categorizer - INFO - Categorizando tweet 1525/1551
2025-03-25 11:15:16,472 - tweet_categorizer - INFO - Categorizando tweet 1526/1551
2025-03-25 11:15:16,949 - tweet_categorizer - INFO - Categorizando tweet 1527/1551
2025-03-25 11:15:17,433 - tweet_categorizer - INFO - Categorizando tweet 1528/1551
2025-03-25 11:15:17,953 - tweet_categorizer - INFO - Categorizando tweet 1529/1551
2025-03-25 11:15:18,454 - tweet_categorizer - INFO - Categorizando tweet 1530/1551
2025-03-25 11:15:18,950 - tweet_categorizer - INFO - Categorizando tweet 1531/1551
2025-03-25 11:15:19,450 - tweet_categorizer - INFO - Categorizando tweet 1532/1551
2025-03-25 11:15:19,889 - tweet_categorizer - INFO - Categorizando tweet 1533/1551
2025-03-25 11:15:20,297 - tweet_categorizer - INFO - Categorizando tweet 1534/1551
2025-03-25 11:15:20,764 - tweet_categorizer - INFO - Categorizando tweet 1535/1551
2025-03-25 11:15:21,214 - tweet_categorizer - INFO - Categorizando tweet 1536/1551
2025-03-25 11:15:21,677 - tweet_categorizer - INFO - Categorizando tweet 1537/1551
2025-03-25 11:15:22,232 - tweet_categorizer - INFO - Categorizando tweet 1538/1551
2025-03-25 11:15:22,729 - tweet_categorizer - INFO - Categorizando tweet 1539/1551
2025-03-25 11:15:23,206 - tweet_categorizer - INFO - Categorizando tweet 1540/1551
2025-03-25 11:15:23,686 - tweet_categorizer - INFO - Categorizando tweet 1541/1551
2025-03-25 11:15:24,194 - tweet_categorizer - INFO - Categorizando tweet 1542/1551
2025-03-25 11:15:24,674 - tweet_categorizer - INFO - Categorizando tweet 1543/1551
2025-03-25 11:15:25,142 - tweet_categorizer - INFO - Categorizando tweet 1544/1551
2025-03-25 11:15:25,608 - tweet_categorizer - INFO - Categorizando tweet 1545/1551
2025-03-25 11:15:26,112 - tweet_categorizer - INFO - Categorizando tweet 1546/1551
2025-03-25 11:15:26,621 - tweet_categorizer - INFO - Categorizando tweet 1547/1551
2025-03-25 11:15:27,093 - tweet_categorizer - INFO - Categorizando tweet 1548/1551
2025-03-25 11:15:27,522 - tweet_categorizer - INFO - Categorizando tweet 1549/1551
2025-03-25 11:15:27,969 - tweet_categorizer - INFO - Categorizando tweet 1550/1551
2025-03-25 11:15:28,444 - tweet_categorizer - INFO - Categorizando tweet 1551/1551
2025-03-25 11:15:28,928 - __main__ - INFO - Guardando categorización para uso futuro
2025-03-25 11:15:28,960 - tweet_categorizer - INFO - Categorización guardada en categorized_tweets.json
2025-03-25 11:15:28,960 - __main__ - INFO - Calculando estadísticas por categoría
2025-03-25 11:15:28,960 - stats_calculator - INFO - Calculando estadísticas para la categoría: Promoción Local e Informaciones Turísticas
2025-03-25 11:15:28,960 - stats_calculator - INFO - Calculando estadísticas para la categoría: Redes Sociales e Interacción Online
2025-03-25 11:15:28,962 - stats_calculator - INFO - Calculando estadísticas para la categoría: Homenaje a las Víctimas
2025-03-25 11:15:28,962 - stats_calculator - INFO - Calculando estadísticas para la categoría: Comentarios Políticos y Crítica
2025-03-25 11:15:28,962 - stats_calculator - INFO - Calculando estadísticas para la categoría: Humor y Sarcasmo
2025-03-25 11:15:28,962 - stats_calculator - INFO - Calculando estadísticas para la categoría: Eventos Culturales y de Moda
2025-03-25 11:15:28,963 - stats_calculator - INFO - Calculando estadísticas para la categoría: Protestas y Manifestaciones
2025-03-25 11:15:28,963 - stats_calculator - INFO - Calculando estadísticas para la categoría: Otros
2025-03-25 11:15:28,963 - __main__ - INFO - Generando informe
2025-03-25 11:15:28,963 - report_generator - INFO - Iniciando generación del informe
2025-03-25 11:15:28,963 - report_generator - INFO - Generando sección para la categoría: Promoción Local e Informaciones Turísticas
2025-03-25 11:16:46,650 - report_generator - INFO - Generando sección para la categoría: Redes Sociales e Interacción Online
2025-03-25 11:18:03,530 - report_generator - INFO - Generando sección para la categoría: Homenaje a las Víctimas
2025-03-25 11:19:18,875 - report_generator - INFO - Generando sección para la categoría: Comentarios Políticos y Crítica
2025-03-25 11:20:35,886 - report_generator - INFO - Generando sección para la categoría: Humor y Sarcasmo
2025-03-25 11:21:54,689 - report_generator - INFO - Generando sección para la categoría: Eventos Culturales y de Moda
2025-03-25 11:23:17,314 - report_generator - INFO - Generando sección para la categoría: Protestas y Manifestaciones
2025-03-25 11:24:39,059 - report_generator - INFO - Generando sección para la categoría: Otros
2025-03-25 11:25:52,719 - report_generator - INFO - Generando resumen general del informe
2025-03-25 11:26:31,510 - __main__ - INFO - Informe generado y guardado como informe_20250325_112631.md
2025-03-25 11:26:31,510 - __main__ - INFO - Tiempo total de ejecución: 0:23:53.780952
