2025-03-23 18:09:40,673 - __main__ - INFO - Iniciando análisis de tweets
2025-03-23 18:09:40,673 - __main__ - INFO - Cargando tweets desde el archivo JSON
2025-03-23 18:09:40,683 - __main__ - INFO - Se han cargado 1683 tweets correctamente
2025-03-23 18:09:40,683 - __main__ - INFO - Categorizando tweets
2025-03-23 18:09:40,683 - tweet_categorizer - INFO - Extrayendo categorías de los tweets usando Gemma3
2025-03-23 18:13:30,688 - tweet_categorizer - INFO - Se extrajeron 8 categorías: ['**Críticas al Gobierno de Juanma Moreno (PP)**', '**Corrupción y Casos Judiciales del PP**', '**Infraestructuras y Vivienda**', '**Servicios Públicos (Sanidad y Educación)**', '**Tecnología y Conectividad (Wifi China)**', '**Banca y Finanzas (Cajamar)**', '**Libertad de Expresión y Censura**', '**Desarrollo Rural y Conectividad**']
2025-03-23 18:13:30,688 - tweet_categorizer - INFO - Categorías finales: ['**Críticas al Gobierno de Juanma Moreno (PP)**', '**Corrupción y Casos Judiciales del PP**', '**Infraestructuras y Vivienda**', '**Servicios Públicos (Sanidad y Educación)**', '**Tecnología y Conectividad (Wifi China)**', '**Banca y Finanzas (Cajamar)**', '**Libertad de Expresión y Censura**', '**Desarrollo Rural y Conectividad**']
2025-03-23 18:13:30,688 - tweet_categorizer - INFO - Categorizando tweet 1/1683
2025-03-23 18:13:36,080 - tweet_categorizer - INFO - Categorizando tweet 2/1683
2025-03-23 18:13:40,980 - tweet_categorizer - INFO - Categorizando tweet 3/1683
2025-03-23 18:13:48,581 - tweet_categorizer - INFO - Categorizando tweet 4/1683
2025-03-23 18:13:53,217 - tweet_categorizer - INFO - Categorizando tweet 5/1683
2025-03-23 18:13:58,927 - tweet_categorizer - INFO - Categorizando tweet 6/1683
2025-03-23 18:14:03,717 - tweet_categorizer - INFO - Categorizando tweet 7/1683
2025-03-23 18:14:09,416 - tweet_categorizer - INFO - Categorizando tweet 8/1683
2025-03-23 18:14:13,806 - tweet_categorizer - INFO - Categorizando tweet 9/1683
2025-03-23 18:14:20,379 - tweet_categorizer - INFO - Categorizando tweet 10/1683
2025-03-23 18:14:30,759 - tweet_categorizer - INFO - Categorizando tweet 11/1683
2025-03-23 18:14:36,182 - tweet_categorizer - INFO - Categorizando tweet 12/1683
2025-03-23 18:14:42,072 - tweet_categorizer - INFO - Categorizando tweet 13/1683
2025-03-23 18:14:47,356 - tweet_categorizer - INFO - Categorizando tweet 14/1683
2025-03-23 18:14:52,743 - tweet_categorizer - INFO - Categorizando tweet 15/1683
2025-03-23 18:14:57,030 - tweet_categorizer - INFO - Categorizando tweet 16/1683
2025-03-23 18:15:02,125 - tweet_categorizer - INFO - Categorizando tweet 17/1683
2025-03-23 18:15:06,449 - tweet_categorizer - INFO - Categorizando tweet 18/1683
2025-03-23 18:15:10,189 - tweet_categorizer - INFO - Categorizando tweet 19/1683
2025-03-23 18:15:15,559 - tweet_categorizer - INFO - Categorizando tweet 20/1683
2025-03-23 18:15:19,553 - tweet_categorizer - INFO - Categorizando tweet 21/1683
2025-03-23 18:15:23,787 - tweet_categorizer - INFO - Categorizando tweet 22/1683
2025-03-23 18:15:28,344 - tweet_categorizer - INFO - Categorizando tweet 23/1683
2025-03-23 18:15:32,357 - tweet_categorizer - INFO - Categorizando tweet 24/1683
2025-03-23 18:15:34,739 - tweet_categorizer - INFO - Categorizando tweet 25/1683
2025-03-23 18:15:36,788 - tweet_categorizer - INFO - Categorizando tweet 26/1683
2025-03-23 18:15:38,487 - tweet_categorizer - INFO - Categorizando tweet 27/1683
2025-03-23 18:15:40,507 - tweet_categorizer - INFO - Categorizando tweet 28/1683
2025-03-23 18:15:42,806 - tweet_categorizer - INFO - Categorizando tweet 29/1683
2025-03-23 18:15:45,094 - tweet_categorizer - INFO - Categorizando tweet 30/1683
2025-03-23 18:15:47,325 - tweet_categorizer - INFO - Categorizando tweet 31/1683
2025-03-23 18:15:49,527 - tweet_categorizer - INFO - Categorizando tweet 32/1683
2025-03-23 18:15:51,873 - tweet_categorizer - INFO - Categorizando tweet 33/1683
2025-03-23 18:15:54,061 - tweet_categorizer - INFO - Categorizando tweet 34/1683
2025-03-23 18:15:56,645 - tweet_categorizer - INFO - Categorizando tweet 35/1683
2025-03-23 18:15:58,874 - tweet_categorizer - INFO - Categorizando tweet 36/1683
2025-03-23 18:16:01,284 - tweet_categorizer - INFO - Categorizando tweet 37/1683
2025-03-23 18:16:03,120 - tweet_categorizer - INFO - Categorizando tweet 38/1683
2025-03-23 18:16:04,937 - tweet_categorizer - INFO - Categorizando tweet 39/1683
2025-03-23 18:16:06,695 - tweet_categorizer - INFO - Categorizando tweet 40/1683
2025-03-23 18:16:08,477 - tweet_categorizer - INFO - Categorizando tweet 41/1683
2025-03-23 18:16:10,272 - tweet_categorizer - INFO - Categorizando tweet 42/1683
2025-03-23 18:16:12,104 - tweet_categorizer - INFO - Categorizando tweet 43/1683
2025-03-23 18:16:13,943 - tweet_categorizer - INFO - Categorizando tweet 44/1683
2025-03-23 18:16:15,741 - tweet_categorizer - INFO - Categorizando tweet 45/1683
2025-03-23 18:16:17,717 - tweet_categorizer - INFO - Categorizando tweet 46/1683
2025-03-23 18:16:19,663 - tweet_categorizer - INFO - Categorizando tweet 47/1683
2025-03-23 18:16:22,057 - tweet_categorizer - INFO - Categorizando tweet 48/1683
2025-03-23 18:16:24,412 - tweet_categorizer - INFO - Categorizando tweet 49/1683
2025-03-23 18:16:26,727 - tweet_categorizer - INFO - Categorizando tweet 50/1683
2025-03-23 18:16:28,937 - tweet_categorizer - INFO - Categorizando tweet 51/1683
2025-03-23 18:16:32,208 - tweet_categorizer - INFO - Categorizando tweet 52/1683
2025-03-23 18:16:36,728 - tweet_categorizer - INFO - Categorizando tweet 53/1683
2025-03-23 18:16:41,308 - tweet_categorizer - INFO - Categorizando tweet 54/1683
2025-03-23 18:16:46,636 - tweet_categorizer - INFO - Categorizando tweet 55/1683
2025-03-23 18:16:52,526 - tweet_categorizer - INFO - Categorizando tweet 56/1683
2025-03-23 18:16:58,522 - tweet_categorizer - INFO - Categorizando tweet 57/1683
2025-03-23 18:17:04,826 - tweet_categorizer - INFO - Categorizando tweet 58/1683
2025-03-23 18:17:10,900 - tweet_categorizer - INFO - Categorizando tweet 59/1683
2025-03-23 18:17:16,883 - tweet_categorizer - INFO - Categorizando tweet 60/1683
2025-03-23 18:17:22,833 - tweet_categorizer - INFO - Categorizando tweet 61/1683
2025-03-23 18:17:28,768 - tweet_categorizer - INFO - Categorizando tweet 62/1683
2025-03-23 18:17:34,340 - tweet_categorizer - INFO - Categorizando tweet 63/1683
2025-03-23 18:17:40,194 - tweet_categorizer - INFO - Categorizando tweet 64/1683
2025-03-23 18:17:48,627 - tweet_categorizer - INFO - Categorizando tweet 65/1683
2025-03-23 18:17:53,531 - tweet_categorizer - INFO - Categorizando tweet 66/1683
2025-03-23 18:18:01,986 - tweet_categorizer - INFO - Categorizando tweet 67/1683
2025-03-23 18:18:07,282 - tweet_categorizer - INFO - Categorizando tweet 68/1683
2025-03-23 18:18:12,623 - tweet_categorizer - INFO - Categorizando tweet 69/1683
2025-03-23 18:18:18,395 - tweet_categorizer - INFO - Categorizando tweet 70/1683
2025-03-23 18:18:24,209 - tweet_categorizer - INFO - Categorizando tweet 71/1683
2025-03-23 18:18:30,207 - tweet_categorizer - INFO - Categorizando tweet 72/1683
2025-03-23 18:18:36,012 - tweet_categorizer - INFO - Categorizando tweet 73/1683
2025-03-23 18:18:41,970 - tweet_categorizer - INFO - Categorizando tweet 74/1683
2025-03-23 18:18:47,948 - tweet_categorizer - INFO - Categorizando tweet 75/1683
2025-03-23 18:18:53,996 - tweet_categorizer - INFO - Categorizando tweet 76/1683
2025-03-23 18:18:59,974 - tweet_categorizer - INFO - Categorizando tweet 77/1683
2025-03-23 18:19:05,926 - tweet_categorizer - INFO - Categorizando tweet 78/1683
2025-03-23 18:19:11,410 - tweet_categorizer - INFO - Categorizando tweet 79/1683
2025-03-23 18:19:16,813 - tweet_categorizer - INFO - Categorizando tweet 80/1683
2025-03-23 18:19:22,337 - tweet_categorizer - INFO - Categorizando tweet 81/1683
2025-03-23 18:19:27,698 - tweet_categorizer - INFO - Categorizando tweet 82/1683
2025-03-23 18:19:34,057 - tweet_categorizer - INFO - Categorizando tweet 83/1683
2025-03-23 18:19:39,454 - tweet_categorizer - INFO - Categorizando tweet 84/1683
2025-03-23 18:19:44,978 - tweet_categorizer - INFO - Categorizando tweet 85/1683
2025-03-23 18:19:50,771 - tweet_categorizer - INFO - Categorizando tweet 86/1683
2025-03-23 18:19:56,668 - tweet_categorizer - INFO - Categorizando tweet 87/1683
2025-03-23 18:20:01,577 - tweet_categorizer - INFO - Categorizando tweet 88/1683
2025-03-23 18:20:07,528 - tweet_categorizer - INFO - Categorizando tweet 89/1683
2025-03-23 18:20:13,075 - tweet_categorizer - INFO - Categorizando tweet 90/1683
2025-03-23 18:20:18,850 - tweet_categorizer - INFO - Categorizando tweet 91/1683
2025-03-23 18:20:23,781 - tweet_categorizer - INFO - Categorizando tweet 92/1683
2025-03-23 18:20:28,056 - tweet_categorizer - INFO - Categorizando tweet 93/1683
2025-03-23 18:20:34,047 - tweet_categorizer - INFO - Categorizando tweet 94/1683
2025-03-23 18:20:40,046 - tweet_categorizer - INFO - Categorizando tweet 95/1683
2025-03-23 18:20:45,775 - tweet_categorizer - INFO - Categorizando tweet 96/1683
2025-03-23 18:20:51,742 - tweet_categorizer - INFO - Categorizando tweet 97/1683
2025-03-23 18:20:57,462 - tweet_categorizer - INFO - Categorizando tweet 98/1683
2025-03-23 18:21:03,372 - tweet_categorizer - INFO - Categorizando tweet 99/1683
2025-03-23 18:21:08,617 - tweet_categorizer - INFO - Categorizando tweet 100/1683
2025-03-23 18:21:14,189 - tweet_categorizer - INFO - Categorizando tweet 101/1683
2025-03-23 18:21:20,314 - tweet_categorizer - INFO - Categorizando tweet 102/1683
2025-03-23 18:21:26,437 - tweet_categorizer - INFO - Categorizando tweet 103/1683
2025-03-23 18:21:32,205 - tweet_categorizer - INFO - Categorizando tweet 104/1683
2025-03-23 18:21:38,047 - tweet_categorizer - INFO - Categorizando tweet 105/1683
2025-03-23 18:21:43,724 - tweet_categorizer - INFO - Categorizando tweet 106/1683
2025-03-23 18:21:49,246 - tweet_categorizer - INFO - Categorizando tweet 107/1683
2025-03-23 18:21:54,789 - tweet_categorizer - INFO - Categorizando tweet 108/1683
2025-03-23 18:22:00,337 - tweet_categorizer - INFO - Categorizando tweet 109/1683
2025-03-23 18:22:06,285 - tweet_categorizer - INFO - Categorizando tweet 110/1683
2025-03-23 18:22:12,492 - tweet_categorizer - INFO - Categorizando tweet 111/1683
2025-03-23 18:22:18,248 - tweet_categorizer - INFO - Categorizando tweet 112/1683
2025-03-23 18:22:23,728 - tweet_categorizer - INFO - Categorizando tweet 113/1683
2025-03-23 18:22:29,313 - tweet_categorizer - INFO - Categorizando tweet 114/1683
2025-03-23 18:22:34,865 - tweet_categorizer - INFO - Categorizando tweet 115/1683
2025-03-23 18:22:40,325 - tweet_categorizer - INFO - Categorizando tweet 116/1683
2025-03-23 18:22:46,012 - tweet_categorizer - INFO - Categorizando tweet 117/1683
2025-03-23 18:22:51,838 - tweet_categorizer - INFO - Categorizando tweet 118/1683
2025-03-23 18:22:57,543 - tweet_categorizer - INFO - Categorizando tweet 119/1683
2025-03-23 18:23:03,232 - tweet_categorizer - INFO - Categorizando tweet 120/1683
2025-03-23 18:23:08,773 - tweet_categorizer - INFO - Categorizando tweet 121/1683
2025-03-23 18:23:14,399 - tweet_categorizer - INFO - Categorizando tweet 122/1683
2025-03-23 18:23:19,878 - tweet_categorizer - INFO - Categorizando tweet 123/1683
2025-03-23 18:23:25,532 - tweet_categorizer - INFO - Categorizando tweet 124/1683
2025-03-23 18:23:31,304 - tweet_categorizer - INFO - Categorizando tweet 125/1683
2025-03-23 18:23:36,730 - tweet_categorizer - INFO - Categorizando tweet 126/1683
2025-03-23 18:23:42,048 - tweet_categorizer - INFO - Categorizando tweet 127/1683
2025-03-23 18:23:47,486 - tweet_categorizer - INFO - Categorizando tweet 128/1683
2025-03-23 18:23:52,554 - tweet_categorizer - INFO - Categorizando tweet 129/1683
2025-03-23 18:23:58,571 - tweet_categorizer - INFO - Categorizando tweet 130/1683
2025-03-23 18:24:02,979 - tweet_categorizer - INFO - Categorizando tweet 131/1683
2025-03-23 18:24:08,027 - tweet_categorizer - INFO - Categorizando tweet 132/1683
2025-03-23 18:24:12,809 - tweet_categorizer - INFO - Categorizando tweet 133/1683
2025-03-23 18:24:18,304 - tweet_categorizer - INFO - Categorizando tweet 134/1683
2025-03-23 18:24:23,850 - tweet_categorizer - INFO - Categorizando tweet 135/1683
2025-03-23 18:24:29,932 - tweet_categorizer - INFO - Categorizando tweet 136/1683
2025-03-23 18:24:36,193 - tweet_categorizer - INFO - Categorizando tweet 137/1683
2025-03-23 18:24:42,161 - tweet_categorizer - INFO - Categorizando tweet 138/1683
2025-03-23 18:24:47,563 - tweet_categorizer - INFO - Categorizando tweet 139/1683
2025-03-23 18:24:52,600 - tweet_categorizer - INFO - Categorizando tweet 140/1683
2025-03-23 18:24:58,741 - tweet_categorizer - INFO - Categorizando tweet 141/1683
2025-03-23 18:25:04,030 - tweet_categorizer - INFO - Categorizando tweet 142/1683
2025-03-23 18:25:15,382 - tweet_categorizer - INFO - Categorizando tweet 143/1683
2025-03-23 18:25:21,422 - tweet_categorizer - INFO - Categorizando tweet 144/1683
2025-03-23 18:25:27,381 - tweet_categorizer - INFO - Categorizando tweet 145/1683
2025-03-23 18:25:33,542 - tweet_categorizer - INFO - Categorizando tweet 146/1683
2025-03-23 18:25:39,951 - tweet_categorizer - INFO - Categorizando tweet 147/1683
2025-03-23 18:25:45,665 - tweet_categorizer - INFO - Categorizando tweet 148/1683
2025-03-23 18:25:51,485 - tweet_categorizer - INFO - Categorizando tweet 149/1683
2025-03-23 18:25:57,404 - tweet_categorizer - INFO - Categorizando tweet 150/1683
2025-03-23 18:26:03,344 - tweet_categorizer - INFO - Categorizando tweet 151/1683
2025-03-23 18:26:09,258 - tweet_categorizer - INFO - Categorizando tweet 152/1683
2025-03-23 18:26:15,422 - tweet_categorizer - INFO - Categorizando tweet 153/1683
2025-03-23 18:26:21,271 - tweet_categorizer - INFO - Categorizando tweet 154/1683
2025-03-23 18:26:27,085 - tweet_categorizer - INFO - Categorizando tweet 155/1683
2025-03-23 18:26:32,768 - tweet_categorizer - INFO - Categorizando tweet 156/1683
2025-03-23 18:26:38,476 - tweet_categorizer - INFO - Categorizando tweet 157/1683
2025-03-23 18:26:44,281 - tweet_categorizer - INFO - Categorizando tweet 158/1683
2025-03-23 18:26:50,111 - tweet_categorizer - INFO - Categorizando tweet 159/1683
2025-03-23 18:26:56,055 - tweet_categorizer - INFO - Categorizando tweet 160/1683
2025-03-23 18:27:01,546 - tweet_categorizer - INFO - Categorizando tweet 161/1683
2025-03-23 18:27:07,243 - tweet_categorizer - INFO - Categorizando tweet 162/1683
2025-03-23 18:27:12,594 - tweet_categorizer - INFO - Categorizando tweet 163/1683
2025-03-23 18:27:18,166 - tweet_categorizer - INFO - Categorizando tweet 164/1683
2025-03-23 18:27:23,856 - tweet_categorizer - INFO - Categorizando tweet 165/1683
2025-03-23 18:27:29,371 - tweet_categorizer - INFO - Categorizando tweet 166/1683
2025-03-23 18:27:34,854 - tweet_categorizer - INFO - Categorizando tweet 167/1683
2025-03-23 18:27:40,840 - tweet_categorizer - INFO - Categorizando tweet 168/1683
2025-03-23 18:27:46,762 - tweet_categorizer - INFO - Categorizando tweet 169/1683
2025-03-23 18:27:52,241 - tweet_categorizer - INFO - Categorizando tweet 170/1683
2025-03-23 18:27:58,267 - tweet_categorizer - INFO - Categorizando tweet 171/1683
2025-03-23 18:28:04,030 - tweet_categorizer - INFO - Categorizando tweet 172/1683
2025-03-23 18:28:10,080 - tweet_categorizer - INFO - Categorizando tweet 173/1683
2025-03-23 18:28:15,913 - tweet_categorizer - INFO - Categorizando tweet 174/1683
2025-03-23 18:28:21,796 - tweet_categorizer - INFO - Categorizando tweet 175/1683
2025-03-23 18:28:27,636 - tweet_categorizer - INFO - Categorizando tweet 176/1683
2025-03-23 18:28:33,678 - tweet_categorizer - INFO - Categorizando tweet 177/1683
2025-03-23 18:28:39,777 - tweet_categorizer - INFO - Categorizando tweet 178/1683
2025-03-23 18:28:45,418 - tweet_categorizer - INFO - Categorizando tweet 179/1683
2025-03-23 18:28:49,879 - tweet_categorizer - INFO - Categorizando tweet 180/1683
2025-03-23 18:28:55,271 - tweet_categorizer - INFO - Categorizando tweet 181/1683
2025-03-23 18:29:01,405 - tweet_categorizer - INFO - Categorizando tweet 182/1683
2025-03-23 18:29:07,263 - tweet_categorizer - INFO - Categorizando tweet 183/1683
2025-03-23 18:29:13,220 - tweet_categorizer - INFO - Categorizando tweet 184/1683
2025-03-23 18:29:18,909 - tweet_categorizer - INFO - Categorizando tweet 185/1683
2025-03-23 18:29:24,647 - tweet_categorizer - INFO - Categorizando tweet 186/1683
2025-03-23 18:29:30,286 - tweet_categorizer - INFO - Categorizando tweet 187/1683
2025-03-23 18:29:35,855 - tweet_categorizer - INFO - Categorizando tweet 188/1683
2025-03-23 18:29:41,770 - tweet_categorizer - INFO - Categorizando tweet 189/1683
2025-03-23 18:29:47,758 - tweet_categorizer - INFO - Categorizando tweet 190/1683
2025-03-23 18:29:53,406 - tweet_categorizer - INFO - Categorizando tweet 191/1683
2025-03-23 18:29:58,862 - tweet_categorizer - INFO - Categorizando tweet 192/1683
2025-03-23 18:30:04,319 - tweet_categorizer - INFO - Categorizando tweet 193/1683
2025-03-23 18:30:09,839 - tweet_categorizer - INFO - Categorizando tweet 194/1683
2025-03-23 18:30:15,848 - tweet_categorizer - INFO - Categorizando tweet 195/1683
2025-03-23 18:30:21,550 - tweet_categorizer - INFO - Categorizando tweet 196/1683
2025-03-23 18:30:26,192 - tweet_categorizer - INFO - Categorizando tweet 197/1683
2025-03-23 18:30:32,118 - tweet_categorizer - INFO - Categorizando tweet 198/1683
2025-03-23 18:30:38,395 - tweet_categorizer - INFO - Categorizando tweet 199/1683
2025-03-23 18:30:44,284 - tweet_categorizer - INFO - Categorizando tweet 200/1683
2025-03-23 18:30:50,179 - tweet_categorizer - INFO - Categorizando tweet 201/1683
2025-03-23 18:30:55,721 - tweet_categorizer - INFO - Categorizando tweet 202/1683
2025-03-23 18:31:01,695 - tweet_categorizer - INFO - Categorizando tweet 203/1683
2025-03-23 18:31:07,437 - tweet_categorizer - INFO - Categorizando tweet 204/1683
2025-03-23 18:31:12,636 - tweet_categorizer - INFO - Categorizando tweet 205/1683
2025-03-23 18:31:18,454 - tweet_categorizer - INFO - Categorizando tweet 206/1683
2025-03-23 18:31:24,279 - tweet_categorizer - INFO - Categorizando tweet 207/1683
2025-03-23 18:31:29,920 - tweet_categorizer - INFO - Categorizando tweet 208/1683
2025-03-23 18:31:35,626 - tweet_categorizer - INFO - Categorizando tweet 209/1683
2025-03-23 18:31:41,464 - tweet_categorizer - INFO - Categorizando tweet 210/1683
2025-03-23 18:31:47,139 - tweet_categorizer - INFO - Categorizando tweet 211/1683
2025-03-23 18:31:52,760 - tweet_categorizer - INFO - Categorizando tweet 212/1683
2025-03-23 18:31:58,328 - tweet_categorizer - INFO - Categorizando tweet 213/1683
2025-03-23 18:32:03,950 - tweet_categorizer - INFO - Categorizando tweet 214/1683
2025-03-23 18:32:09,475 - tweet_categorizer - INFO - Categorizando tweet 215/1683
2025-03-23 18:32:15,131 - tweet_categorizer - INFO - Categorizando tweet 216/1683
2025-03-23 18:32:20,842 - tweet_categorizer - INFO - Categorizando tweet 217/1683
2025-03-23 18:32:26,625 - tweet_categorizer - INFO - Categorizando tweet 218/1683
2025-03-23 18:32:32,200 - tweet_categorizer - INFO - Categorizando tweet 219/1683
2025-03-23 18:32:36,893 - tweet_categorizer - INFO - Categorizando tweet 220/1683
2025-03-23 18:32:42,182 - tweet_categorizer - INFO - Categorizando tweet 221/1683
2025-03-23 18:32:46,924 - tweet_categorizer - INFO - Categorizando tweet 222/1683
2025-03-23 18:32:52,443 - tweet_categorizer - INFO - Categorizando tweet 223/1683
2025-03-23 18:32:58,182 - tweet_categorizer - INFO - Categorizando tweet 224/1683
2025-03-23 18:33:04,299 - tweet_categorizer - INFO - Categorizando tweet 225/1683
2025-03-23 18:33:09,797 - tweet_categorizer - INFO - Categorizando tweet 226/1683
2025-03-23 18:33:15,519 - tweet_categorizer - INFO - Categorizando tweet 227/1683
2025-03-23 18:33:21,404 - tweet_categorizer - INFO - Categorizando tweet 228/1683
2025-03-23 18:33:27,518 - tweet_categorizer - INFO - Categorizando tweet 229/1683
2025-03-23 18:33:33,074 - tweet_categorizer - INFO - Categorizando tweet 230/1683
2025-03-23 18:33:39,130 - tweet_categorizer - INFO - Categorizando tweet 231/1683
2025-03-23 18:33:44,899 - tweet_categorizer - INFO - Categorizando tweet 232/1683
2025-03-23 18:33:50,892 - tweet_categorizer - INFO - Categorizando tweet 233/1683
2025-03-23 18:33:56,518 - tweet_categorizer - INFO - Categorizando tweet 234/1683
2025-03-23 18:34:01,247 - tweet_categorizer - INFO - Categorizando tweet 235/1683
2025-03-23 18:34:07,193 - tweet_categorizer - INFO - Categorizando tweet 236/1683
2025-03-23 18:34:12,776 - tweet_categorizer - INFO - Categorizando tweet 237/1683
2025-03-23 18:34:17,072 - tweet_categorizer - INFO - Categorizando tweet 238/1683
2025-03-23 18:34:22,902 - tweet_categorizer - INFO - Categorizando tweet 239/1683
2025-03-23 18:34:28,315 - tweet_categorizer - INFO - Categorizando tweet 240/1683
2025-03-23 18:34:33,928 - tweet_categorizer - INFO - Categorizando tweet 241/1683
2025-03-23 18:34:39,442 - tweet_categorizer - INFO - Categorizando tweet 242/1683
2025-03-23 18:34:44,878 - tweet_categorizer - INFO - Categorizando tweet 243/1683
2025-03-23 18:34:50,527 - tweet_categorizer - INFO - Categorizando tweet 244/1683
2025-03-23 18:34:55,986 - tweet_categorizer - INFO - Categorizando tweet 245/1683
2025-03-23 18:35:02,113 - tweet_categorizer - INFO - Categorizando tweet 246/1683
2025-03-23 18:35:08,408 - tweet_categorizer - INFO - Categorizando tweet 247/1683
2025-03-23 18:35:13,819 - tweet_categorizer - INFO - Categorizando tweet 248/1683
2025-03-23 18:35:18,933 - tweet_categorizer - INFO - Categorizando tweet 249/1683
2025-03-23 18:35:24,497 - tweet_categorizer - INFO - Categorizando tweet 250/1683
2025-03-23 18:35:30,730 - tweet_categorizer - INFO - Categorizando tweet 251/1683
2025-03-23 18:35:35,229 - tweet_categorizer - INFO - Categorizando tweet 252/1683
2025-03-23 18:35:40,693 - tweet_categorizer - INFO - Categorizando tweet 253/1683
2025-03-23 18:35:46,846 - tweet_categorizer - INFO - Categorizando tweet 254/1683
2025-03-23 18:35:52,464 - tweet_categorizer - INFO - Categorizando tweet 255/1683
2025-03-23 18:35:58,264 - tweet_categorizer - INFO - Categorizando tweet 256/1683
2025-03-23 18:36:02,832 - tweet_categorizer - INFO - Categorizando tweet 257/1683
2025-03-23 18:36:08,215 - tweet_categorizer - INFO - Categorizando tweet 258/1683
2025-03-23 18:36:16,711 - tweet_categorizer - INFO - Categorizando tweet 259/1683
2025-03-23 18:36:22,114 - tweet_categorizer - INFO - Categorizando tweet 260/1683
2025-03-23 18:36:27,848 - tweet_categorizer - INFO - Categorizando tweet 261/1683
2025-03-23 18:36:33,548 - tweet_categorizer - INFO - Categorizando tweet 262/1683
2025-03-23 18:36:39,211 - tweet_categorizer - INFO - Categorizando tweet 263/1683
2025-03-23 18:36:43,867 - tweet_categorizer - INFO - Categorizando tweet 264/1683
2025-03-23 18:36:49,340 - tweet_categorizer - INFO - Categorizando tweet 265/1683
2025-03-23 18:36:54,026 - tweet_categorizer - INFO - Categorizando tweet 266/1683
2025-03-23 18:36:57,361 - tweet_categorizer - INFO - Categorizando tweet 267/1683
2025-03-23 18:37:00,382 - tweet_categorizer - INFO - Categorizando tweet 268/1683
2025-03-23 18:37:04,108 - tweet_categorizer - INFO - Categorizando tweet 269/1683
2025-03-23 18:37:08,169 - tweet_categorizer - INFO - Categorizando tweet 270/1683
2025-03-23 18:37:12,290 - tweet_categorizer - INFO - Categorizando tweet 271/1683
2025-03-23 18:37:16,230 - tweet_categorizer - INFO - Categorizando tweet 272/1683
2025-03-23 18:37:20,357 - tweet_categorizer - INFO - Categorizando tweet 273/1683
2025-03-23 18:37:24,650 - tweet_categorizer - INFO - Categorizando tweet 274/1683
2025-03-23 18:37:28,924 - tweet_categorizer - INFO - Categorizando tweet 275/1683
2025-03-23 18:37:33,110 - tweet_categorizer - INFO - Categorizando tweet 276/1683
2025-03-23 18:37:37,679 - tweet_categorizer - INFO - Categorizando tweet 277/1683
2025-03-23 18:37:41,772 - tweet_categorizer - INFO - Categorizando tweet 278/1683
2025-03-23 18:37:46,156 - tweet_categorizer - INFO - Categorizando tweet 279/1683
2025-03-23 18:37:50,126 - tweet_categorizer - INFO - Categorizando tweet 280/1683
2025-03-23 18:37:54,079 - tweet_categorizer - INFO - Categorizando tweet 281/1683
2025-03-23 18:37:58,314 - tweet_categorizer - INFO - Categorizando tweet 282/1683
2025-03-23 18:38:03,026 - tweet_categorizer - INFO - Categorizando tweet 283/1683
2025-03-23 18:38:07,182 - tweet_categorizer - INFO - Categorizando tweet 284/1683
2025-03-23 18:38:11,720 - tweet_categorizer - INFO - Categorizando tweet 285/1683
2025-03-23 18:38:15,777 - tweet_categorizer - INFO - Categorizando tweet 286/1683
2025-03-23 18:38:19,942 - tweet_categorizer - INFO - Categorizando tweet 287/1683
2025-03-23 18:38:23,990 - tweet_categorizer - INFO - Categorizando tweet 288/1683
2025-03-23 18:38:27,645 - tweet_categorizer - INFO - Categorizando tweet 289/1683
2025-03-23 18:38:31,615 - tweet_categorizer - INFO - Categorizando tweet 290/1683
2025-03-23 18:38:35,730 - tweet_categorizer - INFO - Categorizando tweet 291/1683
2025-03-23 18:38:39,603 - tweet_categorizer - INFO - Categorizando tweet 292/1683
2025-03-23 18:38:43,994 - tweet_categorizer - INFO - Categorizando tweet 293/1683
2025-03-23 18:38:48,021 - tweet_categorizer - INFO - Categorizando tweet 294/1683
2025-03-23 18:38:52,625 - tweet_categorizer - INFO - Categorizando tweet 295/1683
2025-03-23 18:38:56,533 - tweet_categorizer - INFO - Categorizando tweet 296/1683
2025-03-23 18:39:01,116 - tweet_categorizer - INFO - Categorizando tweet 297/1683
2025-03-23 18:39:05,682 - tweet_categorizer - INFO - Categorizando tweet 298/1683
2025-03-23 18:39:10,167 - tweet_categorizer - INFO - Categorizando tweet 299/1683
2025-03-23 18:39:14,861 - tweet_categorizer - INFO - Categorizando tweet 300/1683
2025-03-23 18:39:19,331 - tweet_categorizer - INFO - Categorizando tweet 301/1683
2025-03-23 18:39:23,994 - tweet_categorizer - INFO - Categorizando tweet 302/1683
2025-03-23 18:39:28,074 - tweet_categorizer - INFO - Categorizando tweet 303/1683
2025-03-23 18:39:32,710 - tweet_categorizer - INFO - Categorizando tweet 304/1683
2025-03-23 18:39:37,397 - tweet_categorizer - INFO - Categorizando tweet 305/1683
2025-03-23 18:39:42,129 - tweet_categorizer - INFO - Categorizando tweet 306/1683
2025-03-23 18:39:46,299 - tweet_categorizer - INFO - Categorizando tweet 307/1683
2025-03-23 18:39:50,804 - tweet_categorizer - INFO - Categorizando tweet 308/1683
2025-03-23 18:39:55,348 - tweet_categorizer - INFO - Categorizando tweet 309/1683
2025-03-23 18:40:00,570 - tweet_categorizer - INFO - Categorizando tweet 310/1683
2025-03-23 18:40:05,046 - tweet_categorizer - INFO - Categorizando tweet 311/1683
2025-03-23 18:40:09,825 - tweet_categorizer - INFO - Categorizando tweet 312/1683
2025-03-23 18:40:14,793 - tweet_categorizer - INFO - Categorizando tweet 313/1683
2025-03-23 18:40:19,696 - tweet_categorizer - INFO - Categorizando tweet 314/1683
2025-03-23 18:40:24,754 - tweet_categorizer - INFO - Categorizando tweet 315/1683
2025-03-23 18:40:29,062 - tweet_categorizer - INFO - Categorizando tweet 316/1683
2025-03-23 18:40:33,904 - tweet_categorizer - INFO - Categorizando tweet 317/1683
2025-03-23 18:40:38,500 - tweet_categorizer - INFO - Categorizando tweet 318/1683
2025-03-23 18:40:42,623 - tweet_categorizer - INFO - Categorizando tweet 319/1683
2025-03-23 18:40:46,704 - tweet_categorizer - INFO - Categorizando tweet 320/1683
2025-03-23 18:40:50,443 - tweet_categorizer - INFO - Categorizando tweet 321/1683
2025-03-23 18:40:53,925 - tweet_categorizer - INFO - Categorizando tweet 322/1683
2025-03-23 18:40:58,177 - tweet_categorizer - INFO - Categorizando tweet 323/1683
2025-03-23 18:41:02,861 - tweet_categorizer - INFO - Categorizando tweet 324/1683
2025-03-23 18:41:06,775 - tweet_categorizer - INFO - Categorizando tweet 325/1683
2025-03-23 18:41:09,630 - tweet_categorizer - INFO - Categorizando tweet 326/1683
2025-03-23 18:41:13,760 - tweet_categorizer - INFO - Categorizando tweet 327/1683
2025-03-23 18:41:18,145 - tweet_categorizer - INFO - Categorizando tweet 328/1683
2025-03-23 18:41:22,159 - tweet_categorizer - INFO - Categorizando tweet 329/1683
2025-03-23 18:41:26,034 - tweet_categorizer - INFO - Categorizando tweet 330/1683
2025-03-23 18:41:30,267 - tweet_categorizer - INFO - Categorizando tweet 331/1683
2025-03-23 18:41:34,826 - tweet_categorizer - INFO - Categorizando tweet 332/1683
2025-03-23 18:41:39,057 - tweet_categorizer - INFO - Categorizando tweet 333/1683
2025-03-23 18:41:43,402 - tweet_categorizer - INFO - Categorizando tweet 334/1683
2025-03-23 18:41:47,491 - tweet_categorizer - INFO - Categorizando tweet 335/1683
2025-03-23 18:41:51,442 - tweet_categorizer - INFO - Categorizando tweet 336/1683
2025-03-23 18:41:55,708 - tweet_categorizer - INFO - Categorizando tweet 337/1683
2025-03-23 18:41:59,799 - tweet_categorizer - INFO - Categorizando tweet 338/1683
2025-03-23 18:42:04,648 - tweet_categorizer - INFO - Categorizando tweet 339/1683
2025-03-23 18:42:09,215 - tweet_categorizer - INFO - Categorizando tweet 340/1683
2025-03-23 18:42:13,186 - tweet_categorizer - INFO - Categorizando tweet 341/1683
2025-03-23 18:42:16,468 - tweet_categorizer - INFO - Categorizando tweet 342/1683
2025-03-23 18:42:20,883 - tweet_categorizer - INFO - Categorizando tweet 343/1683
2025-03-23 18:42:24,809 - tweet_categorizer - INFO - Categorizando tweet 344/1683
2025-03-23 18:42:29,063 - tweet_categorizer - INFO - Categorizando tweet 345/1683
2025-03-23 18:42:33,516 - tweet_categorizer - INFO - Categorizando tweet 346/1683
2025-03-23 18:42:36,980 - tweet_categorizer - INFO - Categorizando tweet 347/1683
2025-03-23 18:42:40,510 - tweet_categorizer - INFO - Categorizando tweet 348/1683
2025-03-23 18:42:44,414 - tweet_categorizer - INFO - Categorizando tweet 349/1683
2025-03-23 18:42:48,777 - tweet_categorizer - INFO - Categorizando tweet 350/1683
2025-03-23 18:42:52,740 - tweet_categorizer - INFO - Categorizando tweet 351/1683
2025-03-23 18:42:56,498 - tweet_categorizer - INFO - Categorizando tweet 352/1683
2025-03-23 18:43:01,261 - tweet_categorizer - INFO - Categorizando tweet 353/1683
2025-03-23 18:43:06,089 - tweet_categorizer - INFO - Categorizando tweet 354/1683
2025-03-23 18:43:10,702 - tweet_categorizer - INFO - Categorizando tweet 355/1683
2025-03-23 18:43:15,851 - tweet_categorizer - INFO - Categorizando tweet 356/1683
2025-03-23 18:43:20,660 - tweet_categorizer - INFO - Categorizando tweet 357/1683
2025-03-23 18:43:25,456 - tweet_categorizer - INFO - Categorizando tweet 358/1683
2025-03-23 18:43:29,519 - tweet_categorizer - INFO - Categorizando tweet 359/1683
2025-03-23 18:43:34,122 - tweet_categorizer - INFO - Categorizando tweet 360/1683
2025-03-23 18:43:39,146 - tweet_categorizer - INFO - Categorizando tweet 361/1683
2025-03-23 18:43:43,586 - tweet_categorizer - INFO - Categorizando tweet 362/1683
2025-03-23 18:43:47,912 - tweet_categorizer - INFO - Categorizando tweet 363/1683
2025-03-23 18:43:52,947 - tweet_categorizer - INFO - Categorizando tweet 364/1683
2025-03-23 18:43:57,297 - tweet_categorizer - INFO - Categorizando tweet 365/1683
2025-03-23 18:44:01,800 - tweet_categorizer - INFO - Categorizando tweet 366/1683
2025-03-23 18:44:07,030 - tweet_categorizer - INFO - Categorizando tweet 367/1683
2025-03-23 18:44:11,971 - tweet_categorizer - INFO - Categorizando tweet 368/1683
2025-03-23 18:44:17,096 - tweet_categorizer - INFO - Categorizando tweet 369/1683
2025-03-23 18:44:22,005 - tweet_categorizer - INFO - Categorizando tweet 370/1683
2025-03-23 18:44:27,141 - tweet_categorizer - INFO - Categorizando tweet 371/1683
2025-03-23 18:44:32,959 - tweet_categorizer - INFO - Categorizando tweet 372/1683
2025-03-23 18:44:38,460 - tweet_categorizer - INFO - Categorizando tweet 373/1683
2025-03-23 18:44:42,524 - tweet_categorizer - INFO - Categorizando tweet 374/1683
2025-03-23 18:44:47,496 - tweet_categorizer - INFO - Categorizando tweet 375/1683
2025-03-23 18:44:52,596 - tweet_categorizer - INFO - Categorizando tweet 376/1683
2025-03-23 18:44:56,633 - tweet_categorizer - INFO - Categorizando tweet 377/1683
2025-03-23 18:45:01,030 - tweet_categorizer - INFO - Categorizando tweet 378/1683
2025-03-23 18:45:05,639 - tweet_categorizer - INFO - Categorizando tweet 379/1683
2025-03-23 18:45:10,267 - tweet_categorizer - INFO - Categorizando tweet 380/1683
2025-03-23 18:45:14,258 - tweet_categorizer - INFO - Categorizando tweet 381/1683
2025-03-23 18:45:19,036 - tweet_categorizer - INFO - Categorizando tweet 382/1683
2025-03-23 18:45:24,012 - tweet_categorizer - INFO - Categorizando tweet 383/1683
2025-03-23 18:45:31,639 - tweet_categorizer - INFO - Categorizando tweet 384/1683
2025-03-23 18:45:36,551 - tweet_categorizer - INFO - Categorizando tweet 385/1683
2025-03-23 18:45:39,926 - tweet_categorizer - INFO - Categorizando tweet 386/1683
2025-03-23 18:45:44,573 - tweet_categorizer - INFO - Categorizando tweet 387/1683
2025-03-23 18:45:49,023 - tweet_categorizer - INFO - Categorizando tweet 388/1683
2025-03-23 18:45:53,174 - tweet_categorizer - INFO - Categorizando tweet 389/1683
2025-03-23 18:45:57,285 - tweet_categorizer - INFO - Categorizando tweet 390/1683
2025-03-23 18:46:00,760 - tweet_categorizer - INFO - Categorizando tweet 391/1683
2025-03-23 18:46:05,034 - tweet_categorizer - INFO - Categorizando tweet 392/1683
2025-03-23 18:46:08,908 - tweet_categorizer - INFO - Categorizando tweet 393/1683
2025-03-23 18:46:13,006 - tweet_categorizer - INFO - Categorizando tweet 394/1683
2025-03-23 18:46:16,930 - tweet_categorizer - INFO - Categorizando tweet 395/1683
2025-03-23 18:46:20,785 - tweet_categorizer - INFO - Categorizando tweet 396/1683
2025-03-23 18:46:24,818 - tweet_categorizer - INFO - Categorizando tweet 397/1683
2025-03-23 18:46:29,264 - tweet_categorizer - INFO - Categorizando tweet 398/1683
2025-03-23 18:46:33,579 - tweet_categorizer - INFO - Categorizando tweet 399/1683
2025-03-23 18:46:37,729 - tweet_categorizer - INFO - Categorizando tweet 400/1683
2025-03-23 18:46:42,409 - tweet_categorizer - INFO - Categorizando tweet 401/1683
2025-03-23 18:46:47,213 - tweet_categorizer - INFO - Categorizando tweet 402/1683
2025-03-23 18:46:52,268 - tweet_categorizer - INFO - Categorizando tweet 403/1683
2025-03-23 18:46:57,092 - tweet_categorizer - INFO - Categorizando tweet 404/1683
2025-03-23 18:47:01,459 - tweet_categorizer - INFO - Categorizando tweet 405/1683
2025-03-23 18:47:07,173 - tweet_categorizer - INFO - Categorizando tweet 406/1683
2025-03-23 18:47:13,033 - tweet_categorizer - INFO - Categorizando tweet 407/1683
2025-03-23 18:47:18,996 - tweet_categorizer - INFO - Categorizando tweet 408/1683
2025-03-23 18:47:24,516 - tweet_categorizer - INFO - Categorizando tweet 409/1683
2025-03-23 18:47:29,459 - tweet_categorizer - INFO - Categorizando tweet 410/1683
2025-03-23 18:47:34,458 - tweet_categorizer - INFO - Categorizando tweet 411/1683
2025-03-23 18:47:39,322 - tweet_categorizer - INFO - Categorizando tweet 412/1683
2025-03-23 18:47:44,882 - tweet_categorizer - INFO - Categorizando tweet 413/1683
2025-03-23 18:47:50,577 - tweet_categorizer - INFO - Categorizando tweet 414/1683
2025-03-23 18:47:55,415 - tweet_categorizer - INFO - Categorizando tweet 415/1683
2025-03-23 18:47:59,935 - tweet_categorizer - INFO - Categorizando tweet 416/1683
2025-03-23 18:48:04,582 - tweet_categorizer - INFO - Categorizando tweet 417/1683
2025-03-23 18:48:08,973 - tweet_categorizer - INFO - Categorizando tweet 418/1683
2025-03-23 18:48:13,368 - tweet_categorizer - INFO - Categorizando tweet 419/1683
2025-03-23 18:48:17,508 - tweet_categorizer - INFO - Categorizando tweet 420/1683
2025-03-23 18:48:23,946 - tweet_categorizer - INFO - Categorizando tweet 421/1683
2025-03-23 18:48:28,307 - tweet_categorizer - INFO - Categorizando tweet 422/1683
2025-03-23 18:48:32,627 - tweet_categorizer - INFO - Categorizando tweet 423/1683
2025-03-23 18:48:36,816 - tweet_categorizer - INFO - Categorizando tweet 424/1683
2025-03-23 18:48:41,224 - tweet_categorizer - INFO - Categorizando tweet 425/1683
2025-03-23 18:48:45,297 - tweet_categorizer - INFO - Categorizando tweet 426/1683
2025-03-23 18:48:49,366 - tweet_categorizer - INFO - Categorizando tweet 427/1683
2025-03-23 18:48:53,260 - tweet_categorizer - INFO - Categorizando tweet 428/1683
2025-03-23 18:48:57,238 - tweet_categorizer - INFO - Categorizando tweet 429/1683
2025-03-23 18:49:01,317 - tweet_categorizer - INFO - Categorizando tweet 430/1683
2025-03-23 18:49:05,771 - tweet_categorizer - INFO - Categorizando tweet 431/1683
2025-03-23 18:49:10,614 - tweet_categorizer - INFO - Categorizando tweet 432/1683
2025-03-23 18:49:14,868 - tweet_categorizer - INFO - Categorizando tweet 433/1683
2025-03-23 18:49:19,144 - tweet_categorizer - INFO - Categorizando tweet 434/1683
2025-03-23 18:49:22,883 - tweet_categorizer - INFO - Categorizando tweet 435/1683
2025-03-23 18:49:27,245 - tweet_categorizer - INFO - Categorizando tweet 436/1683
2025-03-23 18:49:31,155 - tweet_categorizer - INFO - Categorizando tweet 437/1683
2025-03-23 18:49:35,934 - tweet_categorizer - INFO - Categorizando tweet 438/1683
2025-03-23 18:49:40,728 - tweet_categorizer - INFO - Categorizando tweet 439/1683
2025-03-23 18:49:45,536 - tweet_categorizer - INFO - Categorizando tweet 440/1683
2025-03-23 18:49:49,951 - tweet_categorizer - INFO - Categorizando tweet 441/1683
2025-03-23 18:49:54,405 - tweet_categorizer - INFO - Categorizando tweet 442/1683
2025-03-23 18:49:58,785 - tweet_categorizer - INFO - Categorizando tweet 443/1683
2025-03-23 18:50:03,008 - tweet_categorizer - INFO - Categorizando tweet 444/1683
2025-03-23 18:50:06,232 - tweet_categorizer - INFO - Categorizando tweet 445/1683
2025-03-23 18:50:10,778 - tweet_categorizer - INFO - Categorizando tweet 446/1683
2025-03-23 18:50:14,907 - tweet_categorizer - INFO - Categorizando tweet 447/1683
2025-03-23 18:50:18,423 - tweet_categorizer - INFO - Categorizando tweet 448/1683
2025-03-23 18:50:21,849 - tweet_categorizer - INFO - Categorizando tweet 449/1683
2025-03-23 18:50:26,307 - tweet_categorizer - INFO - Categorizando tweet 450/1683
2025-03-23 18:50:30,869 - tweet_categorizer - INFO - Categorizando tweet 451/1683
2025-03-23 18:50:34,167 - tweet_categorizer - INFO - Categorizando tweet 452/1683
2025-03-23 18:50:38,176 - tweet_categorizer - INFO - Categorizando tweet 453/1683
2025-03-23 18:50:41,770 - tweet_categorizer - INFO - Categorizando tweet 454/1683
2025-03-23 18:50:46,779 - tweet_categorizer - INFO - Categorizando tweet 455/1683
2025-03-23 18:50:52,197 - tweet_categorizer - INFO - Categorizando tweet 456/1683
2025-03-23 18:50:57,167 - tweet_categorizer - INFO - Categorizando tweet 457/1683
2025-03-23 18:51:02,452 - tweet_categorizer - INFO - Categorizando tweet 458/1683
2025-03-23 18:51:07,642 - tweet_categorizer - INFO - Categorizando tweet 459/1683
2025-03-23 18:51:12,397 - tweet_categorizer - INFO - Categorizando tweet 460/1683
2025-03-23 18:51:17,037 - tweet_categorizer - INFO - Categorizando tweet 461/1683
2025-03-23 18:51:22,463 - tweet_categorizer - INFO - Categorizando tweet 462/1683
2025-03-23 18:51:28,001 - tweet_categorizer - INFO - Categorizando tweet 463/1683
2025-03-23 18:51:33,128 - tweet_categorizer - INFO - Categorizando tweet 464/1683
2025-03-23 18:51:38,525 - tweet_categorizer - INFO - Categorizando tweet 465/1683
2025-03-23 18:51:44,391 - tweet_categorizer - INFO - Categorizando tweet 466/1683
2025-03-23 18:51:47,788 - tweet_categorizer - INFO - Categorizando tweet 467/1683
2025-03-23 18:51:51,872 - tweet_categorizer - INFO - Categorizando tweet 468/1683
2025-03-23 18:51:56,305 - tweet_categorizer - INFO - Categorizando tweet 469/1683
2025-03-23 18:52:00,784 - tweet_categorizer - INFO - Categorizando tweet 470/1683
2025-03-23 18:52:05,189 - tweet_categorizer - INFO - Categorizando tweet 471/1683
2025-03-23 18:52:10,644 - tweet_categorizer - INFO - Categorizando tweet 472/1683
2025-03-23 18:52:15,004 - tweet_categorizer - INFO - Categorizando tweet 473/1683
2025-03-23 18:52:19,246 - tweet_categorizer - INFO - Categorizando tweet 474/1683
2025-03-23 18:52:23,558 - tweet_categorizer - INFO - Categorizando tweet 475/1683
2025-03-23 18:52:27,475 - tweet_categorizer - INFO - Categorizando tweet 476/1683
2025-03-23 18:52:31,101 - tweet_categorizer - INFO - Categorizando tweet 477/1683
2025-03-23 18:52:35,677 - tweet_categorizer - INFO - Categorizando tweet 478/1683
2025-03-23 18:52:40,110 - tweet_categorizer - INFO - Categorizando tweet 479/1683
2025-03-23 18:52:44,700 - tweet_categorizer - INFO - Categorizando tweet 480/1683
2025-03-23 18:52:48,349 - tweet_categorizer - INFO - Categorizando tweet 481/1683
2025-03-23 18:52:51,756 - tweet_categorizer - INFO - Categorizando tweet 482/1683
2025-03-23 18:52:55,896 - tweet_categorizer - INFO - Categorizando tweet 483/1683
2025-03-23 18:53:00,168 - tweet_categorizer - INFO - Categorizando tweet 484/1683
2025-03-23 18:53:04,394 - tweet_categorizer - INFO - Categorizando tweet 485/1683
2025-03-23 18:53:08,265 - tweet_categorizer - INFO - Categorizando tweet 486/1683
2025-03-23 18:53:12,516 - tweet_categorizer - INFO - Categorizando tweet 487/1683
2025-03-23 18:53:16,625 - tweet_categorizer - INFO - Categorizando tweet 488/1683
2025-03-23 18:53:20,783 - tweet_categorizer - INFO - Categorizando tweet 489/1683
2025-03-23 18:53:25,252 - tweet_categorizer - INFO - Categorizando tweet 490/1683
2025-03-23 18:53:29,066 - tweet_categorizer - INFO - Categorizando tweet 491/1683
2025-03-23 18:53:33,391 - tweet_categorizer - INFO - Categorizando tweet 492/1683
2025-03-23 18:53:38,055 - tweet_categorizer - INFO - Categorizando tweet 493/1683
2025-03-23 18:53:42,626 - tweet_categorizer - INFO - Categorizando tweet 494/1683
2025-03-23 18:53:47,042 - tweet_categorizer - INFO - Categorizando tweet 495/1683
2025-03-23 18:53:51,450 - tweet_categorizer - INFO - Categorizando tweet 496/1683
2025-03-23 18:53:54,710 - tweet_categorizer - INFO - Categorizando tweet 497/1683
2025-03-23 18:53:59,042 - tweet_categorizer - INFO - Categorizando tweet 498/1683
2025-03-23 18:54:03,554 - tweet_categorizer - INFO - Categorizando tweet 499/1683
2025-03-23 18:54:07,971 - tweet_categorizer - INFO - Categorizando tweet 500/1683
2025-03-23 18:54:12,247 - tweet_categorizer - INFO - Categorizando tweet 501/1683
2025-03-23 18:54:16,662 - tweet_categorizer - INFO - Categorizando tweet 502/1683
2025-03-23 18:54:21,142 - tweet_categorizer - INFO - Categorizando tweet 503/1683
2025-03-23 18:54:25,346 - tweet_categorizer - INFO - Categorizando tweet 504/1683
2025-03-23 18:54:28,946 - tweet_categorizer - INFO - Categorizando tweet 505/1683
2025-03-23 18:54:32,360 - tweet_categorizer - INFO - Categorizando tweet 506/1683
2025-03-23 18:54:36,647 - tweet_categorizer - INFO - Categorizando tweet 507/1683
2025-03-23 18:54:40,410 - tweet_categorizer - INFO - Categorizando tweet 508/1683
2025-03-23 18:54:45,263 - tweet_categorizer - INFO - Categorizando tweet 509/1683
2025-03-23 18:54:50,282 - tweet_categorizer - INFO - Categorizando tweet 510/1683
2025-03-23 18:54:54,796 - tweet_categorizer - INFO - Categorizando tweet 511/1683
2025-03-23 18:54:59,376 - tweet_categorizer - INFO - Categorizando tweet 512/1683
2025-03-23 18:55:03,718 - tweet_categorizer - INFO - Categorizando tweet 513/1683
2025-03-23 18:55:08,605 - tweet_categorizer - INFO - Categorizando tweet 514/1683
2025-03-23 18:55:13,287 - tweet_categorizer - INFO - Categorizando tweet 515/1683
2025-03-23 18:55:17,663 - tweet_categorizer - INFO - Categorizando tweet 516/1683
2025-03-23 18:55:22,332 - tweet_categorizer - INFO - Categorizando tweet 517/1683
2025-03-23 18:55:26,986 - tweet_categorizer - INFO - Categorizando tweet 518/1683
2025-03-23 18:55:31,507 - tweet_categorizer - INFO - Categorizando tweet 519/1683
2025-03-23 18:55:36,291 - tweet_categorizer - INFO - Categorizando tweet 520/1683
2025-03-23 18:55:40,955 - tweet_categorizer - INFO - Categorizando tweet 521/1683
2025-03-23 18:55:45,734 - tweet_categorizer - INFO - Categorizando tweet 522/1683
2025-03-23 18:55:50,755 - tweet_categorizer - INFO - Categorizando tweet 523/1683
2025-03-23 18:55:54,804 - tweet_categorizer - INFO - Categorizando tweet 524/1683
2025-03-23 18:55:58,433 - tweet_categorizer - INFO - Categorizando tweet 525/1683
2025-03-23 18:56:02,990 - tweet_categorizer - INFO - Categorizando tweet 526/1683
2025-03-23 18:56:07,660 - tweet_categorizer - INFO - Categorizando tweet 527/1683
2025-03-23 18:56:12,792 - tweet_categorizer - INFO - Categorizando tweet 528/1683
2025-03-23 18:56:16,823 - tweet_categorizer - INFO - Categorizando tweet 529/1683
2025-03-23 18:56:21,598 - tweet_categorizer - INFO - Categorizando tweet 530/1683
2025-03-23 18:56:25,312 - tweet_categorizer - INFO - Categorizando tweet 531/1683
2025-03-23 18:56:29,302 - tweet_categorizer - INFO - Categorizando tweet 532/1683
2025-03-23 18:56:34,271 - tweet_categorizer - INFO - Categorizando tweet 533/1683
2025-03-23 18:56:37,948 - tweet_categorizer - INFO - Categorizando tweet 534/1683
2025-03-23 18:56:42,446 - tweet_categorizer - INFO - Categorizando tweet 535/1683
2025-03-23 18:56:45,792 - tweet_categorizer - INFO - Categorizando tweet 536/1683
2025-03-23 18:56:50,222 - tweet_categorizer - INFO - Categorizando tweet 537/1683
2025-03-23 18:56:54,380 - tweet_categorizer - INFO - Categorizando tweet 538/1683
2025-03-23 18:56:58,684 - tweet_categorizer - INFO - Categorizando tweet 539/1683
2025-03-23 18:57:03,103 - tweet_categorizer - INFO - Categorizando tweet 540/1683
2025-03-23 18:57:07,232 - tweet_categorizer - INFO - Categorizando tweet 541/1683
2025-03-23 18:57:11,705 - tweet_categorizer - INFO - Categorizando tweet 542/1683
2025-03-23 18:57:15,863 - tweet_categorizer - INFO - Categorizando tweet 543/1683
2025-03-23 18:57:20,165 - tweet_categorizer - INFO - Categorizando tweet 544/1683
2025-03-23 18:57:24,476 - tweet_categorizer - INFO - Categorizando tweet 545/1683
2025-03-23 18:57:29,082 - tweet_categorizer - INFO - Categorizando tweet 546/1683
2025-03-23 18:57:34,034 - tweet_categorizer - INFO - Categorizando tweet 547/1683
2025-03-23 18:57:38,276 - tweet_categorizer - INFO - Categorizando tweet 548/1683
2025-03-23 18:57:42,799 - tweet_categorizer - INFO - Categorizando tweet 549/1683
2025-03-23 18:57:47,363 - tweet_categorizer - INFO - Categorizando tweet 550/1683
2025-03-23 18:57:51,373 - tweet_categorizer - INFO - Categorizando tweet 551/1683
2025-03-23 18:57:55,696 - tweet_categorizer - INFO - Categorizando tweet 552/1683
2025-03-23 18:57:59,839 - tweet_categorizer - INFO - Categorizando tweet 553/1683
2025-03-23 18:58:04,009 - tweet_categorizer - INFO - Categorizando tweet 554/1683
2025-03-23 18:58:07,884 - tweet_categorizer - INFO - Categorizando tweet 555/1683
2025-03-23 18:58:12,024 - tweet_categorizer - INFO - Categorizando tweet 556/1683
2025-03-23 18:58:16,344 - tweet_categorizer - INFO - Categorizando tweet 557/1683
2025-03-23 18:58:20,924 - tweet_categorizer - INFO - Categorizando tweet 558/1683
2025-03-23 18:58:25,124 - tweet_categorizer - INFO - Categorizando tweet 559/1683
2025-03-23 18:58:29,717 - tweet_categorizer - INFO - Categorizando tweet 560/1683
2025-03-23 18:58:33,028 - tweet_categorizer - INFO - Categorizando tweet 561/1683
2025-03-23 18:58:37,053 - tweet_categorizer - INFO - Categorizando tweet 562/1683
2025-03-23 18:58:41,824 - tweet_categorizer - INFO - Categorizando tweet 563/1683
2025-03-23 18:58:46,436 - tweet_categorizer - INFO - Categorizando tweet 564/1683
2025-03-23 18:58:50,653 - tweet_categorizer - INFO - Categorizando tweet 565/1683
2025-03-23 18:58:55,055 - tweet_categorizer - INFO - Categorizando tweet 566/1683
2025-03-23 18:58:59,322 - tweet_categorizer - INFO - Categorizando tweet 567/1683
2025-03-23 18:59:03,742 - tweet_categorizer - INFO - Categorizando tweet 568/1683
2025-03-23 18:59:08,143 - tweet_categorizer - INFO - Categorizando tweet 569/1683
2025-03-23 18:59:12,781 - tweet_categorizer - INFO - Categorizando tweet 570/1683
2025-03-23 18:59:17,301 - tweet_categorizer - INFO - Categorizando tweet 571/1683
2025-03-23 18:59:22,013 - tweet_categorizer - INFO - Categorizando tweet 572/1683
2025-03-23 18:59:26,613 - tweet_categorizer - INFO - Categorizando tweet 573/1683
2025-03-23 18:59:31,318 - tweet_categorizer - INFO - Categorizando tweet 574/1683
2025-03-23 18:59:36,291 - tweet_categorizer - INFO - Categorizando tweet 575/1683
2025-03-23 18:59:41,326 - tweet_categorizer - INFO - Categorizando tweet 576/1683
2025-03-23 18:59:46,170 - tweet_categorizer - INFO - Categorizando tweet 577/1683
2025-03-23 18:59:51,127 - tweet_categorizer - INFO - Categorizando tweet 578/1683
2025-03-23 18:59:55,627 - tweet_categorizer - INFO - Categorizando tweet 579/1683
2025-03-23 18:59:59,868 - tweet_categorizer - INFO - Categorizando tweet 580/1683
2025-03-23 19:00:04,343 - tweet_categorizer - INFO - Categorizando tweet 581/1683
2025-03-23 19:00:08,952 - tweet_categorizer - INFO - Categorizando tweet 582/1683
2025-03-23 19:00:13,582 - tweet_categorizer - INFO - Categorizando tweet 583/1683
2025-03-23 19:00:18,668 - tweet_categorizer - INFO - Categorizando tweet 584/1683
2025-03-23 19:00:23,560 - tweet_categorizer - INFO - Categorizando tweet 585/1683
2025-03-23 19:00:28,120 - tweet_categorizer - INFO - Categorizando tweet 586/1683
2025-03-23 19:00:32,606 - tweet_categorizer - INFO - Categorizando tweet 587/1683
2025-03-23 19:00:37,554 - tweet_categorizer - INFO - Categorizando tweet 588/1683
2025-03-23 19:00:41,839 - tweet_categorizer - INFO - Categorizando tweet 589/1683
2025-03-23 19:00:45,716 - tweet_categorizer - INFO - Categorizando tweet 590/1683
2025-03-23 19:00:49,990 - tweet_categorizer - INFO - Categorizando tweet 591/1683
2025-03-23 19:00:54,381 - tweet_categorizer - INFO - Categorizando tweet 592/1683
2025-03-23 19:00:58,670 - tweet_categorizer - INFO - Categorizando tweet 593/1683
2025-03-23 19:01:03,220 - tweet_categorizer - INFO - Categorizando tweet 594/1683
2025-03-23 19:01:07,531 - tweet_categorizer - INFO - Categorizando tweet 595/1683
2025-03-23 19:01:11,769 - tweet_categorizer - INFO - Categorizando tweet 596/1683
2025-03-23 19:01:15,604 - tweet_categorizer - INFO - Categorizando tweet 597/1683
2025-03-23 19:01:20,265 - tweet_categorizer - INFO - Categorizando tweet 598/1683
2025-03-23 19:01:24,774 - tweet_categorizer - INFO - Categorizando tweet 599/1683
2025-03-23 19:01:29,015 - tweet_categorizer - INFO - Categorizando tweet 600/1683
2025-03-23 19:01:33,441 - tweet_categorizer - INFO - Categorizando tweet 601/1683
2025-03-23 19:01:37,812 - tweet_categorizer - INFO - Categorizando tweet 602/1683
2025-03-23 19:01:42,054 - tweet_categorizer - INFO - Categorizando tweet 603/1683
2025-03-23 19:01:46,181 - tweet_categorizer - INFO - Categorizando tweet 604/1683
2025-03-23 19:01:50,774 - tweet_categorizer - INFO - Categorizando tweet 605/1683
2025-03-23 19:01:55,139 - tweet_categorizer - INFO - Categorizando tweet 606/1683
2025-03-23 19:01:59,083 - tweet_categorizer - INFO - Categorizando tweet 607/1683
2025-03-23 19:02:03,389 - tweet_categorizer - INFO - Categorizando tweet 608/1683
2025-03-23 19:02:07,824 - tweet_categorizer - INFO - Categorizando tweet 609/1683
2025-03-23 19:02:11,913 - tweet_categorizer - INFO - Categorizando tweet 610/1683
2025-03-23 19:02:16,107 - tweet_categorizer - INFO - Categorizando tweet 611/1683
2025-03-23 19:02:20,540 - tweet_categorizer - INFO - Categorizando tweet 612/1683
2025-03-23 19:02:24,868 - tweet_categorizer - INFO - Categorizando tweet 613/1683
2025-03-23 19:02:28,975 - tweet_categorizer - INFO - Categorizando tweet 614/1683
2025-03-23 19:02:33,243 - tweet_categorizer - INFO - Categorizando tweet 615/1683
2025-03-23 19:02:37,484 - tweet_categorizer - INFO - Categorizando tweet 616/1683
2025-03-23 19:02:41,464 - tweet_categorizer - INFO - Categorizando tweet 617/1683
2025-03-23 19:02:45,929 - tweet_categorizer - INFO - Categorizando tweet 618/1683
2025-03-23 19:02:50,905 - tweet_categorizer - INFO - Categorizando tweet 619/1683
2025-03-23 19:02:55,373 - tweet_categorizer - INFO - Categorizando tweet 620/1683
2025-03-23 19:02:59,925 - tweet_categorizer - INFO - Categorizando tweet 621/1683
2025-03-23 19:03:04,296 - tweet_categorizer - INFO - Categorizando tweet 622/1683
2025-03-23 19:03:09,057 - tweet_categorizer - INFO - Categorizando tweet 623/1683
2025-03-23 19:03:13,433 - tweet_categorizer - INFO - Categorizando tweet 624/1683
2025-03-23 19:03:17,828 - tweet_categorizer - INFO - Categorizando tweet 625/1683
2025-03-23 19:03:22,258 - tweet_categorizer - INFO - Categorizando tweet 626/1683
2025-03-23 19:03:26,999 - tweet_categorizer - INFO - Categorizando tweet 627/1683
2025-03-23 19:03:31,886 - tweet_categorizer - INFO - Categorizando tweet 628/1683
2025-03-23 19:03:36,676 - tweet_categorizer - INFO - Categorizando tweet 629/1683
2025-03-23 19:03:41,179 - tweet_categorizer - INFO - Categorizando tweet 630/1683
2025-03-23 19:03:45,645 - tweet_categorizer - INFO - Categorizando tweet 631/1683
2025-03-23 19:03:50,730 - tweet_categorizer - INFO - Categorizando tweet 632/1683
2025-03-23 19:03:55,301 - tweet_categorizer - INFO - Categorizando tweet 633/1683
2025-03-23 19:03:59,798 - tweet_categorizer - INFO - Categorizando tweet 634/1683
2025-03-23 19:04:04,346 - tweet_categorizer - INFO - Categorizando tweet 635/1683
2025-03-23 19:04:10,154 - tweet_categorizer - INFO - Categorizando tweet 636/1683
2025-03-23 19:04:15,087 - tweet_categorizer - INFO - Categorizando tweet 637/1683
2025-03-23 19:04:19,773 - tweet_categorizer - INFO - Categorizando tweet 638/1683
2025-03-23 19:04:24,909 - tweet_categorizer - INFO - Categorizando tweet 639/1683
2025-03-23 19:04:29,822 - tweet_categorizer - INFO - Categorizando tweet 640/1683
2025-03-23 19:04:34,617 - tweet_categorizer - INFO - Categorizando tweet 641/1683
2025-03-23 19:04:39,629 - tweet_categorizer - INFO - Categorizando tweet 642/1683
2025-03-23 19:04:44,542 - tweet_categorizer - INFO - Categorizando tweet 643/1683
2025-03-23 19:04:49,079 - tweet_categorizer - INFO - Categorizando tweet 644/1683
2025-03-23 19:04:52,973 - tweet_categorizer - INFO - Categorizando tweet 645/1683
2025-03-23 19:04:57,136 - tweet_categorizer - INFO - Categorizando tweet 646/1683
2025-03-23 19:05:01,370 - tweet_categorizer - INFO - Categorizando tweet 647/1683
2025-03-23 19:05:05,610 - tweet_categorizer - INFO - Categorizando tweet 648/1683
2025-03-23 19:05:09,977 - tweet_categorizer - INFO - Categorizando tweet 649/1683
2025-03-23 19:05:14,234 - tweet_categorizer - INFO - Categorizando tweet 650/1683
2025-03-23 19:05:18,251 - tweet_categorizer - INFO - Categorizando tweet 651/1683
2025-03-23 19:05:22,501 - tweet_categorizer - INFO - Categorizando tweet 652/1683
2025-03-23 19:05:26,887 - tweet_categorizer - INFO - Categorizando tweet 653/1683
2025-03-23 19:05:31,192 - tweet_categorizer - INFO - Categorizando tweet 654/1683
2025-03-23 19:05:35,381 - tweet_categorizer - INFO - Categorizando tweet 655/1683
2025-03-23 19:05:39,759 - tweet_categorizer - INFO - Categorizando tweet 656/1683
2025-03-23 19:05:43,917 - tweet_categorizer - INFO - Categorizando tweet 657/1683
2025-03-23 19:05:47,878 - tweet_categorizer - INFO - Categorizando tweet 658/1683
2025-03-23 19:05:52,002 - tweet_categorizer - INFO - Categorizando tweet 659/1683
2025-03-23 19:05:56,030 - tweet_categorizer - INFO - Categorizando tweet 660/1683
2025-03-23 19:06:00,206 - tweet_categorizer - INFO - Categorizando tweet 661/1683
2025-03-23 19:06:04,956 - tweet_categorizer - INFO - Categorizando tweet 662/1683
2025-03-23 19:06:09,174 - tweet_categorizer - INFO - Categorizando tweet 663/1683
2025-03-23 19:06:13,313 - tweet_categorizer - INFO - Categorizando tweet 664/1683
2025-03-23 19:06:17,883 - tweet_categorizer - INFO - Categorizando tweet 665/1683
2025-03-23 19:06:22,265 - tweet_categorizer - INFO - Categorizando tweet 666/1683
2025-03-23 19:06:26,540 - tweet_categorizer - INFO - Categorizando tweet 667/1683
2025-03-23 19:06:30,593 - tweet_categorizer - INFO - Categorizando tweet 668/1683
2025-03-23 19:06:34,796 - tweet_categorizer - INFO - Categorizando tweet 669/1683
2025-03-23 19:06:39,090 - tweet_categorizer - INFO - Categorizando tweet 670/1683
2025-03-23 19:06:43,263 - tweet_categorizer - INFO - Categorizando tweet 671/1683
2025-03-23 19:06:47,518 - tweet_categorizer - INFO - Categorizando tweet 672/1683
2025-03-23 19:06:52,140 - tweet_categorizer - INFO - Categorizando tweet 673/1683
2025-03-23 19:06:56,550 - tweet_categorizer - INFO - Categorizando tweet 674/1683
2025-03-23 19:07:01,797 - tweet_categorizer - INFO - Categorizando tweet 675/1683
2025-03-23 19:07:06,424 - tweet_categorizer - INFO - Categorizando tweet 676/1683
2025-03-23 19:07:11,079 - tweet_categorizer - INFO - Categorizando tweet 677/1683
2025-03-23 19:07:15,741 - tweet_categorizer - INFO - Categorizando tweet 678/1683
2025-03-23 19:07:19,936 - tweet_categorizer - INFO - Categorizando tweet 679/1683
2025-03-23 19:07:24,718 - tweet_categorizer - INFO - Categorizando tweet 680/1683
2025-03-23 19:07:28,946 - tweet_categorizer - INFO - Categorizando tweet 681/1683
2025-03-23 19:07:33,295 - tweet_categorizer - INFO - Categorizando tweet 682/1683
2025-03-23 19:07:38,186 - tweet_categorizer - INFO - Categorizando tweet 683/1683
2025-03-23 19:07:42,487 - tweet_categorizer - INFO - Categorizando tweet 684/1683
2025-03-23 19:07:47,152 - tweet_categorizer - INFO - Categorizando tweet 685/1683
2025-03-23 19:07:51,905 - tweet_categorizer - INFO - Categorizando tweet 686/1683
2025-03-23 19:07:56,666 - tweet_categorizer - INFO - Categorizando tweet 687/1683
2025-03-23 19:08:01,668 - tweet_categorizer - INFO - Categorizando tweet 688/1683
2025-03-23 19:08:06,606 - tweet_categorizer - INFO - Categorizando tweet 689/1683
2025-03-23 19:08:11,390 - tweet_categorizer - INFO - Categorizando tweet 690/1683
2025-03-23 19:08:16,093 - tweet_categorizer - INFO - Categorizando tweet 691/1683
2025-03-23 19:08:21,059 - tweet_categorizer - INFO - Categorizando tweet 692/1683
2025-03-23 19:08:25,445 - tweet_categorizer - INFO - Categorizando tweet 693/1683
2025-03-23 19:08:29,994 - tweet_categorizer - INFO - Categorizando tweet 694/1683
2025-03-23 19:08:34,692 - tweet_categorizer - INFO - Categorizando tweet 695/1683
2025-03-23 19:08:39,401 - tweet_categorizer - INFO - Categorizando tweet 696/1683
2025-03-23 19:08:43,802 - tweet_categorizer - INFO - Categorizando tweet 697/1683
2025-03-23 19:08:48,442 - tweet_categorizer - INFO - Categorizando tweet 698/1683
2025-03-23 19:08:52,406 - tweet_categorizer - INFO - Categorizando tweet 699/1683
2025-03-23 19:08:56,539 - tweet_categorizer - INFO - Categorizando tweet 700/1683
2025-03-23 19:09:00,566 - tweet_categorizer - INFO - Categorizando tweet 701/1683
2025-03-23 19:09:04,889 - tweet_categorizer - INFO - Categorizando tweet 702/1683
2025-03-23 19:09:09,660 - tweet_categorizer - INFO - Categorizando tweet 703/1683
2025-03-23 19:09:14,285 - tweet_categorizer - INFO - Categorizando tweet 704/1683
2025-03-23 19:09:18,596 - tweet_categorizer - INFO - Categorizando tweet 705/1683
2025-03-23 19:09:22,790 - tweet_categorizer - INFO - Categorizando tweet 706/1683
2025-03-23 19:09:27,086 - tweet_categorizer - INFO - Categorizando tweet 707/1683
2025-03-23 19:09:30,745 - tweet_categorizer - INFO - Categorizando tweet 708/1683
2025-03-23 19:09:34,715 - tweet_categorizer - INFO - Categorizando tweet 709/1683
2025-03-23 19:09:38,916 - tweet_categorizer - INFO - Categorizando tweet 710/1683
2025-03-23 19:09:43,468 - tweet_categorizer - INFO - Categorizando tweet 711/1683
2025-03-23 19:09:47,666 - tweet_categorizer - INFO - Categorizando tweet 712/1683
2025-03-23 19:09:52,444 - tweet_categorizer - INFO - Categorizando tweet 713/1683
2025-03-23 19:09:56,974 - tweet_categorizer - INFO - Categorizando tweet 714/1683
2025-03-23 19:10:01,429 - tweet_categorizer - INFO - Categorizando tweet 715/1683
2025-03-23 19:10:05,677 - tweet_categorizer - INFO - Categorizando tweet 716/1683
2025-03-23 19:10:09,439 - tweet_categorizer - INFO - Categorizando tweet 717/1683
2025-03-23 19:10:13,615 - tweet_categorizer - INFO - Categorizando tweet 718/1683
2025-03-23 19:10:18,025 - tweet_categorizer - INFO - Categorizando tweet 719/1683
2025-03-23 19:10:21,389 - tweet_categorizer - INFO - Categorizando tweet 720/1683
2025-03-23 19:10:25,885 - tweet_categorizer - INFO - Categorizando tweet 721/1683
2025-03-23 19:10:30,174 - tweet_categorizer - INFO - Categorizando tweet 722/1683
2025-03-23 19:10:34,581 - tweet_categorizer - INFO - Categorizando tweet 723/1683
2025-03-23 19:10:38,826 - tweet_categorizer - INFO - Categorizando tweet 724/1683
2025-03-23 19:10:43,610 - tweet_categorizer - INFO - Categorizando tweet 725/1683
2025-03-23 19:10:48,306 - tweet_categorizer - INFO - Categorizando tweet 726/1683
2025-03-23 19:10:52,850 - tweet_categorizer - INFO - Categorizando tweet 727/1683
2025-03-23 19:10:56,823 - tweet_categorizer - INFO - Categorizando tweet 728/1683
2025-03-23 19:11:01,670 - tweet_categorizer - INFO - Categorizando tweet 729/1683
2025-03-23 19:11:06,281 - tweet_categorizer - INFO - Categorizando tweet 730/1683
2025-03-23 19:11:10,777 - tweet_categorizer - INFO - Categorizando tweet 731/1683
2025-03-23 19:11:15,502 - tweet_categorizer - INFO - Categorizando tweet 732/1683
2025-03-23 19:11:20,332 - tweet_categorizer - INFO - Categorizando tweet 733/1683
2025-03-23 19:11:24,910 - tweet_categorizer - INFO - Categorizando tweet 734/1683
2025-03-23 19:11:29,661 - tweet_categorizer - INFO - Categorizando tweet 735/1683
2025-03-23 19:11:33,931 - tweet_categorizer - INFO - Categorizando tweet 736/1683
2025-03-23 19:11:38,551 - tweet_categorizer - INFO - Categorizando tweet 737/1683
2025-03-23 19:11:43,692 - tweet_categorizer - INFO - Categorizando tweet 738/1683
2025-03-23 19:11:48,309 - tweet_categorizer - INFO - Categorizando tweet 739/1683
2025-03-23 19:11:53,163 - tweet_categorizer - INFO - Categorizando tweet 740/1683
2025-03-23 19:11:57,736 - tweet_categorizer - INFO - Categorizando tweet 741/1683
2025-03-23 19:12:02,518 - tweet_categorizer - INFO - Categorizando tweet 742/1683
2025-03-23 19:12:07,153 - tweet_categorizer - INFO - Categorizando tweet 743/1683
2025-03-23 19:12:11,808 - tweet_categorizer - INFO - Categorizando tweet 744/1683
2025-03-23 19:12:16,629 - tweet_categorizer - INFO - Categorizando tweet 745/1683
2025-03-23 19:12:21,876 - tweet_categorizer - INFO - Categorizando tweet 746/1683
2025-03-23 19:12:27,092 - tweet_categorizer - INFO - Categorizando tweet 747/1683
2025-03-23 19:12:32,318 - tweet_categorizer - INFO - Categorizando tweet 748/1683
2025-03-23 19:12:37,573 - tweet_categorizer - INFO - Categorizando tweet 749/1683
2025-03-23 19:12:42,530 - tweet_categorizer - INFO - Categorizando tweet 750/1683
2025-03-23 19:12:46,915 - tweet_categorizer - INFO - Categorizando tweet 751/1683
2025-03-23 19:12:51,336 - tweet_categorizer - INFO - Categorizando tweet 752/1683
2025-03-23 19:12:55,877 - tweet_categorizer - INFO - Categorizando tweet 753/1683
2025-03-23 19:13:00,363 - tweet_categorizer - INFO - Categorizando tweet 754/1683
2025-03-23 19:13:04,579 - tweet_categorizer - INFO - Categorizando tweet 755/1683
2025-03-23 19:13:08,784 - tweet_categorizer - INFO - Categorizando tweet 756/1683
2025-03-23 19:13:12,482 - tweet_categorizer - INFO - Categorizando tweet 757/1683
2025-03-23 19:13:16,923 - tweet_categorizer - INFO - Categorizando tweet 758/1683
2025-03-23 19:13:21,258 - tweet_categorizer - INFO - Categorizando tweet 759/1683
2025-03-23 19:13:25,612 - tweet_categorizer - INFO - Categorizando tweet 760/1683
2025-03-23 19:13:29,550 - tweet_categorizer - INFO - Categorizando tweet 761/1683
2025-03-23 19:13:34,074 - tweet_categorizer - INFO - Categorizando tweet 762/1683
2025-03-23 19:13:38,143 - tweet_categorizer - INFO - Categorizando tweet 763/1683
2025-03-23 19:13:42,389 - tweet_categorizer - INFO - Categorizando tweet 764/1683
2025-03-23 19:13:46,649 - tweet_categorizer - INFO - Categorizando tweet 765/1683
2025-03-23 19:13:50,684 - tweet_categorizer - INFO - Categorizando tweet 766/1683
2025-03-23 19:13:54,842 - tweet_categorizer - INFO - Categorizando tweet 767/1683
2025-03-23 19:13:59,242 - tweet_categorizer - INFO - Categorizando tweet 768/1683
2025-03-23 19:14:03,843 - tweet_categorizer - INFO - Categorizando tweet 769/1683
2025-03-23 19:14:07,822 - tweet_categorizer - INFO - Categorizando tweet 770/1683
2025-03-23 19:14:11,774 - tweet_categorizer - INFO - Categorizando tweet 771/1683
2025-03-23 19:14:15,589 - tweet_categorizer - INFO - Categorizando tweet 772/1683
2025-03-23 19:14:19,825 - tweet_categorizer - INFO - Categorizando tweet 773/1683
2025-03-23 19:14:24,076 - tweet_categorizer - INFO - Categorizando tweet 774/1683
2025-03-23 19:14:28,213 - tweet_categorizer - INFO - Categorizando tweet 775/1683
2025-03-23 19:14:32,418 - tweet_categorizer - INFO - Categorizando tweet 776/1683
2025-03-23 19:14:36,653 - tweet_categorizer - INFO - Categorizando tweet 777/1683
2025-03-23 19:14:41,099 - tweet_categorizer - INFO - Categorizando tweet 778/1683
2025-03-23 19:14:45,822 - tweet_categorizer - INFO - Categorizando tweet 779/1683
2025-03-23 19:14:50,646 - tweet_categorizer - INFO - Categorizando tweet 780/1683
2025-03-23 19:14:55,106 - tweet_categorizer - INFO - Categorizando tweet 781/1683
2025-03-23 19:15:00,056 - tweet_categorizer - INFO - Categorizando tweet 782/1683
2025-03-23 19:15:03,901 - tweet_categorizer - INFO - Categorizando tweet 783/1683
2025-03-23 19:15:07,626 - tweet_categorizer - INFO - Categorizando tweet 784/1683
2025-03-23 19:15:12,370 - tweet_categorizer - INFO - Categorizando tweet 785/1683
2025-03-23 19:15:16,832 - tweet_categorizer - INFO - Categorizando tweet 786/1683
2025-03-23 19:15:21,783 - tweet_categorizer - INFO - Categorizando tweet 787/1683
2025-03-23 19:15:26,658 - tweet_categorizer - INFO - Categorizando tweet 788/1683
2025-03-23 19:15:31,544 - tweet_categorizer - INFO - Categorizando tweet 789/1683
2025-03-23 19:15:36,237 - tweet_categorizer - INFO - Categorizando tweet 790/1683
2025-03-23 19:15:40,683 - tweet_categorizer - INFO - Categorizando tweet 791/1683
2025-03-23 19:15:46,658 - tweet_categorizer - INFO - Categorizando tweet 792/1683
2025-03-23 19:15:51,587 - tweet_categorizer - INFO - Categorizando tweet 793/1683
2025-03-23 19:15:56,711 - tweet_categorizer - INFO - Categorizando tweet 794/1683
2025-03-23 19:16:01,631 - tweet_categorizer - INFO - Categorizando tweet 795/1683
2025-03-23 19:16:06,661 - tweet_categorizer - INFO - Categorizando tweet 796/1683
2025-03-23 19:16:11,242 - tweet_categorizer - INFO - Categorizando tweet 797/1683
2025-03-23 19:16:16,136 - tweet_categorizer - INFO - Categorizando tweet 798/1683
2025-03-23 19:16:20,618 - tweet_categorizer - INFO - Categorizando tweet 799/1683
2025-03-23 19:16:25,259 - tweet_categorizer - INFO - Categorizando tweet 800/1683
2025-03-23 19:16:29,836 - tweet_categorizer - INFO - Categorizando tweet 801/1683
2025-03-23 19:16:34,650 - tweet_categorizer - INFO - Categorizando tweet 802/1683
2025-03-23 19:16:39,077 - tweet_categorizer - INFO - Categorizando tweet 803/1683
2025-03-23 19:16:42,947 - tweet_categorizer - INFO - Categorizando tweet 804/1683
2025-03-23 19:16:47,249 - tweet_categorizer - INFO - Categorizando tweet 805/1683
2025-03-23 19:16:51,738 - tweet_categorizer - INFO - Categorizando tweet 806/1683
2025-03-23 19:16:55,515 - tweet_categorizer - INFO - Categorizando tweet 807/1683
2025-03-23 19:16:59,921 - tweet_categorizer - INFO - Categorizando tweet 808/1683
2025-03-23 19:17:04,360 - tweet_categorizer - INFO - Categorizando tweet 809/1683
2025-03-23 19:17:08,691 - tweet_categorizer - INFO - Categorizando tweet 810/1683
2025-03-23 19:17:12,792 - tweet_categorizer - INFO - Categorizando tweet 811/1683
2025-03-23 19:17:16,751 - tweet_categorizer - INFO - Categorizando tweet 812/1683
2025-03-23 19:17:20,966 - tweet_categorizer - INFO - Categorizando tweet 813/1683
2025-03-23 19:17:25,218 - tweet_categorizer - INFO - Categorizando tweet 814/1683
2025-03-23 19:17:29,221 - tweet_categorizer - INFO - Categorizando tweet 815/1683
2025-03-23 19:17:33,330 - tweet_categorizer - INFO - Categorizando tweet 816/1683
2025-03-23 19:17:37,817 - tweet_categorizer - INFO - Categorizando tweet 817/1683
2025-03-23 19:17:41,605 - tweet_categorizer - INFO - Categorizando tweet 818/1683
2025-03-23 19:17:45,814 - tweet_categorizer - INFO - Categorizando tweet 819/1683
2025-03-23 19:17:49,952 - tweet_categorizer - INFO - Categorizando tweet 820/1683
2025-03-23 19:17:54,383 - tweet_categorizer - INFO - Categorizando tweet 821/1683
2025-03-23 19:17:58,474 - tweet_categorizer - INFO - Categorizando tweet 822/1683
2025-03-23 19:18:02,661 - tweet_categorizer - INFO - Categorizando tweet 823/1683
2025-03-23 19:18:07,256 - tweet_categorizer - INFO - Categorizando tweet 824/1683
2025-03-23 19:18:11,255 - tweet_categorizer - INFO - Categorizando tweet 825/1683
2025-03-23 19:18:15,648 - tweet_categorizer - INFO - Categorizando tweet 826/1683
2025-03-23 19:18:19,688 - tweet_categorizer - INFO - Categorizando tweet 827/1683
2025-03-23 19:18:24,267 - tweet_categorizer - INFO - Categorizando tweet 828/1683
2025-03-23 19:18:27,683 - tweet_categorizer - INFO - Categorizando tweet 829/1683
2025-03-23 19:18:31,775 - tweet_categorizer - INFO - Categorizando tweet 830/1683
2025-03-23 19:18:36,361 - tweet_categorizer - INFO - Categorizando tweet 831/1683
2025-03-23 19:18:40,631 - tweet_categorizer - INFO - Categorizando tweet 832/1683
2025-03-23 19:18:45,116 - tweet_categorizer - INFO - Categorizando tweet 833/1683
2025-03-23 19:18:50,101 - tweet_categorizer - INFO - Categorizando tweet 834/1683
2025-03-23 19:18:54,717 - tweet_categorizer - INFO - Categorizando tweet 835/1683
2025-03-23 19:18:59,848 - tweet_categorizer - INFO - Categorizando tweet 836/1683
2025-03-23 19:19:04,340 - tweet_categorizer - INFO - Categorizando tweet 837/1683
2025-03-23 19:19:08,842 - tweet_categorizer - INFO - Categorizando tweet 838/1683
2025-03-23 19:19:13,652 - tweet_categorizer - INFO - Categorizando tweet 839/1683
2025-03-23 19:19:18,338 - tweet_categorizer - INFO - Categorizando tweet 840/1683
2025-03-23 19:19:22,774 - tweet_categorizer - INFO - Categorizando tweet 841/1683
2025-03-23 19:19:27,532 - tweet_categorizer - INFO - Categorizando tweet 842/1683
2025-03-23 19:19:31,974 - tweet_categorizer - INFO - Categorizando tweet 843/1683
2025-03-23 19:19:35,896 - tweet_categorizer - INFO - Categorizando tweet 844/1683
2025-03-23 19:19:40,624 - tweet_categorizer - INFO - Categorizando tweet 845/1683
2025-03-23 19:19:45,182 - tweet_categorizer - INFO - Categorizando tweet 846/1683
2025-03-23 19:19:50,148 - tweet_categorizer - INFO - Categorizando tweet 847/1683
2025-03-23 19:19:54,299 - tweet_categorizer - INFO - Categorizando tweet 848/1683
2025-03-23 19:19:58,355 - tweet_categorizer - INFO - Categorizando tweet 849/1683
2025-03-23 19:20:03,159 - tweet_categorizer - INFO - Categorizando tweet 850/1683
2025-03-23 19:20:08,398 - tweet_categorizer - INFO - Categorizando tweet 851/1683
2025-03-23 19:20:13,504 - tweet_categorizer - INFO - Categorizando tweet 852/1683
2025-03-23 19:20:17,952 - tweet_categorizer - INFO - Categorizando tweet 853/1683
2025-03-23 19:20:22,584 - tweet_categorizer - INFO - Categorizando tweet 854/1683
2025-03-23 19:20:27,724 - tweet_categorizer - INFO - Categorizando tweet 855/1683
2025-03-23 19:20:32,424 - tweet_categorizer - INFO - Categorizando tweet 856/1683
2025-03-23 19:20:37,440 - tweet_categorizer - INFO - Categorizando tweet 857/1683
2025-03-23 19:20:41,900 - tweet_categorizer - INFO - Categorizando tweet 858/1683
2025-03-23 19:20:46,288 - tweet_categorizer - INFO - Categorizando tweet 859/1683
2025-03-23 19:20:50,567 - tweet_categorizer - INFO - Categorizando tweet 860/1683
2025-03-23 19:20:54,562 - tweet_categorizer - INFO - Categorizando tweet 861/1683
2025-03-23 19:20:58,724 - tweet_categorizer - INFO - Categorizando tweet 862/1683
2025-03-23 19:21:03,034 - tweet_categorizer - INFO - Categorizando tweet 863/1683
2025-03-23 19:21:07,063 - tweet_categorizer - INFO - Categorizando tweet 864/1683
2025-03-23 19:21:10,931 - tweet_categorizer - INFO - Categorizando tweet 865/1683
2025-03-23 19:21:15,274 - tweet_categorizer - INFO - Categorizando tweet 866/1683
2025-03-23 19:21:19,599 - tweet_categorizer - INFO - Categorizando tweet 867/1683
2025-03-23 19:21:24,228 - tweet_categorizer - INFO - Categorizando tweet 868/1683
2025-03-23 19:21:27,988 - tweet_categorizer - INFO - Categorizando tweet 869/1683
2025-03-23 19:21:32,130 - tweet_categorizer - INFO - Categorizando tweet 870/1683
2025-03-23 19:21:36,351 - tweet_categorizer - INFO - Categorizando tweet 871/1683
2025-03-23 19:21:40,598 - tweet_categorizer - INFO - Categorizando tweet 872/1683
2025-03-23 19:21:44,487 - tweet_categorizer - INFO - Categorizando tweet 873/1683
2025-03-23 19:21:48,622 - tweet_categorizer - INFO - Categorizando tweet 874/1683
2025-03-23 19:21:52,214 - tweet_categorizer - INFO - Categorizando tweet 875/1683
2025-03-23 19:21:56,131 - tweet_categorizer - INFO - Categorizando tweet 876/1683
2025-03-23 19:22:00,681 - tweet_categorizer - INFO - Categorizando tweet 877/1683
2025-03-23 19:22:04,814 - tweet_categorizer - INFO - Categorizando tweet 878/1683
2025-03-23 19:22:09,145 - tweet_categorizer - INFO - Categorizando tweet 879/1683
2025-03-23 19:22:12,583 - tweet_categorizer - INFO - Categorizando tweet 880/1683
2025-03-23 19:22:16,987 - tweet_categorizer - INFO - Categorizando tweet 881/1683
2025-03-23 19:22:20,362 - tweet_categorizer - INFO - Categorizando tweet 882/1683
2025-03-23 19:22:24,505 - tweet_categorizer - INFO - Categorizando tweet 883/1683
2025-03-23 19:22:28,159 - tweet_categorizer - INFO - Categorizando tweet 884/1683
2025-03-23 19:22:31,785 - tweet_categorizer - INFO - Categorizando tweet 885/1683
2025-03-23 19:22:35,675 - tweet_categorizer - INFO - Categorizando tweet 886/1683
2025-03-23 19:22:39,975 - tweet_categorizer - INFO - Categorizando tweet 887/1683
2025-03-23 19:22:44,792 - tweet_categorizer - INFO - Categorizando tweet 888/1683
2025-03-23 19:22:48,730 - tweet_categorizer - INFO - Categorizando tweet 889/1683
2025-03-23 19:22:52,752 - tweet_categorizer - INFO - Categorizando tweet 890/1683
2025-03-23 19:22:57,018 - tweet_categorizer - INFO - Categorizando tweet 891/1683
2025-03-23 19:23:01,682 - tweet_categorizer - INFO - Categorizando tweet 892/1683
2025-03-23 19:23:06,207 - tweet_categorizer - INFO - Categorizando tweet 893/1683
2025-03-23 19:23:11,181 - tweet_categorizer - INFO - Categorizando tweet 894/1683
2025-03-23 19:23:15,626 - tweet_categorizer - INFO - Categorizando tweet 895/1683
2025-03-23 19:23:20,405 - tweet_categorizer - INFO - Categorizando tweet 896/1683
2025-03-23 19:23:24,213 - tweet_categorizer - INFO - Categorizando tweet 897/1683
2025-03-23 19:23:28,883 - tweet_categorizer - INFO - Categorizando tweet 898/1683
2025-03-23 19:23:33,448 - tweet_categorizer - INFO - Categorizando tweet 899/1683
2025-03-23 19:23:37,823 - tweet_categorizer - INFO - Categorizando tweet 900/1683
2025-03-23 19:23:42,566 - tweet_categorizer - INFO - Categorizando tweet 901/1683
2025-03-23 19:23:46,518 - tweet_categorizer - INFO - Categorizando tweet 902/1683
2025-03-23 19:23:51,358 - tweet_categorizer - INFO - Categorizando tweet 903/1683
2025-03-23 19:23:55,807 - tweet_categorizer - INFO - Categorizando tweet 904/1683
2025-03-23 19:23:59,934 - tweet_categorizer - INFO - Categorizando tweet 905/1683
2025-03-23 19:24:04,524 - tweet_categorizer - INFO - Categorizando tweet 906/1683
2025-03-23 19:24:09,148 - tweet_categorizer - INFO - Categorizando tweet 907/1683
2025-03-23 19:24:12,922 - tweet_categorizer - INFO - Categorizando tweet 908/1683
2025-03-23 19:24:16,280 - tweet_categorizer - INFO - Categorizando tweet 909/1683
2025-03-23 19:24:20,717 - tweet_categorizer - INFO - Categorizando tweet 910/1683
2025-03-23 19:24:24,515 - tweet_categorizer - INFO - Categorizando tweet 911/1683
2025-03-23 19:24:29,227 - tweet_categorizer - INFO - Categorizando tweet 912/1683
2025-03-23 19:24:34,348 - tweet_categorizer - INFO - Categorizando tweet 913/1683
2025-03-23 19:24:39,227 - tweet_categorizer - INFO - Categorizando tweet 914/1683
2025-03-23 19:24:43,259 - tweet_categorizer - INFO - Categorizando tweet 915/1683
2025-03-23 19:24:47,342 - tweet_categorizer - INFO - Categorizando tweet 916/1683
2025-03-23 19:24:51,507 - tweet_categorizer - INFO - Categorizando tweet 917/1683
2025-03-23 19:24:55,999 - tweet_categorizer - INFO - Categorizando tweet 918/1683
2025-03-23 19:25:00,556 - tweet_categorizer - INFO - Categorizando tweet 919/1683
2025-03-23 19:25:04,398 - tweet_categorizer - INFO - Categorizando tweet 920/1683
2025-03-23 19:25:08,669 - tweet_categorizer - INFO - Categorizando tweet 921/1683
2025-03-23 19:25:12,710 - tweet_categorizer - INFO - Categorizando tweet 922/1683
2025-03-23 19:25:16,974 - tweet_categorizer - INFO - Categorizando tweet 923/1683
2025-03-23 19:25:21,227 - tweet_categorizer - INFO - Categorizando tweet 924/1683
2025-03-23 19:25:25,547 - tweet_categorizer - INFO - Categorizando tweet 925/1683
2025-03-23 19:25:29,984 - tweet_categorizer - INFO - Categorizando tweet 926/1683
2025-03-23 19:25:33,759 - tweet_categorizer - INFO - Categorizando tweet 927/1683
2025-03-23 19:25:37,957 - tweet_categorizer - INFO - Categorizando tweet 928/1683
2025-03-23 19:25:42,108 - tweet_categorizer - INFO - Categorizando tweet 929/1683
2025-03-23 19:25:45,767 - tweet_categorizer - INFO - Categorizando tweet 930/1683
2025-03-23 19:25:50,102 - tweet_categorizer - INFO - Categorizando tweet 931/1683
2025-03-23 19:25:54,509 - tweet_categorizer - INFO - Categorizando tweet 932/1683
2025-03-23 19:25:58,724 - tweet_categorizer - INFO - Categorizando tweet 933/1683
2025-03-23 19:26:03,303 - tweet_categorizer - INFO - Categorizando tweet 934/1683
2025-03-23 19:26:07,542 - tweet_categorizer - INFO - Categorizando tweet 935/1683
2025-03-23 19:26:12,409 - tweet_categorizer - INFO - Categorizando tweet 936/1683
2025-03-23 19:26:17,206 - tweet_categorizer - INFO - Categorizando tweet 937/1683
2025-03-23 19:26:21,893 - tweet_categorizer - INFO - Categorizando tweet 938/1683
2025-03-23 19:26:25,571 - tweet_categorizer - INFO - Categorizando tweet 939/1683
2025-03-23 19:26:29,767 - tweet_categorizer - INFO - Categorizando tweet 940/1683
2025-03-23 19:26:33,962 - tweet_categorizer - INFO - Categorizando tweet 941/1683
2025-03-23 19:26:38,817 - tweet_categorizer - INFO - Categorizando tweet 942/1683
2025-03-23 19:26:44,242 - tweet_categorizer - INFO - Categorizando tweet 943/1683
2025-03-23 19:26:50,135 - tweet_categorizer - INFO - Categorizando tweet 944/1683
2025-03-23 19:26:55,737 - tweet_categorizer - INFO - Categorizando tweet 945/1683
2025-03-23 19:27:01,616 - tweet_categorizer - INFO - Categorizando tweet 946/1683
2025-03-23 19:27:06,823 - tweet_categorizer - INFO - Categorizando tweet 947/1683
2025-03-23 19:27:12,028 - tweet_categorizer - INFO - Categorizando tweet 948/1683
2025-03-23 19:27:16,816 - tweet_categorizer - INFO - Categorizando tweet 949/1683
2025-03-23 19:27:21,624 - tweet_categorizer - INFO - Categorizando tweet 950/1683
2025-03-23 19:27:26,518 - tweet_categorizer - INFO - Categorizando tweet 951/1683
2025-03-23 19:27:30,598 - tweet_categorizer - INFO - Categorizando tweet 952/1683
2025-03-23 19:27:35,515 - tweet_categorizer - INFO - Categorizando tweet 953/1683
2025-03-23 19:27:40,293 - tweet_categorizer - INFO - Categorizando tweet 954/1683
2025-03-23 19:27:44,899 - tweet_categorizer - INFO - Categorizando tweet 955/1683
2025-03-23 19:27:49,229 - tweet_categorizer - INFO - Categorizando tweet 956/1683
2025-03-23 19:27:54,074 - tweet_categorizer - INFO - Categorizando tweet 957/1683
2025-03-23 19:27:59,217 - tweet_categorizer - INFO - Categorizando tweet 958/1683
2025-03-23 19:28:04,846 - tweet_categorizer - INFO - Categorizando tweet 959/1683
2025-03-23 19:28:09,806 - tweet_categorizer - INFO - Categorizando tweet 960/1683
2025-03-23 19:28:15,152 - tweet_categorizer - INFO - Categorizando tweet 961/1683
2025-03-23 19:28:20,461 - tweet_categorizer - INFO - Categorizando tweet 962/1683
2025-03-23 19:28:26,337 - tweet_categorizer - INFO - Categorizando tweet 963/1683
2025-03-23 19:28:31,869 - tweet_categorizer - INFO - Categorizando tweet 964/1683
2025-03-23 19:28:37,418 - tweet_categorizer - INFO - Categorizando tweet 965/1683
2025-03-23 19:28:42,737 - tweet_categorizer - INFO - Categorizando tweet 966/1683
2025-03-23 19:28:47,328 - tweet_categorizer - INFO - Categorizando tweet 967/1683
2025-03-23 19:28:52,292 - tweet_categorizer - INFO - Categorizando tweet 968/1683
2025-03-23 19:28:56,808 - tweet_categorizer - INFO - Categorizando tweet 969/1683
2025-03-23 19:29:01,840 - tweet_categorizer - INFO - Categorizando tweet 970/1683
2025-03-23 19:29:06,337 - tweet_categorizer - INFO - Categorizando tweet 971/1683
2025-03-23 19:29:11,074 - tweet_categorizer - INFO - Categorizando tweet 972/1683
2025-03-23 19:29:15,799 - tweet_categorizer - INFO - Categorizando tweet 973/1683
2025-03-23 19:29:20,333 - tweet_categorizer - INFO - Categorizando tweet 974/1683
2025-03-23 19:29:25,052 - tweet_categorizer - INFO - Categorizando tweet 975/1683
2025-03-23 19:29:29,755 - tweet_categorizer - INFO - Categorizando tweet 976/1683
2025-03-23 19:29:34,496 - tweet_categorizer - INFO - Categorizando tweet 977/1683
2025-03-23 19:29:39,510 - tweet_categorizer - INFO - Categorizando tweet 978/1683
2025-03-23 19:29:44,466 - tweet_categorizer - INFO - Categorizando tweet 979/1683
2025-03-23 19:29:48,795 - tweet_categorizer - INFO - Categorizando tweet 980/1683
2025-03-23 19:29:52,533 - tweet_categorizer - INFO - Categorizando tweet 981/1683
2025-03-23 19:29:57,116 - tweet_categorizer - INFO - Categorizando tweet 982/1683
2025-03-23 19:30:01,160 - tweet_categorizer - INFO - Categorizando tweet 983/1683
2025-03-23 19:30:05,088 - tweet_categorizer - INFO - Categorizando tweet 984/1683
2025-03-23 19:30:10,102 - tweet_categorizer - INFO - Categorizando tweet 985/1683
2025-03-23 19:30:14,728 - tweet_categorizer - INFO - Categorizando tweet 986/1683
2025-03-23 19:30:19,242 - tweet_categorizer - INFO - Categorizando tweet 987/1683
2025-03-23 19:30:24,051 - tweet_categorizer - INFO - Categorizando tweet 988/1683
2025-03-23 19:30:28,394 - tweet_categorizer - INFO - Categorizando tweet 989/1683
2025-03-23 19:30:32,902 - tweet_categorizer - INFO - Categorizando tweet 990/1683
2025-03-23 19:30:36,994 - tweet_categorizer - INFO - Categorizando tweet 991/1683
2025-03-23 19:30:41,760 - tweet_categorizer - INFO - Categorizando tweet 992/1683
2025-03-23 19:30:45,968 - tweet_categorizer - INFO - Categorizando tweet 993/1683
2025-03-23 19:30:50,448 - tweet_categorizer - INFO - Categorizando tweet 994/1683
2025-03-23 19:30:54,414 - tweet_categorizer - INFO - Categorizando tweet 995/1683
2025-03-23 19:30:58,559 - tweet_categorizer - INFO - Categorizando tweet 996/1683
2025-03-23 19:31:03,162 - tweet_categorizer - INFO - Categorizando tweet 997/1683
2025-03-23 19:31:08,076 - tweet_categorizer - INFO - Categorizando tweet 998/1683
2025-03-23 19:31:12,936 - tweet_categorizer - INFO - Categorizando tweet 999/1683
2025-03-23 19:31:17,433 - tweet_categorizer - INFO - Categorizando tweet 1000/1683
2025-03-23 19:31:21,610 - tweet_categorizer - INFO - Categorizando tweet 1001/1683
2025-03-23 19:31:25,927 - tweet_categorizer - INFO - Categorizando tweet 1002/1683
2025-03-23 19:31:30,240 - tweet_categorizer - INFO - Categorizando tweet 1003/1683
2025-03-23 19:31:35,312 - tweet_categorizer - INFO - Categorizando tweet 1004/1683
2025-03-23 19:31:39,444 - tweet_categorizer - INFO - Categorizando tweet 1005/1683
2025-03-23 19:31:44,217 - tweet_categorizer - INFO - Categorizando tweet 1006/1683
2025-03-23 19:31:49,934 - tweet_categorizer - INFO - Categorizando tweet 1007/1683
2025-03-23 19:31:55,499 - tweet_categorizer - INFO - Categorizando tweet 1008/1683
2025-03-23 19:32:01,160 - tweet_categorizer - INFO - Categorizando tweet 1009/1683
2025-03-23 19:32:07,504 - tweet_categorizer - INFO - Categorizando tweet 1010/1683
2025-03-23 19:32:13,109 - tweet_categorizer - INFO - Categorizando tweet 1011/1683
2025-03-23 19:32:18,870 - tweet_categorizer - INFO - Categorizando tweet 1012/1683
2025-03-23 19:32:24,406 - tweet_categorizer - INFO - Categorizando tweet 1013/1683
2025-03-23 19:32:29,810 - tweet_categorizer - INFO - Categorizando tweet 1014/1683
2025-03-23 19:32:35,285 - tweet_categorizer - INFO - Categorizando tweet 1015/1683
2025-03-23 19:32:40,974 - tweet_categorizer - INFO - Categorizando tweet 1016/1683
2025-03-23 19:32:46,408 - tweet_categorizer - INFO - Categorizando tweet 1017/1683
2025-03-23 19:32:50,907 - tweet_categorizer - INFO - Categorizando tweet 1018/1683
2025-03-23 19:32:54,787 - tweet_categorizer - INFO - Categorizando tweet 1019/1683
2025-03-23 19:32:59,204 - tweet_categorizer - INFO - Categorizando tweet 1020/1683
2025-03-23 19:33:04,107 - tweet_categorizer - INFO - Categorizando tweet 1021/1683
2025-03-23 19:33:08,269 - tweet_categorizer - INFO - Categorizando tweet 1022/1683
2025-03-23 19:33:12,374 - tweet_categorizer - INFO - Categorizando tweet 1023/1683
2025-03-23 19:33:16,270 - tweet_categorizer - INFO - Categorizando tweet 1024/1683
2025-03-23 19:33:21,454 - tweet_categorizer - INFO - Categorizando tweet 1025/1683
2025-03-23 19:33:26,119 - tweet_categorizer - INFO - Categorizando tweet 1026/1683
2025-03-23 19:33:30,276 - tweet_categorizer - INFO - Categorizando tweet 1027/1683
2025-03-23 19:33:34,725 - tweet_categorizer - INFO - Categorizando tweet 1028/1683
2025-03-23 19:33:39,259 - tweet_categorizer - INFO - Categorizando tweet 1029/1683
2025-03-23 19:33:44,393 - tweet_categorizer - INFO - Categorizando tweet 1030/1683
2025-03-23 19:33:49,047 - tweet_categorizer - INFO - Categorizando tweet 1031/1683
2025-03-23 19:33:52,934 - tweet_categorizer - INFO - Categorizando tweet 1032/1683
2025-03-23 19:33:57,461 - tweet_categorizer - INFO - Categorizando tweet 1033/1683
2025-03-23 19:34:02,001 - tweet_categorizer - INFO - Categorizando tweet 1034/1683
2025-03-23 19:34:06,014 - tweet_categorizer - INFO - Categorizando tweet 1035/1683
2025-03-23 19:34:10,233 - tweet_categorizer - INFO - Categorizando tweet 1036/1683
2025-03-23 19:34:14,480 - tweet_categorizer - INFO - Categorizando tweet 1037/1683
2025-03-23 19:34:18,887 - tweet_categorizer - INFO - Categorizando tweet 1038/1683
2025-03-23 19:34:22,630 - tweet_categorizer - INFO - Categorizando tweet 1039/1683
2025-03-23 19:34:27,137 - tweet_categorizer - INFO - Categorizando tweet 1040/1683
2025-03-23 19:34:31,445 - tweet_categorizer - INFO - Categorizando tweet 1041/1683
2025-03-23 19:34:35,748 - tweet_categorizer - INFO - Categorizando tweet 1042/1683
2025-03-23 19:34:40,342 - tweet_categorizer - INFO - Categorizando tweet 1043/1683
2025-03-23 19:34:45,266 - tweet_categorizer - INFO - Categorizando tweet 1044/1683
2025-03-23 19:34:50,484 - tweet_categorizer - INFO - Categorizando tweet 1045/1683
2025-03-23 19:34:55,776 - tweet_categorizer - INFO - Categorizando tweet 1046/1683
2025-03-23 19:35:00,999 - tweet_categorizer - INFO - Categorizando tweet 1047/1683
2025-03-23 19:35:06,730 - tweet_categorizer - INFO - Categorizando tweet 1048/1683
2025-03-23 19:35:11,655 - tweet_categorizer - INFO - Categorizando tweet 1049/1683
2025-03-23 19:35:16,643 - tweet_categorizer - INFO - Categorizando tweet 1050/1683
2025-03-23 19:35:21,920 - tweet_categorizer - INFO - Categorizando tweet 1051/1683
2025-03-23 19:35:27,210 - tweet_categorizer - INFO - Categorizando tweet 1052/1683
2025-03-23 19:35:32,136 - tweet_categorizer - INFO - Categorizando tweet 1053/1683
2025-03-23 19:35:36,591 - tweet_categorizer - INFO - Categorizando tweet 1054/1683
2025-03-23 19:35:41,326 - tweet_categorizer - INFO - Categorizando tweet 1055/1683
2025-03-23 19:35:46,749 - tweet_categorizer - INFO - Categorizando tweet 1056/1683
2025-03-23 19:35:51,727 - tweet_categorizer - INFO - Categorizando tweet 1057/1683
2025-03-23 19:35:56,342 - tweet_categorizer - INFO - Categorizando tweet 1058/1683
2025-03-23 19:36:01,918 - tweet_categorizer - INFO - Categorizando tweet 1059/1683
2025-03-23 19:36:07,885 - tweet_categorizer - INFO - Categorizando tweet 1060/1683
2025-03-23 19:36:12,536 - tweet_categorizer - INFO - Categorizando tweet 1061/1683
2025-03-23 19:36:16,909 - tweet_categorizer - INFO - Categorizando tweet 1062/1683
2025-03-23 19:36:21,550 - tweet_categorizer - INFO - Categorizando tweet 1063/1683
2025-03-23 19:36:26,201 - tweet_categorizer - INFO - Categorizando tweet 1064/1683
2025-03-23 19:36:30,879 - tweet_categorizer - INFO - Categorizando tweet 1065/1683
2025-03-23 19:36:35,754 - tweet_categorizer - INFO - Categorizando tweet 1066/1683
2025-03-23 19:36:41,136 - tweet_categorizer - INFO - Categorizando tweet 1067/1683
2025-03-23 19:36:45,115 - tweet_categorizer - INFO - Categorizando tweet 1068/1683
2025-03-23 19:36:50,050 - tweet_categorizer - INFO - Categorizando tweet 1069/1683
2025-03-23 19:36:54,900 - tweet_categorizer - INFO - Categorizando tweet 1070/1683
2025-03-23 19:36:58,578 - tweet_categorizer - INFO - Categorizando tweet 1071/1683
2025-03-23 19:37:02,921 - tweet_categorizer - INFO - Categorizando tweet 1072/1683
2025-03-23 19:37:07,401 - tweet_categorizer - INFO - Categorizando tweet 1073/1683
2025-03-23 19:37:11,713 - tweet_categorizer - INFO - Categorizando tweet 1074/1683
2025-03-23 19:37:15,950 - tweet_categorizer - INFO - Categorizando tweet 1075/1683
2025-03-23 19:37:20,457 - tweet_categorizer - INFO - Categorizando tweet 1076/1683
2025-03-23 19:37:25,310 - tweet_categorizer - INFO - Categorizando tweet 1077/1683
2025-03-23 19:37:29,567 - tweet_categorizer - INFO - Categorizando tweet 1078/1683
2025-03-23 19:37:33,539 - tweet_categorizer - INFO - Categorizando tweet 1079/1683
2025-03-23 19:37:37,732 - tweet_categorizer - INFO - Categorizando tweet 1080/1683
2025-03-23 19:37:42,497 - tweet_categorizer - INFO - Categorizando tweet 1081/1683
2025-03-23 19:37:47,444 - tweet_categorizer - INFO - Categorizando tweet 1082/1683
2025-03-23 19:37:51,948 - tweet_categorizer - INFO - Categorizando tweet 1083/1683
2025-03-23 19:37:57,256 - tweet_categorizer - INFO - Categorizando tweet 1084/1683
2025-03-23 19:38:01,066 - tweet_categorizer - INFO - Categorizando tweet 1085/1683
2025-03-23 19:38:05,567 - tweet_categorizer - INFO - Categorizando tweet 1086/1683
2025-03-23 19:38:09,466 - tweet_categorizer - INFO - Categorizando tweet 1087/1683
2025-03-23 19:38:13,810 - tweet_categorizer - INFO - Categorizando tweet 1088/1683
2025-03-23 19:38:17,679 - tweet_categorizer - INFO - Categorizando tweet 1089/1683
2025-03-23 19:38:22,606 - tweet_categorizer - INFO - Categorizando tweet 1090/1683
2025-03-23 19:38:26,696 - tweet_categorizer - INFO - Categorizando tweet 1091/1683
2025-03-23 19:38:31,074 - tweet_categorizer - INFO - Categorizando tweet 1092/1683
2025-03-23 19:38:36,847 - tweet_categorizer - INFO - Categorizando tweet 1093/1683
2025-03-23 19:38:42,072 - tweet_categorizer - INFO - Categorizando tweet 1094/1683
2025-03-23 19:38:48,002 - tweet_categorizer - INFO - Categorizando tweet 1095/1683
2025-03-23 19:38:53,933 - tweet_categorizer - INFO - Categorizando tweet 1096/1683
2025-03-23 19:38:59,610 - tweet_categorizer - INFO - Categorizando tweet 1097/1683
2025-03-23 19:39:05,236 - tweet_categorizer - INFO - Categorizando tweet 1098/1683
2025-03-23 19:39:10,623 - tweet_categorizer - INFO - Categorizando tweet 1099/1683
2025-03-23 19:39:16,196 - tweet_categorizer - INFO - Categorizando tweet 1100/1683
2025-03-23 19:39:20,723 - tweet_categorizer - INFO - Categorizando tweet 1101/1683
2025-03-23 19:39:26,835 - tweet_categorizer - INFO - Categorizando tweet 1102/1683
2025-03-23 19:39:32,717 - tweet_categorizer - INFO - Categorizando tweet 1103/1683
2025-03-23 19:39:37,816 - tweet_categorizer - INFO - Categorizando tweet 1104/1683
2025-03-23 19:39:43,451 - tweet_categorizer - INFO - Categorizando tweet 1105/1683
2025-03-23 19:39:49,231 - tweet_categorizer - INFO - Categorizando tweet 1106/1683
2025-03-23 19:39:55,203 - tweet_categorizer - INFO - Categorizando tweet 1107/1683
2025-03-23 19:40:00,715 - tweet_categorizer - INFO - Categorizando tweet 1108/1683
2025-03-23 19:40:05,360 - tweet_categorizer - INFO - Categorizando tweet 1109/1683
2025-03-23 19:40:11,162 - tweet_categorizer - INFO - Categorizando tweet 1110/1683
2025-03-23 19:40:17,086 - tweet_categorizer - INFO - Categorizando tweet 1111/1683
2025-03-23 19:40:22,488 - tweet_categorizer - INFO - Categorizando tweet 1112/1683
2025-03-23 19:40:28,160 - tweet_categorizer - INFO - Categorizando tweet 1113/1683
2025-03-23 19:40:32,582 - tweet_categorizer - INFO - Categorizando tweet 1114/1683
2025-03-23 19:40:37,466 - tweet_categorizer - INFO - Categorizando tweet 1115/1683
2025-03-23 19:40:41,599 - tweet_categorizer - INFO - Categorizando tweet 1116/1683
2025-03-23 19:40:45,709 - tweet_categorizer - INFO - Categorizando tweet 1117/1683
2025-03-23 19:40:50,850 - tweet_categorizer - INFO - Categorizando tweet 1118/1683
2025-03-23 19:40:55,291 - tweet_categorizer - INFO - Categorizando tweet 1119/1683
2025-03-23 19:41:00,260 - tweet_categorizer - INFO - Categorizando tweet 1120/1683
2025-03-23 19:41:04,587 - tweet_categorizer - INFO - Categorizando tweet 1121/1683
2025-03-23 19:41:08,734 - tweet_categorizer - INFO - Categorizando tweet 1122/1683
2025-03-23 19:41:13,185 - tweet_categorizer - INFO - Categorizando tweet 1123/1683
2025-03-23 19:41:18,428 - tweet_categorizer - INFO - Categorizando tweet 1124/1683
2025-03-23 19:41:23,625 - tweet_categorizer - INFO - Categorizando tweet 1125/1683
2025-03-23 19:41:28,524 - tweet_categorizer - INFO - Categorizando tweet 1126/1683
2025-03-23 19:41:33,354 - tweet_categorizer - INFO - Categorizando tweet 1127/1683
2025-03-23 19:41:37,696 - tweet_categorizer - INFO - Categorizando tweet 1128/1683
2025-03-23 19:41:42,173 - tweet_categorizer - INFO - Categorizando tweet 1129/1683
2025-03-23 19:41:46,795 - tweet_categorizer - INFO - Categorizando tweet 1130/1683
2025-03-23 19:41:50,846 - tweet_categorizer - INFO - Categorizando tweet 1131/1683
2025-03-23 19:41:54,979 - tweet_categorizer - INFO - Categorizando tweet 1132/1683
2025-03-23 19:41:59,341 - tweet_categorizer - INFO - Categorizando tweet 1133/1683
2025-03-23 19:42:03,556 - tweet_categorizer - INFO - Categorizando tweet 1134/1683
2025-03-23 19:42:07,455 - tweet_categorizer - INFO - Categorizando tweet 1135/1683
2025-03-23 19:42:11,336 - tweet_categorizer - INFO - Categorizando tweet 1136/1683
2025-03-23 19:42:15,333 - tweet_categorizer - INFO - Categorizando tweet 1137/1683
2025-03-23 19:42:20,086 - tweet_categorizer - INFO - Categorizando tweet 1138/1683
2025-03-23 19:42:25,389 - tweet_categorizer - INFO - Categorizando tweet 1139/1683
2025-03-23 19:42:29,890 - tweet_categorizer - INFO - Categorizando tweet 1140/1683
2025-03-23 19:42:34,236 - tweet_categorizer - INFO - Categorizando tweet 1141/1683
2025-03-23 19:42:38,460 - tweet_categorizer - INFO - Categorizando tweet 1142/1683
2025-03-23 19:42:42,404 - tweet_categorizer - INFO - Categorizando tweet 1143/1683
2025-03-23 19:42:47,314 - tweet_categorizer - INFO - Categorizando tweet 1144/1683
2025-03-23 19:42:52,031 - tweet_categorizer - INFO - Categorizando tweet 1145/1683
2025-03-23 19:42:57,851 - tweet_categorizer - INFO - Categorizando tweet 1146/1683
2025-03-23 19:43:03,092 - tweet_categorizer - INFO - Categorizando tweet 1147/1683
2025-03-23 19:43:08,704 - tweet_categorizer - INFO - Categorizando tweet 1148/1683
2025-03-23 19:43:14,331 - tweet_categorizer - INFO - Categorizando tweet 1149/1683
2025-03-23 19:43:19,251 - tweet_categorizer - INFO - Categorizando tweet 1150/1683
2025-03-23 19:43:24,864 - tweet_categorizer - INFO - Categorizando tweet 1151/1683
2025-03-23 19:43:30,165 - tweet_categorizer - INFO - Categorizando tweet 1152/1683
2025-03-23 19:43:34,846 - tweet_categorizer - INFO - Categorizando tweet 1153/1683
2025-03-23 19:43:40,072 - tweet_categorizer - INFO - Categorizando tweet 1154/1683
2025-03-23 19:43:44,575 - tweet_categorizer - INFO - Categorizando tweet 1155/1683
2025-03-23 19:43:49,522 - tweet_categorizer - INFO - Categorizando tweet 1156/1683
2025-03-23 19:43:54,810 - tweet_categorizer - INFO - Categorizando tweet 1157/1683
2025-03-23 19:44:01,800 - tweet_categorizer - INFO - Categorizando tweet 1158/1683
2025-03-23 19:44:07,166 - tweet_categorizer - INFO - Categorizando tweet 1159/1683
2025-03-23 19:44:13,930 - tweet_categorizer - INFO - Categorizando tweet 1160/1683
2025-03-23 19:44:18,122 - tweet_categorizer - INFO - Categorizando tweet 1161/1683
2025-03-23 19:44:23,004 - tweet_categorizer - INFO - Categorizando tweet 1162/1683
2025-03-23 19:44:28,813 - tweet_categorizer - INFO - Categorizando tweet 1163/1683
2025-03-23 19:44:34,778 - tweet_categorizer - INFO - Categorizando tweet 1164/1683
2025-03-23 19:44:40,563 - tweet_categorizer - INFO - Categorizando tweet 1165/1683
2025-03-23 19:44:45,314 - tweet_categorizer - INFO - Categorizando tweet 1166/1683
2025-03-23 19:44:49,977 - tweet_categorizer - INFO - Categorizando tweet 1167/1683
2025-03-23 19:44:54,428 - tweet_categorizer - INFO - Categorizando tweet 1168/1683
2025-03-23 19:44:59,116 - tweet_categorizer - INFO - Categorizando tweet 1169/1683
2025-03-23 19:45:04,269 - tweet_categorizer - INFO - Categorizando tweet 1170/1683
2025-03-23 19:45:08,288 - tweet_categorizer - INFO - Categorizando tweet 1171/1683
2025-03-23 19:45:12,891 - tweet_categorizer - INFO - Categorizando tweet 1172/1683
2025-03-23 19:45:17,287 - tweet_categorizer - INFO - Categorizando tweet 1173/1683
2025-03-23 19:45:22,252 - tweet_categorizer - INFO - Categorizando tweet 1174/1683
2025-03-23 19:45:27,281 - tweet_categorizer - INFO - Categorizando tweet 1175/1683
2025-03-23 19:45:31,616 - tweet_categorizer - INFO - Categorizando tweet 1176/1683
2025-03-23 19:45:36,174 - tweet_categorizer - INFO - Categorizando tweet 1177/1683
2025-03-23 19:45:41,280 - tweet_categorizer - INFO - Categorizando tweet 1178/1683
2025-03-23 19:45:46,289 - tweet_categorizer - INFO - Categorizando tweet 1179/1683
2025-03-23 19:45:51,254 - tweet_categorizer - INFO - Categorizando tweet 1180/1683
2025-03-23 19:45:55,944 - tweet_categorizer - INFO - Categorizando tweet 1181/1683
2025-03-23 19:46:01,743 - tweet_categorizer - INFO - Categorizando tweet 1182/1683
2025-03-23 19:46:06,113 - tweet_categorizer - INFO - Categorizando tweet 1183/1683
2025-03-23 19:46:11,373 - tweet_categorizer - INFO - Categorizando tweet 1184/1683
2025-03-23 19:46:15,858 - tweet_categorizer - INFO - Categorizando tweet 1185/1683
2025-03-23 19:46:20,852 - tweet_categorizer - INFO - Categorizando tweet 1186/1683
2025-03-23 19:46:26,057 - tweet_categorizer - INFO - Categorizando tweet 1187/1683
2025-03-23 19:46:31,169 - tweet_categorizer - INFO - Categorizando tweet 1188/1683
2025-03-23 19:46:36,328 - tweet_categorizer - INFO - Categorizando tweet 1189/1683
2025-03-23 19:46:40,636 - tweet_categorizer - INFO - Categorizando tweet 1190/1683
2025-03-23 19:46:45,208 - tweet_categorizer - INFO - Categorizando tweet 1191/1683
2025-03-23 19:46:49,592 - tweet_categorizer - INFO - Categorizando tweet 1192/1683
2025-03-23 19:46:55,133 - tweet_categorizer - INFO - Categorizando tweet 1193/1683
2025-03-23 19:47:00,393 - tweet_categorizer - INFO - Categorizando tweet 1194/1683
2025-03-23 19:47:04,888 - tweet_categorizer - INFO - Categorizando tweet 1195/1683
2025-03-23 19:47:10,683 - tweet_categorizer - INFO - Categorizando tweet 1196/1683
2025-03-23 19:47:16,540 - tweet_categorizer - INFO - Categorizando tweet 1197/1683
2025-03-23 19:47:21,899 - tweet_categorizer - INFO - Categorizando tweet 1198/1683
2025-03-23 19:47:26,528 - tweet_categorizer - INFO - Categorizando tweet 1199/1683
2025-03-23 19:47:30,901 - tweet_categorizer - INFO - Categorizando tweet 1200/1683
2025-03-23 19:47:36,768 - tweet_categorizer - INFO - Categorizando tweet 1201/1683
2025-03-23 19:47:42,617 - tweet_categorizer - INFO - Categorizando tweet 1202/1683
2025-03-23 19:47:48,233 - tweet_categorizer - INFO - Categorizando tweet 1203/1683
2025-03-23 19:47:53,812 - tweet_categorizer - INFO - Categorizando tweet 1204/1683
2025-03-23 19:47:59,398 - tweet_categorizer - INFO - Categorizando tweet 1205/1683
2025-03-23 19:48:05,242 - tweet_categorizer - INFO - Categorizando tweet 1206/1683
2025-03-23 19:48:12,232 - tweet_categorizer - INFO - Categorizando tweet 1207/1683
2025-03-23 19:48:18,429 - tweet_categorizer - INFO - Categorizando tweet 1208/1683
2025-03-23 19:48:23,187 - tweet_categorizer - INFO - Categorizando tweet 1209/1683
2025-03-23 19:48:28,617 - tweet_categorizer - INFO - Categorizando tweet 1210/1683
2025-03-23 19:48:33,330 - tweet_categorizer - INFO - Categorizando tweet 1211/1683
2025-03-23 19:48:39,815 - tweet_categorizer - INFO - Categorizando tweet 1212/1683
2025-03-23 19:48:45,531 - tweet_categorizer - INFO - Categorizando tweet 1213/1683
2025-03-23 19:48:49,490 - tweet_categorizer - INFO - Categorizando tweet 1214/1683
2025-03-23 19:48:54,041 - tweet_categorizer - INFO - Categorizando tweet 1215/1683
2025-03-23 19:48:58,844 - tweet_categorizer - INFO - Categorizando tweet 1216/1683
2025-03-23 19:49:04,399 - tweet_categorizer - INFO - Categorizando tweet 1217/1683
2025-03-23 19:49:09,778 - tweet_categorizer - INFO - Categorizando tweet 1218/1683
2025-03-23 19:49:14,876 - tweet_categorizer - INFO - Categorizando tweet 1219/1683
2025-03-23 19:49:20,081 - tweet_categorizer - INFO - Categorizando tweet 1220/1683
2025-03-23 19:49:25,517 - tweet_categorizer - INFO - Categorizando tweet 1221/1683
2025-03-23 19:49:29,975 - tweet_categorizer - INFO - Categorizando tweet 1222/1683
2025-03-23 19:49:35,789 - tweet_categorizer - INFO - Categorizando tweet 1223/1683
2025-03-23 19:49:40,903 - tweet_categorizer - INFO - Categorizando tweet 1224/1683
2025-03-23 19:49:45,222 - tweet_categorizer - INFO - Categorizando tweet 1225/1683
2025-03-23 19:49:49,812 - tweet_categorizer - INFO - Categorizando tweet 1226/1683
2025-03-23 19:49:54,150 - tweet_categorizer - INFO - Categorizando tweet 1227/1683
2025-03-23 19:49:58,171 - tweet_categorizer - INFO - Categorizando tweet 1228/1683
2025-03-23 19:50:02,169 - tweet_categorizer - INFO - Categorizando tweet 1229/1683
2025-03-23 19:50:06,807 - tweet_categorizer - INFO - Categorizando tweet 1230/1683
2025-03-23 19:50:11,363 - tweet_categorizer - INFO - Categorizando tweet 1231/1683
2025-03-23 19:50:16,059 - tweet_categorizer - INFO - Categorizando tweet 1232/1683
2025-03-23 19:50:20,035 - tweet_categorizer - INFO - Categorizando tweet 1233/1683
2025-03-23 19:50:25,115 - tweet_categorizer - INFO - Categorizando tweet 1234/1683
2025-03-23 19:50:30,144 - tweet_categorizer - INFO - Categorizando tweet 1235/1683
2025-03-23 19:50:34,588 - tweet_categorizer - INFO - Categorizando tweet 1236/1683
2025-03-23 19:50:38,392 - tweet_categorizer - INFO - Categorizando tweet 1237/1683
2025-03-23 19:50:42,752 - tweet_categorizer - INFO - Categorizando tweet 1238/1683
2025-03-23 19:50:47,640 - tweet_categorizer - INFO - Categorizando tweet 1239/1683
2025-03-23 19:50:52,630 - tweet_categorizer - INFO - Categorizando tweet 1240/1683
2025-03-23 19:50:57,662 - tweet_categorizer - INFO - Categorizando tweet 1241/1683
2025-03-23 19:51:03,343 - tweet_categorizer - INFO - Categorizando tweet 1242/1683
2025-03-23 19:51:07,232 - tweet_categorizer - INFO - Categorizando tweet 1243/1683
2025-03-23 19:51:11,463 - tweet_categorizer - INFO - Categorizando tweet 1244/1683
2025-03-23 19:51:16,530 - tweet_categorizer - INFO - Categorizando tweet 1245/1683
2025-03-23 19:51:21,289 - tweet_categorizer - INFO - Categorizando tweet 1246/1683
2025-03-23 19:51:26,774 - tweet_categorizer - INFO - Categorizando tweet 1247/1683
2025-03-23 19:51:32,893 - tweet_categorizer - INFO - Categorizando tweet 1248/1683
2025-03-23 19:51:38,529 - tweet_categorizer - INFO - Categorizando tweet 1249/1683
2025-03-23 19:51:43,685 - tweet_categorizer - INFO - Categorizando tweet 1250/1683
2025-03-23 19:51:48,689 - tweet_categorizer - INFO - Categorizando tweet 1251/1683
2025-03-23 19:51:55,194 - tweet_categorizer - INFO - Categorizando tweet 1252/1683
2025-03-23 19:52:00,860 - tweet_categorizer - INFO - Categorizando tweet 1253/1683
2025-03-23 19:52:06,127 - tweet_categorizer - INFO - Categorizando tweet 1254/1683
2025-03-23 19:52:14,298 - tweet_categorizer - INFO - Categorizando tweet 1255/1683
2025-03-23 19:52:23,867 - tweet_categorizer - INFO - Categorizando tweet 1256/1683
2025-03-23 19:52:33,598 - tweet_categorizer - INFO - Categorizando tweet 1257/1683
2025-03-23 19:52:44,092 - tweet_categorizer - INFO - Categorizando tweet 1258/1683
2025-03-23 19:52:55,955 - tweet_categorizer - INFO - Categorizando tweet 1259/1683
2025-03-23 19:53:05,909 - tweet_categorizer - INFO - Categorizando tweet 1260/1683
2025-03-23 19:53:15,741 - tweet_categorizer - INFO - Categorizando tweet 1261/1683
2025-03-23 19:53:26,333 - tweet_categorizer - INFO - Categorizando tweet 1262/1683
2025-03-23 19:53:38,422 - tweet_categorizer - INFO - Categorizando tweet 1263/1683
2025-03-23 19:53:47,660 - tweet_categorizer - INFO - Categorizando tweet 1264/1683
2025-03-23 19:53:55,941 - tweet_categorizer - INFO - Categorizando tweet 1265/1683
2025-03-23 19:54:04,580 - tweet_categorizer - INFO - Categorizando tweet 1266/1683
2025-03-23 19:54:12,987 - tweet_categorizer - INFO - Categorizando tweet 1267/1683
2025-03-23 19:54:22,914 - tweet_categorizer - INFO - Categorizando tweet 1268/1683
2025-03-23 19:54:32,427 - tweet_categorizer - INFO - Categorizando tweet 1269/1683
2025-03-23 19:54:43,321 - tweet_categorizer - INFO - Categorizando tweet 1270/1683
2025-03-23 19:54:53,727 - tweet_categorizer - INFO - Categorizando tweet 1271/1683
2025-03-23 19:55:05,196 - tweet_categorizer - INFO - Categorizando tweet 1272/1683
2025-03-23 19:55:15,895 - tweet_categorizer - INFO - Categorizando tweet 1273/1683
2025-03-23 19:55:26,393 - tweet_categorizer - INFO - Categorizando tweet 1274/1683
2025-03-23 19:55:38,493 - tweet_categorizer - INFO - Categorizando tweet 1275/1683
2025-03-23 19:55:49,147 - tweet_categorizer - INFO - Categorizando tweet 1276/1683
2025-03-23 19:55:58,901 - tweet_categorizer - INFO - Categorizando tweet 1277/1683
2025-03-23 19:56:09,490 - tweet_categorizer - INFO - Categorizando tweet 1278/1683
2025-03-23 20:27:03,702 - tweet_categorizer - INFO - Categorizando tweet 1279/1683
2025-03-23 20:27:06,496 - tweet_categorizer - INFO - Categorizando tweet 1280/1683
2025-03-23 20:27:09,039 - tweet_categorizer - INFO - Categorizando tweet 1281/1683
2025-03-23 20:27:10,956 - tweet_categorizer - INFO - Categorizando tweet 1282/1683
2025-03-23 20:27:13,190 - tweet_categorizer - INFO - Categorizando tweet 1283/1683
2025-03-23 20:27:14,948 - tweet_categorizer - INFO - Categorizando tweet 1284/1683
2025-03-23 20:27:16,814 - tweet_categorizer - INFO - Categorizando tweet 1285/1683
2025-03-23 20:27:19,010 - tweet_categorizer - INFO - Categorizando tweet 1286/1683
2025-03-23 20:27:20,708 - tweet_categorizer - INFO - Categorizando tweet 1287/1683
2025-03-23 20:27:22,899 - tweet_categorizer - INFO - Categorizando tweet 1288/1683
2025-03-23 20:27:24,909 - tweet_categorizer - INFO - Categorizando tweet 1289/1683
2025-03-23 20:27:26,893 - tweet_categorizer - INFO - Categorizando tweet 1290/1683
2025-03-23 20:27:28,896 - tweet_categorizer - INFO - Categorizando tweet 1291/1683
2025-03-23 20:27:31,197 - tweet_categorizer - INFO - Categorizando tweet 1292/1683
2025-03-23 20:27:33,370 - tweet_categorizer - INFO - Categorizando tweet 1293/1683
2025-03-23 20:27:35,107 - tweet_categorizer - INFO - Categorizando tweet 1294/1683
2025-03-23 20:27:37,282 - tweet_categorizer - INFO - Categorizando tweet 1295/1683
2025-03-23 20:27:39,447 - tweet_categorizer - INFO - Categorizando tweet 1296/1683
2025-03-23 20:27:41,443 - tweet_categorizer - INFO - Categorizando tweet 1297/1683
2025-03-23 20:27:43,532 - tweet_categorizer - INFO - Categorizando tweet 1298/1683
2025-03-23 20:27:45,740 - tweet_categorizer - INFO - Categorizando tweet 1299/1683
2025-03-23 20:27:47,536 - tweet_categorizer - INFO - Categorizando tweet 1300/1683
2025-03-23 20:27:49,690 - tweet_categorizer - INFO - Categorizando tweet 1301/1683
2025-03-23 20:27:52,647 - tweet_categorizer - INFO - Categorizando tweet 1302/1683
2025-03-23 20:27:56,907 - tweet_categorizer - INFO - Categorizando tweet 1303/1683
2025-03-23 20:28:00,123 - tweet_categorizer - INFO - Categorizando tweet 1304/1683
2025-03-23 20:28:03,539 - tweet_categorizer - INFO - Categorizando tweet 1305/1683
2025-03-23 20:28:06,706 - tweet_categorizer - INFO - Categorizando tweet 1306/1683
2025-03-23 20:28:10,602 - tweet_categorizer - INFO - Categorizando tweet 1307/1683
2025-03-23 20:28:14,023 - tweet_categorizer - INFO - Categorizando tweet 1308/1683
2025-03-23 20:28:16,797 - tweet_categorizer - INFO - Categorizando tweet 1309/1683
2025-03-23 20:28:19,126 - tweet_categorizer - INFO - Categorizando tweet 1310/1683
2025-03-23 20:28:20,867 - tweet_categorizer - INFO - Categorizando tweet 1311/1683
2025-03-23 20:28:22,608 - tweet_categorizer - INFO - Categorizando tweet 1312/1683
2025-03-23 20:28:24,460 - tweet_categorizer - INFO - Categorizando tweet 1313/1683
2025-03-23 20:28:26,159 - tweet_categorizer - INFO - Categorizando tweet 1314/1683
2025-03-23 20:28:27,936 - tweet_categorizer - INFO - Categorizando tweet 1315/1683
2025-03-23 20:28:30,012 - tweet_categorizer - INFO - Categorizando tweet 1316/1683
2025-03-23 20:28:31,686 - tweet_categorizer - INFO - Categorizando tweet 1317/1683
2025-03-23 20:28:33,775 - tweet_categorizer - INFO - Categorizando tweet 1318/1683
2025-03-23 20:28:35,428 - tweet_categorizer - INFO - Categorizando tweet 1319/1683
2025-03-23 20:28:37,692 - tweet_categorizer - INFO - Categorizando tweet 1320/1683
2025-03-23 20:28:39,361 - tweet_categorizer - INFO - Categorizando tweet 1321/1683
2025-03-23 20:28:41,002 - tweet_categorizer - INFO - Categorizando tweet 1322/1683
2025-03-23 20:28:42,618 - tweet_categorizer - INFO - Categorizando tweet 1323/1683
2025-03-23 20:28:44,238 - tweet_categorizer - INFO - Categorizando tweet 1324/1683
2025-03-23 20:28:46,022 - tweet_categorizer - INFO - Categorizando tweet 1325/1683
2025-03-23 20:28:47,796 - tweet_categorizer - INFO - Categorizando tweet 1326/1683
2025-03-23 20:28:49,592 - tweet_categorizer - INFO - Categorizando tweet 1327/1683
2025-03-23 20:28:51,568 - tweet_categorizer - INFO - Categorizando tweet 1328/1683
2025-03-23 20:28:53,521 - tweet_categorizer - INFO - Categorizando tweet 1329/1683
2025-03-23 20:28:55,619 - tweet_categorizer - INFO - Categorizando tweet 1330/1683
2025-03-23 20:28:57,396 - tweet_categorizer - INFO - Categorizando tweet 1331/1683
2025-03-23 20:28:59,888 - tweet_categorizer - INFO - Categorizando tweet 1332/1683
2025-03-23 20:29:01,786 - tweet_categorizer - INFO - Categorizando tweet 1333/1683
2025-03-23 20:29:04,505 - tweet_categorizer - INFO - Categorizando tweet 1334/1683
2025-03-23 20:29:09,629 - tweet_categorizer - INFO - Categorizando tweet 1335/1683
2025-03-23 20:29:14,786 - tweet_categorizer - INFO - Categorizando tweet 1336/1683
2025-03-23 20:29:20,034 - tweet_categorizer - INFO - Categorizando tweet 1337/1683
2025-03-23 20:29:27,663 - tweet_categorizer - INFO - Categorizando tweet 1338/1683
2025-03-23 20:29:32,791 - tweet_categorizer - INFO - Categorizando tweet 1339/1683
2025-03-23 20:29:37,299 - tweet_categorizer - INFO - Categorizando tweet 1340/1683
2025-03-23 20:29:42,316 - tweet_categorizer - INFO - Categorizando tweet 1341/1683
2025-03-23 20:29:47,296 - tweet_categorizer - INFO - Categorizando tweet 1342/1683
2025-03-23 20:29:53,308 - tweet_categorizer - INFO - Categorizando tweet 1343/1683
2025-03-23 20:29:59,087 - tweet_categorizer - INFO - Categorizando tweet 1344/1683
2025-03-23 20:30:03,195 - tweet_categorizer - INFO - Categorizando tweet 1345/1683
2025-03-23 20:30:08,924 - tweet_categorizer - INFO - Categorizando tweet 1346/1683
2025-03-23 20:30:14,923 - tweet_categorizer - INFO - Categorizando tweet 1347/1683
2025-03-23 20:30:21,169 - tweet_categorizer - INFO - Categorizando tweet 1348/1683
2025-03-23 20:30:27,025 - tweet_categorizer - INFO - Categorizando tweet 1349/1683
2025-03-23 20:30:31,302 - tweet_categorizer - INFO - Categorizando tweet 1350/1683
2025-03-23 20:30:36,806 - tweet_categorizer - INFO - Categorizando tweet 1351/1683
2025-03-23 20:30:41,236 - tweet_categorizer - INFO - Categorizando tweet 1352/1683
2025-03-23 20:30:47,008 - tweet_categorizer - INFO - Categorizando tweet 1353/1683
2025-03-23 20:30:51,770 - tweet_categorizer - INFO - Categorizando tweet 1354/1683
2025-03-23 20:30:56,454 - tweet_categorizer - INFO - Categorizando tweet 1355/1683
2025-03-23 20:31:02,327 - tweet_categorizer - INFO - Categorizando tweet 1356/1683
2025-03-23 20:31:06,913 - tweet_categorizer - INFO - Categorizando tweet 1357/1683
2025-03-23 20:31:12,727 - tweet_categorizer - INFO - Categorizando tweet 1358/1683
2025-03-23 20:31:17,448 - tweet_categorizer - INFO - Categorizando tweet 1359/1683
2025-03-23 20:31:23,078 - tweet_categorizer - INFO - Categorizando tweet 1360/1683
2025-03-23 20:31:28,813 - tweet_categorizer - INFO - Categorizando tweet 1361/1683
2025-03-23 20:31:33,251 - tweet_categorizer - INFO - Categorizando tweet 1362/1683
2025-03-23 20:31:38,821 - tweet_categorizer - INFO - Categorizando tweet 1363/1683
2025-03-23 20:31:44,508 - tweet_categorizer - INFO - Categorizando tweet 1364/1683
2025-03-23 20:31:49,186 - tweet_categorizer - INFO - Categorizando tweet 1365/1683
2025-03-23 20:31:55,055 - tweet_categorizer - INFO - Categorizando tweet 1366/1683
2025-03-23 20:32:00,613 - tweet_categorizer - INFO - Categorizando tweet 1367/1683
2025-03-23 20:32:05,397 - tweet_categorizer - INFO - Categorizando tweet 1368/1683
2025-03-23 20:32:11,105 - tweet_categorizer - INFO - Categorizando tweet 1369/1683
2025-03-23 20:32:15,462 - tweet_categorizer - INFO - Categorizando tweet 1370/1683
2025-03-23 20:32:20,989 - tweet_categorizer - INFO - Categorizando tweet 1371/1683
2025-03-23 20:32:25,550 - tweet_categorizer - INFO - Categorizando tweet 1372/1683
2025-03-23 20:32:31,009 - tweet_categorizer - INFO - Categorizando tweet 1373/1683
2025-03-23 20:32:35,181 - tweet_categorizer - INFO - Categorizando tweet 1374/1683
2025-03-23 20:32:40,747 - tweet_categorizer - INFO - Categorizando tweet 1375/1683
2025-03-23 20:32:46,365 - tweet_categorizer - INFO - Categorizando tweet 1376/1683
2025-03-23 20:32:52,116 - tweet_categorizer - INFO - Categorizando tweet 1377/1683
2025-03-23 20:32:56,862 - tweet_categorizer - INFO - Categorizando tweet 1378/1683
2025-03-23 20:33:02,481 - tweet_categorizer - INFO - Categorizando tweet 1379/1683
2025-03-23 20:33:09,017 - tweet_categorizer - INFO - Categorizando tweet 1380/1683
2025-03-23 20:33:14,728 - tweet_categorizer - INFO - Categorizando tweet 1381/1683
2025-03-23 20:33:19,117 - tweet_categorizer - INFO - Categorizando tweet 1382/1683
2025-03-23 20:33:21,622 - tweet_categorizer - INFO - Categorizando tweet 1383/1683
2025-03-23 20:33:23,616 - tweet_categorizer - INFO - Categorizando tweet 1384/1683
2025-03-23 20:33:25,758 - tweet_categorizer - INFO - Categorizando tweet 1385/1683
2025-03-23 20:33:27,940 - tweet_categorizer - INFO - Categorizando tweet 1386/1683
2025-03-23 20:33:30,264 - tweet_categorizer - INFO - Categorizando tweet 1387/1683
2025-03-23 20:33:31,965 - tweet_categorizer - INFO - Categorizando tweet 1388/1683
2025-03-23 20:33:34,249 - tweet_categorizer - INFO - Categorizando tweet 1389/1683
2025-03-23 20:33:36,508 - tweet_categorizer - INFO - Categorizando tweet 1390/1683
2025-03-23 20:33:38,840 - tweet_categorizer - INFO - Categorizando tweet 1391/1683
2025-03-23 20:33:40,485 - tweet_categorizer - INFO - Categorizando tweet 1392/1683
2025-03-23 20:33:42,700 - tweet_categorizer - INFO - Categorizando tweet 1393/1683
2025-03-23 20:33:45,040 - tweet_categorizer - INFO - Categorizando tweet 1394/1683
2025-03-23 20:33:47,287 - tweet_categorizer - INFO - Categorizando tweet 1395/1683
2025-03-23 20:33:49,587 - tweet_categorizer - INFO - Categorizando tweet 1396/1683
2025-03-23 20:33:51,755 - tweet_categorizer - INFO - Categorizando tweet 1397/1683
2025-03-23 20:33:54,125 - tweet_categorizer - INFO - Categorizando tweet 1398/1683
2025-03-23 20:33:56,403 - tweet_categorizer - INFO - Categorizando tweet 1399/1683
2025-03-23 20:33:58,454 - tweet_categorizer - INFO - Categorizando tweet 1400/1683
2025-03-23 20:34:00,675 - tweet_categorizer - INFO - Categorizando tweet 1401/1683
2025-03-23 20:34:02,944 - tweet_categorizer - INFO - Categorizando tweet 1402/1683
2025-03-23 20:34:04,861 - tweet_categorizer - INFO - Categorizando tweet 1403/1683
2025-03-23 20:34:06,662 - tweet_categorizer - INFO - Categorizando tweet 1404/1683
2025-03-23 20:34:08,508 - tweet_categorizer - INFO - Categorizando tweet 1405/1683
2025-03-23 20:34:10,427 - tweet_categorizer - INFO - Categorizando tweet 1406/1683
2025-03-23 20:34:13,727 - tweet_categorizer - INFO - Categorizando tweet 1407/1683
2025-03-23 20:34:17,006 - tweet_categorizer - INFO - Categorizando tweet 1408/1683
2025-03-23 20:34:19,536 - tweet_categorizer - INFO - Categorizando tweet 1409/1683
2025-03-23 20:34:21,982 - tweet_categorizer - INFO - Categorizando tweet 1410/1683
2025-03-23 20:34:23,755 - tweet_categorizer - INFO - Categorizando tweet 1411/1683
2025-03-23 20:34:25,604 - tweet_categorizer - INFO - Categorizando tweet 1412/1683
2025-03-23 20:34:27,444 - tweet_categorizer - INFO - Categorizando tweet 1413/1683
2025-03-23 20:34:29,963 - tweet_categorizer - INFO - Categorizando tweet 1414/1683
2025-03-23 20:34:32,238 - tweet_categorizer - INFO - Categorizando tweet 1415/1683
2025-03-23 20:34:35,610 - tweet_categorizer - INFO - Categorizando tweet 1416/1683
2025-03-23 20:34:40,802 - tweet_categorizer - INFO - Categorizando tweet 1417/1683
2025-03-23 20:34:46,172 - tweet_categorizer - INFO - Categorizando tweet 1418/1683
2025-03-23 20:34:51,231 - tweet_categorizer - INFO - Categorizando tweet 1419/1683
2025-03-23 20:34:54,948 - tweet_categorizer - INFO - Categorizando tweet 1420/1683
2025-03-23 20:35:05,709 - tweet_categorizer - INFO - Categorizando tweet 1421/1683
2025-03-23 20:35:10,249 - tweet_categorizer - INFO - Categorizando tweet 1422/1683
2025-03-23 20:35:15,290 - tweet_categorizer - INFO - Categorizando tweet 1423/1683
2025-03-23 20:35:21,677 - tweet_categorizer - INFO - Categorizando tweet 1424/1683
2025-03-23 20:35:27,021 - tweet_categorizer - INFO - Categorizando tweet 1425/1683
2025-03-23 20:35:29,774 - tweet_categorizer - INFO - Categorizando tweet 1426/1683
2025-03-23 20:35:32,324 - tweet_categorizer - INFO - Categorizando tweet 1427/1683
2025-03-23 20:35:34,952 - tweet_categorizer - INFO - Categorizando tweet 1428/1683
2025-03-23 20:35:37,080 - tweet_categorizer - INFO - Categorizando tweet 1429/1683
2025-03-23 20:35:39,394 - tweet_categorizer - INFO - Categorizando tweet 1430/1683
2025-03-23 20:35:41,963 - tweet_categorizer - INFO - Categorizando tweet 1431/1683
2025-03-23 20:35:44,095 - tweet_categorizer - INFO - Categorizando tweet 1432/1683
2025-03-23 20:35:46,199 - tweet_categorizer - INFO - Categorizando tweet 1433/1683
2025-03-23 20:35:48,732 - tweet_categorizer - INFO - Categorizando tweet 1434/1683
2025-03-23 20:35:51,117 - tweet_categorizer - INFO - Categorizando tweet 1435/1683
2025-03-23 20:35:52,937 - tweet_categorizer - INFO - Categorizando tweet 1436/1683
2025-03-23 20:35:54,782 - tweet_categorizer - INFO - Categorizando tweet 1437/1683
2025-03-23 20:35:56,906 - tweet_categorizer - INFO - Categorizando tweet 1438/1683
2025-03-23 20:35:58,760 - tweet_categorizer - INFO - Categorizando tweet 1439/1683
2025-03-23 20:36:00,962 - tweet_categorizer - INFO - Categorizando tweet 1440/1683
2025-03-23 20:36:03,343 - tweet_categorizer - INFO - Categorizando tweet 1441/1683
2025-03-23 20:36:05,327 - tweet_categorizer - INFO - Categorizando tweet 1442/1683
2025-03-23 20:36:07,178 - tweet_categorizer - INFO - Categorizando tweet 1443/1683
2025-03-23 20:36:09,117 - tweet_categorizer - INFO - Categorizando tweet 1444/1683
2025-03-23 20:36:11,419 - tweet_categorizer - INFO - Categorizando tweet 1445/1683
2025-03-23 20:36:13,707 - tweet_categorizer - INFO - Categorizando tweet 1446/1683
2025-03-23 20:36:15,913 - tweet_categorizer - INFO - Categorizando tweet 1447/1683
2025-03-23 20:36:18,154 - tweet_categorizer - INFO - Categorizando tweet 1448/1683
2025-03-23 20:36:20,043 - tweet_categorizer - INFO - Categorizando tweet 1449/1683
2025-03-23 20:36:21,741 - tweet_categorizer - INFO - Categorizando tweet 1450/1683
2025-03-23 20:36:23,508 - tweet_categorizer - INFO - Categorizando tweet 1451/1683
2025-03-23 20:36:25,558 - tweet_categorizer - INFO - Categorizando tweet 1452/1683
2025-03-23 20:36:27,913 - tweet_categorizer - INFO - Categorizando tweet 1453/1683
2025-03-23 20:36:30,123 - tweet_categorizer - INFO - Categorizando tweet 1454/1683
2025-03-23 20:36:31,953 - tweet_categorizer - INFO - Categorizando tweet 1455/1683
2025-03-23 20:36:33,786 - tweet_categorizer - INFO - Categorizando tweet 1456/1683
2025-03-23 20:36:36,253 - tweet_categorizer - INFO - Categorizando tweet 1457/1683
2025-03-23 20:36:38,690 - tweet_categorizer - INFO - Categorizando tweet 1458/1683
2025-03-23 20:36:41,014 - tweet_categorizer - INFO - Categorizando tweet 1459/1683
2025-03-23 20:36:43,351 - tweet_categorizer - INFO - Categorizando tweet 1460/1683
2025-03-23 20:36:45,724 - tweet_categorizer - INFO - Categorizando tweet 1461/1683
2025-03-23 20:36:47,892 - tweet_categorizer - INFO - Categorizando tweet 1462/1683
2025-03-23 20:36:50,336 - tweet_categorizer - INFO - Categorizando tweet 1463/1683
2025-03-23 20:36:52,616 - tweet_categorizer - INFO - Categorizando tweet 1464/1683
2025-03-23 20:36:54,831 - tweet_categorizer - INFO - Categorizando tweet 1465/1683
2025-03-23 20:36:57,155 - tweet_categorizer - INFO - Categorizando tweet 1466/1683
2025-03-23 20:36:59,472 - tweet_categorizer - INFO - Categorizando tweet 1467/1683
2025-03-23 20:37:01,868 - tweet_categorizer - INFO - Categorizando tweet 1468/1683
2025-03-23 20:37:04,128 - tweet_categorizer - INFO - Categorizando tweet 1469/1683
2025-03-23 20:37:06,310 - tweet_categorizer - INFO - Categorizando tweet 1470/1683
2025-03-23 20:37:08,571 - tweet_categorizer - INFO - Categorizando tweet 1471/1683
2025-03-23 20:37:10,795 - tweet_categorizer - INFO - Categorizando tweet 1472/1683
2025-03-23 20:37:13,135 - tweet_categorizer - INFO - Categorizando tweet 1473/1683
2025-03-23 20:37:15,007 - tweet_categorizer - INFO - Categorizando tweet 1474/1683
2025-03-23 20:37:17,020 - tweet_categorizer - INFO - Categorizando tweet 1475/1683
2025-03-23 20:37:18,877 - tweet_categorizer - INFO - Categorizando tweet 1476/1683
2025-03-23 20:37:20,801 - tweet_categorizer - INFO - Categorizando tweet 1477/1683
2025-03-23 20:37:22,635 - tweet_categorizer - INFO - Categorizando tweet 1478/1683
2025-03-23 20:37:24,872 - tweet_categorizer - INFO - Categorizando tweet 1479/1683
2025-03-23 20:37:27,064 - tweet_categorizer - INFO - Categorizando tweet 1480/1683
2025-03-23 20:37:28,936 - tweet_categorizer - INFO - Categorizando tweet 1481/1683
2025-03-23 20:37:30,792 - tweet_categorizer - INFO - Categorizando tweet 1482/1683
2025-03-23 20:37:33,090 - tweet_categorizer - INFO - Categorizando tweet 1483/1683
2025-03-23 20:37:35,391 - tweet_categorizer - INFO - Categorizando tweet 1484/1683
2025-03-23 20:37:37,246 - tweet_categorizer - INFO - Categorizando tweet 1485/1683
2025-03-23 20:37:39,209 - tweet_categorizer - INFO - Categorizando tweet 1486/1683
2025-03-23 20:37:41,196 - tweet_categorizer - INFO - Categorizando tweet 1487/1683
2025-03-23 20:37:43,260 - tweet_categorizer - INFO - Categorizando tweet 1488/1683
2025-03-23 20:37:45,706 - tweet_categorizer - INFO - Categorizando tweet 1489/1683
2025-03-23 20:37:48,195 - tweet_categorizer - INFO - Categorizando tweet 1490/1683
2025-03-23 20:37:50,778 - tweet_categorizer - INFO - Categorizando tweet 1491/1683
2025-03-23 20:37:52,696 - tweet_categorizer - INFO - Categorizando tweet 1492/1683
2025-03-23 20:37:55,620 - tweet_categorizer - INFO - Categorizando tweet 1493/1683
2025-03-23 20:37:58,461 - tweet_categorizer - INFO - Categorizando tweet 1494/1683
2025-03-23 20:38:02,763 - tweet_categorizer - INFO - Categorizando tweet 1495/1683
2025-03-23 20:38:08,403 - tweet_categorizer - INFO - Categorizando tweet 1496/1683
2025-03-23 20:38:12,334 - tweet_categorizer - INFO - Categorizando tweet 1497/1683
2025-03-23 20:38:16,156 - tweet_categorizer - INFO - Categorizando tweet 1498/1683
2025-03-23 20:38:23,367 - tweet_categorizer - INFO - Categorizando tweet 1499/1683
2025-03-23 20:38:27,385 - tweet_categorizer - INFO - Categorizando tweet 1500/1683
2025-03-23 20:38:33,456 - tweet_categorizer - INFO - Categorizando tweet 1501/1683
2025-03-23 20:38:37,271 - tweet_categorizer - INFO - Categorizando tweet 1502/1683
2025-03-23 20:38:41,248 - tweet_categorizer - INFO - Categorizando tweet 1503/1683
2025-03-23 20:38:44,965 - tweet_categorizer - INFO - Categorizando tweet 1504/1683
2025-03-23 20:38:50,370 - tweet_categorizer - INFO - Categorizando tweet 1505/1683
2025-03-23 20:38:55,690 - tweet_categorizer - INFO - Categorizando tweet 1506/1683
2025-03-23 20:39:01,414 - tweet_categorizer - INFO - Categorizando tweet 1507/1683
2025-03-23 20:39:07,342 - tweet_categorizer - INFO - Categorizando tweet 1508/1683
2025-03-23 20:39:12,991 - tweet_categorizer - INFO - Categorizando tweet 1509/1683
2025-03-23 20:39:18,820 - tweet_categorizer - INFO - Categorizando tweet 1510/1683
2025-03-23 20:39:23,674 - tweet_categorizer - INFO - Categorizando tweet 1511/1683
2025-03-23 20:39:28,513 - tweet_categorizer - INFO - Categorizando tweet 1512/1683
2025-03-23 20:39:33,335 - tweet_categorizer - INFO - Categorizando tweet 1513/1683
2025-03-23 20:39:37,961 - tweet_categorizer - INFO - Categorizando tweet 1514/1683
2025-03-23 20:39:42,819 - tweet_categorizer - INFO - Categorizando tweet 1515/1683
2025-03-23 20:39:47,691 - tweet_categorizer - INFO - Categorizando tweet 1516/1683
2025-03-23 20:39:53,521 - tweet_categorizer - INFO - Categorizando tweet 1517/1683
2025-03-23 20:39:59,591 - tweet_categorizer - INFO - Categorizando tweet 1518/1683
2025-03-23 20:40:04,566 - tweet_categorizer - INFO - Categorizando tweet 1519/1683
2025-03-23 20:40:10,654 - tweet_categorizer - INFO - Categorizando tweet 1520/1683
2025-03-23 20:40:15,674 - tweet_categorizer - INFO - Categorizando tweet 1521/1683
2025-03-23 20:40:20,628 - tweet_categorizer - INFO - Categorizando tweet 1522/1683
2025-03-23 20:40:25,071 - tweet_categorizer - INFO - Categorizando tweet 1523/1683
2025-03-23 20:40:29,762 - tweet_categorizer - INFO - Categorizando tweet 1524/1683
2025-03-23 20:40:35,912 - tweet_categorizer - INFO - Categorizando tweet 1525/1683
2025-03-23 20:40:40,898 - tweet_categorizer - INFO - Categorizando tweet 1526/1683
2025-03-23 20:40:45,888 - tweet_categorizer - INFO - Categorizando tweet 1527/1683
2025-03-23 20:40:50,814 - tweet_categorizer - INFO - Categorizando tweet 1528/1683
2025-03-23 20:40:56,855 - tweet_categorizer - INFO - Categorizando tweet 1529/1683
2025-03-23 20:41:01,728 - tweet_categorizer - INFO - Categorizando tweet 1530/1683
2025-03-23 20:41:06,801 - tweet_categorizer - INFO - Categorizando tweet 1531/1683
2025-03-23 20:41:11,643 - tweet_categorizer - INFO - Categorizando tweet 1532/1683
2025-03-23 20:41:16,312 - tweet_categorizer - INFO - Categorizando tweet 1533/1683
2025-03-23 20:41:21,201 - tweet_categorizer - INFO - Categorizando tweet 1534/1683
2025-03-23 20:41:27,729 - tweet_categorizer - INFO - Categorizando tweet 1535/1683
2025-03-23 20:41:34,051 - tweet_categorizer - INFO - Categorizando tweet 1536/1683
2025-03-23 20:41:40,414 - tweet_categorizer - INFO - Categorizando tweet 1537/1683
2025-03-23 20:41:45,314 - tweet_categorizer - INFO - Categorizando tweet 1538/1683
2025-03-23 20:41:51,714 - tweet_categorizer - INFO - Categorizando tweet 1539/1683
2025-03-23 20:41:56,498 - tweet_categorizer - INFO - Categorizando tweet 1540/1683
2025-03-23 20:42:01,010 - tweet_categorizer - INFO - Categorizando tweet 1541/1683
2025-03-23 20:42:05,904 - tweet_categorizer - INFO - Categorizando tweet 1542/1683
2025-03-23 20:42:10,739 - tweet_categorizer - INFO - Categorizando tweet 1543/1683
2025-03-23 20:42:15,714 - tweet_categorizer - INFO - Categorizando tweet 1544/1683
2025-03-23 20:42:21,806 - tweet_categorizer - INFO - Categorizando tweet 1545/1683
2025-03-23 20:42:27,716 - tweet_categorizer - INFO - Categorizando tweet 1546/1683
2025-03-23 20:42:33,566 - tweet_categorizer - INFO - Categorizando tweet 1547/1683
2025-03-23 20:42:39,089 - tweet_categorizer - INFO - Categorizando tweet 1548/1683
2025-03-23 20:42:44,947 - tweet_categorizer - INFO - Categorizando tweet 1549/1683
2025-03-23 20:42:50,930 - tweet_categorizer - INFO - Categorizando tweet 1550/1683
2025-03-23 20:42:56,270 - tweet_categorizer - INFO - Categorizando tweet 1551/1683
2025-03-23 20:43:01,106 - tweet_categorizer - INFO - Categorizando tweet 1552/1683
2025-03-23 20:43:06,240 - tweet_categorizer - INFO - Categorizando tweet 1553/1683
2025-03-23 20:43:11,887 - tweet_categorizer - INFO - Categorizando tweet 1554/1683
2025-03-23 20:43:17,878 - tweet_categorizer - INFO - Categorizando tweet 1555/1683
2025-03-23 20:43:22,302 - tweet_categorizer - INFO - Categorizando tweet 1556/1683
2025-03-23 20:43:26,956 - tweet_categorizer - INFO - Categorizando tweet 1557/1683
2025-03-23 20:43:30,226 - tweet_categorizer - INFO - Categorizando tweet 1558/1683
2025-03-23 20:43:32,044 - tweet_categorizer - INFO - Categorizando tweet 1559/1683
2025-03-23 20:43:34,184 - tweet_categorizer - INFO - Categorizando tweet 1560/1683
2025-03-23 20:43:36,318 - tweet_categorizer - INFO - Categorizando tweet 1561/1683
2025-03-23 20:43:38,401 - tweet_categorizer - INFO - Categorizando tweet 1562/1683
2025-03-23 20:43:40,197 - tweet_categorizer - INFO - Categorizando tweet 1563/1683
2025-03-23 20:43:42,311 - tweet_categorizer - INFO - Categorizando tweet 1564/1683
2025-03-23 20:43:44,467 - tweet_categorizer - INFO - Categorizando tweet 1565/1683
2025-03-23 20:43:46,265 - tweet_categorizer - INFO - Categorizando tweet 1566/1683
2025-03-23 20:43:48,009 - tweet_categorizer - INFO - Categorizando tweet 1567/1683
2025-03-23 20:43:50,308 - tweet_categorizer - INFO - Categorizando tweet 1568/1683
2025-03-23 20:43:53,995 - tweet_categorizer - INFO - Categorizando tweet 1569/1683
2025-03-23 20:43:58,660 - tweet_categorizer - INFO - Categorizando tweet 1570/1683
2025-03-23 20:44:03,613 - tweet_categorizer - INFO - Categorizando tweet 1571/1683
2025-03-23 20:44:10,086 - tweet_categorizer - INFO - Categorizando tweet 1572/1683
2025-03-23 20:44:16,493 - tweet_categorizer - INFO - Categorizando tweet 1573/1683
2025-03-23 20:44:22,344 - tweet_categorizer - INFO - Categorizando tweet 1574/1683
2025-03-23 20:44:28,354 - tweet_categorizer - INFO - Categorizando tweet 1575/1683
2025-03-23 20:44:33,205 - tweet_categorizer - INFO - Categorizando tweet 1576/1683
2025-03-23 20:44:38,971 - tweet_categorizer - INFO - Categorizando tweet 1577/1683
2025-03-23 20:44:43,737 - tweet_categorizer - INFO - Categorizando tweet 1578/1683
2025-03-23 20:44:48,668 - tweet_categorizer - INFO - Categorizando tweet 1579/1683
2025-03-23 20:44:55,161 - tweet_categorizer - INFO - Categorizando tweet 1580/1683
2025-03-23 20:45:00,060 - tweet_categorizer - INFO - Categorizando tweet 1581/1683
2025-03-23 20:45:04,770 - tweet_categorizer - INFO - Categorizando tweet 1582/1683
2025-03-23 20:45:09,664 - tweet_categorizer - INFO - Categorizando tweet 1583/1683
2025-03-23 20:45:15,696 - tweet_categorizer - INFO - Categorizando tweet 1584/1683
2025-03-23 20:45:21,293 - tweet_categorizer - INFO - Categorizando tweet 1585/1683
2025-03-23 20:45:25,385 - tweet_categorizer - INFO - Categorizando tweet 1586/1683
2025-03-23 20:45:29,499 - tweet_categorizer - INFO - Categorizando tweet 1587/1683
2025-03-23 20:45:31,582 - tweet_categorizer - INFO - Categorizando tweet 1588/1683
2025-03-23 20:45:33,345 - tweet_categorizer - INFO - Categorizando tweet 1589/1683
2025-03-23 20:45:35,030 - tweet_categorizer - INFO - Categorizando tweet 1590/1683
2025-03-23 20:45:37,292 - tweet_categorizer - INFO - Categorizando tweet 1591/1683
2025-03-23 20:45:38,998 - tweet_categorizer - INFO - Categorizando tweet 1592/1683
2025-03-23 20:45:42,702 - tweet_categorizer - INFO - Categorizando tweet 1593/1683
2025-03-23 20:45:48,791 - tweet_categorizer - INFO - Categorizando tweet 1594/1683
2025-03-23 20:45:54,014 - tweet_categorizer - INFO - Categorizando tweet 1595/1683
2025-03-23 20:45:56,303 - tweet_categorizer - INFO - Categorizando tweet 1596/1683
2025-03-23 20:45:58,500 - tweet_categorizer - INFO - Categorizando tweet 1597/1683
2025-03-23 20:46:00,290 - tweet_categorizer - INFO - Categorizando tweet 1598/1683
2025-03-23 20:46:02,085 - tweet_categorizer - INFO - Categorizando tweet 1599/1683
2025-03-23 20:46:03,748 - tweet_categorizer - INFO - Categorizando tweet 1600/1683
2025-03-23 20:46:05,491 - tweet_categorizer - INFO - Categorizando tweet 1601/1683
2025-03-23 20:46:07,303 - tweet_categorizer - INFO - Categorizando tweet 1602/1683
2025-03-23 20:46:09,141 - tweet_categorizer - INFO - Categorizando tweet 1603/1683
2025-03-23 20:46:10,953 - tweet_categorizer - INFO - Categorizando tweet 1604/1683
2025-03-23 20:46:12,804 - tweet_categorizer - INFO - Categorizando tweet 1605/1683
2025-03-23 20:46:15,049 - tweet_categorizer - INFO - Categorizando tweet 1606/1683
2025-03-23 20:46:17,568 - tweet_categorizer - INFO - Categorizando tweet 1607/1683
2025-03-23 20:46:19,867 - tweet_categorizer - INFO - Categorizando tweet 1608/1683
2025-03-23 20:46:21,737 - tweet_categorizer - INFO - Categorizando tweet 1609/1683
2025-03-23 20:46:23,515 - tweet_categorizer - INFO - Categorizando tweet 1610/1683
2025-03-23 20:46:25,400 - tweet_categorizer - INFO - Categorizando tweet 1611/1683
2025-03-23 20:46:27,881 - tweet_categorizer - INFO - Categorizando tweet 1612/1683
2025-03-23 20:46:29,693 - tweet_categorizer - INFO - Categorizando tweet 1613/1683
2025-03-23 20:46:32,033 - tweet_categorizer - INFO - Categorizando tweet 1614/1683
2025-03-23 20:46:34,409 - tweet_categorizer - INFO - Categorizando tweet 1615/1683
2025-03-23 20:46:36,270 - tweet_categorizer - INFO - Categorizando tweet 1616/1683
2025-03-23 20:46:38,595 - tweet_categorizer - INFO - Categorizando tweet 1617/1683
2025-03-23 20:46:41,084 - tweet_categorizer - INFO - Categorizando tweet 1618/1683
2025-03-23 20:46:43,256 - tweet_categorizer - INFO - Categorizando tweet 1619/1683
2025-03-23 20:46:45,546 - tweet_categorizer - INFO - Categorizando tweet 1620/1683
2025-03-23 20:46:47,454 - tweet_categorizer - INFO - Categorizando tweet 1621/1683
2025-03-23 20:46:49,349 - tweet_categorizer - INFO - Categorizando tweet 1622/1683
2025-03-23 20:46:51,719 - tweet_categorizer - INFO - Categorizando tweet 1623/1683
2025-03-23 20:46:53,594 - tweet_categorizer - INFO - Categorizando tweet 1624/1683
2025-03-23 20:46:55,491 - tweet_categorizer - INFO - Categorizando tweet 1625/1683
2025-03-23 20:46:57,168 - tweet_categorizer - INFO - Categorizando tweet 1626/1683
2025-03-23 20:46:58,920 - tweet_categorizer - INFO - Categorizando tweet 1627/1683
2025-03-23 20:47:00,787 - tweet_categorizer - INFO - Categorizando tweet 1628/1683
2025-03-23 20:47:03,349 - tweet_categorizer - INFO - Categorizando tweet 1629/1683
2025-03-23 20:47:05,308 - tweet_categorizer - INFO - Categorizando tweet 1630/1683
2025-03-23 20:47:07,589 - tweet_categorizer - INFO - Categorizando tweet 1631/1683
2025-03-23 20:47:09,936 - tweet_categorizer - INFO - Categorizando tweet 1632/1683
2025-03-23 20:47:11,830 - tweet_categorizer - INFO - Categorizando tweet 1633/1683
2025-03-23 20:47:13,759 - tweet_categorizer - INFO - Categorizando tweet 1634/1683
2025-03-23 20:47:16,190 - tweet_categorizer - INFO - Categorizando tweet 1635/1683
2025-03-23 20:47:18,461 - tweet_categorizer - INFO - Categorizando tweet 1636/1683
2025-03-23 20:47:20,639 - tweet_categorizer - INFO - Categorizando tweet 1637/1683
2025-03-23 20:47:22,890 - tweet_categorizer - INFO - Categorizando tweet 1638/1683
2025-03-23 20:47:24,786 - tweet_categorizer - INFO - Categorizando tweet 1639/1683
2025-03-23 20:47:26,719 - tweet_categorizer - INFO - Categorizando tweet 1640/1683
2025-03-23 20:47:28,570 - tweet_categorizer - INFO - Categorizando tweet 1641/1683
2025-03-23 20:47:30,430 - tweet_categorizer - INFO - Categorizando tweet 1642/1683
2025-03-23 20:47:32,739 - tweet_categorizer - INFO - Categorizando tweet 1643/1683
2025-03-23 20:47:34,625 - tweet_categorizer - INFO - Categorizando tweet 1644/1683
2025-03-23 20:47:36,479 - tweet_categorizer - INFO - Categorizando tweet 1645/1683
2025-03-23 20:47:38,382 - tweet_categorizer - INFO - Categorizando tweet 1646/1683
2025-03-23 20:47:40,234 - tweet_categorizer - INFO - Categorizando tweet 1647/1683
2025-03-23 20:47:42,191 - tweet_categorizer - INFO - Categorizando tweet 1648/1683
2025-03-23 20:47:44,542 - tweet_categorizer - INFO - Categorizando tweet 1649/1683
2025-03-23 20:47:46,432 - tweet_categorizer - INFO - Categorizando tweet 1650/1683
2025-03-23 20:47:48,329 - tweet_categorizer - INFO - Categorizando tweet 1651/1683
2025-03-23 20:47:50,651 - tweet_categorizer - INFO - Categorizando tweet 1652/1683
2025-03-23 20:47:53,002 - tweet_categorizer - INFO - Categorizando tweet 1653/1683
2025-03-23 20:47:54,871 - tweet_categorizer - INFO - Categorizando tweet 1654/1683
2025-03-23 20:47:57,202 - tweet_categorizer - INFO - Categorizando tweet 1655/1683
2025-03-23 20:47:59,571 - tweet_categorizer - INFO - Categorizando tweet 1656/1683
2025-03-23 20:48:01,418 - tweet_categorizer - INFO - Categorizando tweet 1657/1683
2025-03-23 20:48:03,448 - tweet_categorizer - INFO - Categorizando tweet 1658/1683
2025-03-23 20:48:05,401 - tweet_categorizer - INFO - Categorizando tweet 1659/1683
2025-03-23 20:48:07,279 - tweet_categorizer - INFO - Categorizando tweet 1660/1683
2025-03-23 20:48:09,630 - tweet_categorizer - INFO - Categorizando tweet 1661/1683
2025-03-23 20:48:11,930 - tweet_categorizer - INFO - Categorizando tweet 1662/1683
2025-03-23 20:48:13,798 - tweet_categorizer - INFO - Categorizando tweet 1663/1683
2025-03-23 20:48:16,187 - tweet_categorizer - INFO - Categorizando tweet 1664/1683
2025-03-23 20:48:18,491 - tweet_categorizer - INFO - Categorizando tweet 1665/1683
2025-03-23 20:48:20,817 - tweet_categorizer - INFO - Categorizando tweet 1666/1683
2025-03-23 20:48:23,134 - tweet_categorizer - INFO - Categorizando tweet 1667/1683
2025-03-23 20:48:25,521 - tweet_categorizer - INFO - Categorizando tweet 1668/1683
2025-03-23 20:48:27,951 - tweet_categorizer - INFO - Categorizando tweet 1669/1683
2025-03-23 20:48:29,821 - tweet_categorizer - INFO - Categorizando tweet 1670/1683
2025-03-23 20:48:32,325 - tweet_categorizer - INFO - Categorizando tweet 1671/1683
2025-03-23 20:48:34,284 - tweet_categorizer - INFO - Categorizando tweet 1672/1683
2025-03-23 20:48:36,920 - tweet_categorizer - INFO - Categorizando tweet 1673/1683
2025-03-23 20:48:39,352 - tweet_categorizer - INFO - Categorizando tweet 1674/1683
2025-03-23 20:48:41,236 - tweet_categorizer - INFO - Categorizando tweet 1675/1683
2025-03-23 20:48:43,125 - tweet_categorizer - INFO - Categorizando tweet 1676/1683
2025-03-23 20:48:45,391 - tweet_categorizer - INFO - Categorizando tweet 1677/1683
2025-03-23 20:48:47,349 - tweet_categorizer - INFO - Categorizando tweet 1678/1683
2025-03-23 20:48:49,687 - tweet_categorizer - INFO - Categorizando tweet 1679/1683
2025-03-23 20:48:52,069 - tweet_categorizer - INFO - Categorizando tweet 1680/1683
2025-03-23 20:48:54,150 - tweet_categorizer - INFO - Categorizando tweet 1681/1683
2025-03-23 20:48:56,055 - tweet_categorizer - INFO - Categorizando tweet 1682/1683
2025-03-23 20:48:58,306 - tweet_categorizer - INFO - Categorizando tweet 1683/1683
2025-03-23 20:49:00,677 - __main__ - INFO - Guardando categorización para uso futuro
2025-03-23 20:49:00,733 - tweet_categorizer - INFO - Categorización guardada en categorized_tweets.json
2025-03-23 20:49:00,734 - __main__ - INFO - Calculando estadísticas por categoría
2025-03-23 20:49:00,734 - stats_calculator - INFO - Calculando estadísticas para la categoría: **Servicios Públicos (Sanidad y Educación)**
2025-03-23 20:49:00,737 - stats_calculator - INFO - Calculando estadísticas para la categoría: **Infraestructuras y Vivienda**
2025-03-23 20:49:00,737 - stats_calculator - INFO - Calculando estadísticas para la categoría: **Desarrollo Rural y Conectividad**
2025-03-23 20:49:00,737 - stats_calculator - INFO - Calculando estadísticas para la categoría: **Libertad de Expresión y Censura**
2025-03-23 20:49:00,737 - stats_calculator - INFO - Calculando estadísticas para la categoría: **Críticas al Gobierno de Juanma Moreno (PP)**
2025-03-23 20:49:00,738 - stats_calculator - INFO - Calculando estadísticas para la categoría: **Corrupción y Casos Judiciales del PP**
2025-03-23 20:49:00,738 - stats_calculator - INFO - Calculando estadísticas para la categoría: **Banca y Finanzas (Cajamar)**
2025-03-23 20:49:00,739 - stats_calculator - INFO - Calculando estadísticas para la categoría: **Tecnología y Conectividad (Wifi China)**
2025-03-23 20:49:00,739 - __main__ - INFO - Generando informe
2025-03-23 20:49:00,739 - report_generator - INFO - Iniciando generación del informe
2025-03-23 20:49:00,741 - report_generator - INFO - Generando sección para la categoría: **Servicios Públicos (Sanidad y Educación)**
2025-03-23 21:02:51,318 - report_generator - INFO - Generando sección para la categoría: **Infraestructuras y Vivienda**
2025-03-23 21:16:19,772 - report_generator - INFO - Generando sección para la categoría: **Desarrollo Rural y Conectividad**
2025-03-23 21:36:58,852 - report_generator - INFO - Generando sección para la categoría: **Libertad de Expresión y Censura**
2025-03-23 21:57:20,553 - report_generator - INFO - Generando sección para la categoría: **Críticas al Gobierno de Juanma Moreno (PP)**
2025-03-23 22:21:17,031 - report_generator - INFO - Generando sección para la categoría: **Corrupción y Casos Judiciales del PP**
2025-03-23 22:45:03,811 - report_generator - INFO - Generando sección para la categoría: **Banca y Finanzas (Cajamar)**
2025-03-23 22:59:18,612 - report_generator - INFO - Generando sección para la categoría: **Tecnología y Conectividad (Wifi China)**
2025-03-23 23:09:43,505 - report_generator - INFO - Generando resumen general del informe
2025-03-23 23:15:49,192 - __main__ - INFO - Informe generado y guardado como informe_20250323_231549.md
2025-03-23 23:15:49,195 - __main__ - INFO - Tiempo total de ejecución: 5:06:08.521573