2025-03-24 12:00:33,794 - __main__ - INFO - Iniciando análisis de tweets
2025-03-24 12:00:33,795 - __main__ - INFO - Cargando tweets desde el archivo JSON
2025-03-24 12:00:33,805 - __main__ - INFO - Se han cargado 1683 tweets correctamente
2025-03-24 12:00:33,805 - __main__ - INFO - Categorizando tweets
2025-03-24 12:00:33,805 - tweet_categorizer - INFO - Extrayendo categorías de los tweets usando Gemma3
2025-03-24 12:05:56,004 - __main__ - INFO - Iniciando análisis de tweets
2025-03-24 12:05:56,004 - __main__ - INFO - Cargando tweets desde el archivo JSON
2025-03-24 12:05:56,014 - __main__ - INFO - Se han cargado 1683 tweets correctamente
2025-03-24 12:05:56,014 - __main__ - INFO - Categorizando tweets
2025-03-24 12:05:56,014 - tweet_categorizer - INFO - Extrayendo categorías de los tweets usando granite3.2:latest
2025-03-24 12:06:15,045 - tweet_categorizer - INFO - Se extrajeron 6 categorías: ['Críticas al gobierno de Moreno Bonilla', 'Problemas con el sistema universitario andaluz', 'Reclamaciones y quejas contra Cajamar', 'Infraestructura y vivienda en Andalucía', 'Tecnología y conectividad', 'Libertad de expresión y censura']
2025-03-24 12:06:15,046 - tweet_categorizer - INFO - Categorías finales: ['Críticas al gobierno de Moreno Bonilla', 'Problemas con el sistema universitario andaluz', 'Reclamaciones y quejas contra Cajamar', 'Infraestructura y vivienda en Andalucía', 'Tecnología y conectividad', 'Libertad de expresión y censura']
2025-03-24 12:06:15,046 - tweet_categorizer - INFO - Categorizando tweet 1/1683
2025-03-24 12:06:15,668 - tweet_categorizer - INFO - Categorizando tweet 2/1683
2025-03-24 12:06:16,236 - tweet_categorizer - INFO - Categorizando tweet 3/1683
2025-03-24 12:06:16,694 - tweet_categorizer - INFO - Categorizando tweet 4/1683
2025-03-24 12:06:17,207 - tweet_categorizer - INFO - Categorizando tweet 5/1683
2025-03-24 12:06:17,748 - tweet_categorizer - INFO - Categorizando tweet 6/1683
2025-03-24 12:06:18,218 - tweet_categorizer - INFO - Categorizando tweet 7/1683
2025-03-24 12:06:18,696 - tweet_categorizer - INFO - Categorizando tweet 8/1683
2025-03-24 12:06:19,267 - tweet_categorizer - INFO - Categorizando tweet 9/1683
2025-03-24 12:06:19,843 - tweet_categorizer - INFO - Categorizando tweet 10/1683
2025-03-24 12:06:20,365 - tweet_categorizer - INFO - Categorizando tweet 11/1683
2025-03-24 12:06:20,833 - tweet_categorizer - INFO - Categorizando tweet 12/1683
2025-03-24 12:06:21,287 - tweet_categorizer - INFO - Categorizando tweet 13/1683
2025-03-24 12:06:21,826 - tweet_categorizer - INFO - Categorizando tweet 14/1683
2025-03-24 12:06:22,201 - tweet_categorizer - INFO - Categorizando tweet 15/1683
2025-03-24 12:06:22,743 - tweet_categorizer - INFO - Categorizando tweet 16/1683
2025-03-24 12:06:23,146 - tweet_categorizer - INFO - Categorizando tweet 17/1683
2025-03-24 12:06:23,665 - tweet_categorizer - INFO - Categorizando tweet 18/1683
2025-03-24 12:06:24,221 - tweet_categorizer - INFO - Categorizando tweet 19/1683
2025-03-24 12:06:24,702 - tweet_categorizer - INFO - Categorizando tweet 20/1683
2025-03-24 12:06:25,206 - tweet_categorizer - INFO - Categorizando tweet 21/1683
2025-03-24 12:06:25,612 - tweet_categorizer - INFO - Categorizando tweet 22/1683
2025-03-24 12:06:26,022 - tweet_categorizer - INFO - Categorizando tweet 23/1683
2025-03-24 12:06:26,644 - tweet_categorizer - INFO - Categorizando tweet 24/1683
2025-03-24 12:06:27,166 - tweet_categorizer - INFO - Categorizando tweet 25/1683
2025-03-24 12:06:27,952 - tweet_categorizer - INFO - Categorizando tweet 26/1683
2025-03-24 12:06:28,559 - tweet_categorizer - INFO - Categorizando tweet 27/1683
2025-03-24 12:06:29,050 - tweet_categorizer - INFO - Categorizando tweet 28/1683
2025-03-24 12:06:29,537 - tweet_categorizer - INFO - Categorizando tweet 29/1683
2025-03-24 12:06:30,040 - tweet_categorizer - INFO - Categorizando tweet 30/1683
2025-03-24 12:06:30,518 - tweet_categorizer - INFO - Categorizando tweet 31/1683
2025-03-24 12:06:31,013 - tweet_categorizer - INFO - Categorizando tweet 32/1683
2025-03-24 12:06:31,525 - tweet_categorizer - INFO - Categorizando tweet 33/1683
2025-03-24 12:06:32,017 - tweet_categorizer - INFO - Categorizando tweet 34/1683
2025-03-24 12:06:32,508 - tweet_categorizer - INFO - Categorizando tweet 35/1683
2025-03-24 12:06:33,027 - tweet_categorizer - INFO - Categorizando tweet 36/1683
2025-03-24 12:06:33,484 - tweet_categorizer - INFO - Categorizando tweet 37/1683
2025-03-24 12:06:33,973 - tweet_categorizer - INFO - Categorizando tweet 38/1683
2025-03-24 12:06:34,429 - tweet_categorizer - INFO - Categorizando tweet 39/1683
2025-03-24 12:06:34,866 - tweet_categorizer - INFO - Categorizando tweet 40/1683
2025-03-24 12:06:35,377 - tweet_categorizer - INFO - Categorizando tweet 41/1683
2025-03-24 12:06:35,895 - tweet_categorizer - INFO - Categorizando tweet 42/1683
2025-03-24 12:06:36,407 - tweet_categorizer - INFO - Categorizando tweet 43/1683
2025-03-24 12:06:36,896 - tweet_categorizer - INFO - Categorizando tweet 44/1683
2025-03-24 12:06:37,426 - tweet_categorizer - INFO - Categorizando tweet 45/1683
2025-03-24 12:06:37,850 - tweet_categorizer - INFO - Categorizando tweet 46/1683
2025-03-24 12:06:38,291 - tweet_categorizer - INFO - Categorizando tweet 47/1683
2025-03-24 12:06:38,751 - tweet_categorizer - INFO - Categorizando tweet 48/1683
2025-03-24 12:06:39,213 - tweet_categorizer - INFO - Categorizando tweet 49/1683
2025-03-24 12:06:39,693 - tweet_categorizer - INFO - Categorizando tweet 50/1683
2025-03-24 12:06:40,169 - tweet_categorizer - INFO - Categorizando tweet 51/1683
2025-03-24 12:06:40,696 - tweet_categorizer - INFO - Categorizando tweet 52/1683
2025-03-24 12:06:41,074 - tweet_categorizer - INFO - Categorizando tweet 53/1683
2025-03-24 12:06:41,541 - tweet_categorizer - INFO - Categorizando tweet 54/1683
2025-03-24 12:06:41,986 - tweet_categorizer - INFO - Categorizando tweet 55/1683
2025-03-24 12:06:42,417 - tweet_categorizer - INFO - Categorizando tweet 56/1683
2025-03-24 12:06:42,904 - tweet_categorizer - INFO - Categorizando tweet 57/1683
2025-03-24 12:06:43,318 - tweet_categorizer - INFO - Categorizando tweet 58/1683
2025-03-24 12:06:43,776 - tweet_categorizer - INFO - Categorizando tweet 59/1683
2025-03-24 12:06:44,180 - tweet_categorizer - INFO - Categorizando tweet 60/1683
2025-03-24 12:06:44,726 - tweet_categorizer - INFO - Categorizando tweet 61/1683
2025-03-24 12:06:45,154 - tweet_categorizer - INFO - Categorizando tweet 62/1683
2025-03-24 12:06:45,617 - tweet_categorizer - INFO - Categorizando tweet 63/1683
2025-03-24 12:06:46,046 - tweet_categorizer - INFO - Categorizando tweet 64/1683
2025-03-24 12:06:46,458 - tweet_categorizer - INFO - Categorizando tweet 65/1683
2025-03-24 12:06:46,974 - tweet_categorizer - INFO - Categorizando tweet 66/1683
2025-03-24 12:06:47,498 - tweet_categorizer - INFO - Categorizando tweet 67/1683
2025-03-24 12:06:47,977 - tweet_categorizer - INFO - Categorizando tweet 68/1683
2025-03-24 12:06:48,385 - tweet_categorizer - INFO - Categorizando tweet 69/1683
2025-03-24 12:06:48,814 - tweet_categorizer - INFO - Categorizando tweet 70/1683
2025-03-24 12:06:49,231 - tweet_categorizer - INFO - Categorizando tweet 71/1683
2025-03-24 12:06:49,718 - tweet_categorizer - INFO - Categorizando tweet 72/1683
2025-03-24 12:06:50,128 - tweet_categorizer - INFO - Categorizando tweet 73/1683
2025-03-24 12:06:50,462 - tweet_categorizer - INFO - Categorizando tweet 74/1683
2025-03-24 12:06:50,955 - tweet_categorizer - INFO - Categorizando tweet 75/1683
2025-03-24 12:06:51,367 - tweet_categorizer - INFO - Categorizando tweet 76/1683
2025-03-24 12:06:51,772 - tweet_categorizer - INFO - Categorizando tweet 77/1683
2025-03-24 12:06:52,109 - tweet_categorizer - INFO - Categorizando tweet 78/1683
2025-03-24 12:06:52,539 - tweet_categorizer - INFO - Categorizando tweet 79/1683
2025-03-24 12:06:53,037 - tweet_categorizer - INFO - Categorizando tweet 80/1683
2025-03-24 12:06:53,526 - tweet_categorizer - INFO - Categorizando tweet 81/1683
2025-03-24 12:06:53,895 - tweet_categorizer - INFO - Categorizando tweet 82/1683
2025-03-24 12:06:54,355 - tweet_categorizer - INFO - Categorizando tweet 83/1683
2025-03-24 12:06:54,693 - tweet_categorizer - INFO - Categorizando tweet 84/1683
2025-03-24 12:06:55,050 - tweet_categorizer - INFO - Categorizando tweet 85/1683
2025-03-24 12:06:55,523 - tweet_categorizer - INFO - Categorizando tweet 86/1683
2025-03-24 12:06:56,029 - tweet_categorizer - INFO - Categorizando tweet 87/1683
2025-03-24 12:06:56,591 - tweet_categorizer - INFO - Categorizando tweet 88/1683
2025-03-24 12:06:57,066 - tweet_categorizer - INFO - Categorizando tweet 89/1683
2025-03-24 12:06:57,409 - tweet_categorizer - INFO - Categorizando tweet 90/1683
2025-03-24 12:06:57,897 - tweet_categorizer - INFO - Categorizando tweet 91/1683
2025-03-24 12:06:58,394 - tweet_categorizer - INFO - Categorizando tweet 92/1683
2025-03-24 12:06:58,897 - tweet_categorizer - INFO - Categorizando tweet 93/1683
2025-03-24 12:06:59,359 - tweet_categorizer - INFO - Categorizando tweet 94/1683
2025-03-24 12:06:59,865 - tweet_categorizer - INFO - Categorizando tweet 95/1683
2025-03-24 12:07:00,349 - tweet_categorizer - INFO - Categorizando tweet 96/1683
2025-03-24 12:07:00,814 - tweet_categorizer - INFO - Categorizando tweet 97/1683
2025-03-24 12:07:01,274 - tweet_categorizer - INFO - Categorizando tweet 98/1683
2025-03-24 12:07:01,725 - tweet_categorizer - INFO - Categorizando tweet 99/1683
2025-03-24 12:07:02,153 - tweet_categorizer - INFO - Categorizando tweet 100/1683
2025-03-24 12:07:02,620 - tweet_categorizer - INFO - Categorizando tweet 101/1683
2025-03-24 12:07:03,095 - tweet_categorizer - INFO - Categorizando tweet 102/1683
2025-03-24 12:07:03,581 - tweet_categorizer - INFO - Categorizando tweet 103/1683
2025-03-24 12:07:04,121 - tweet_categorizer - INFO - Categorizando tweet 104/1683
2025-03-24 12:07:04,624 - tweet_categorizer - INFO - Categorizando tweet 105/1683
2025-03-24 12:07:05,200 - tweet_categorizer - INFO - Categorizando tweet 106/1683
2025-03-24 12:07:05,677 - tweet_categorizer - INFO - Categorizando tweet 107/1683
2025-03-24 12:07:06,200 - tweet_categorizer - INFO - Categorizando tweet 108/1683
2025-03-24 12:07:06,732 - tweet_categorizer - INFO - Categorizando tweet 109/1683
2025-03-24 12:07:07,146 - tweet_categorizer - INFO - Categorizando tweet 110/1683
2025-03-24 12:07:07,563 - tweet_categorizer - INFO - Categorizando tweet 111/1683
2025-03-24 12:07:07,975 - tweet_categorizer - INFO - Categorizando tweet 112/1683
2025-03-24 12:07:08,423 - tweet_categorizer - INFO - Categorizando tweet 113/1683
2025-03-24 12:07:08,920 - tweet_categorizer - INFO - Categorizando tweet 114/1683
2025-03-24 12:07:09,395 - tweet_categorizer - INFO - Categorizando tweet 115/1683
2025-03-24 12:07:09,905 - tweet_categorizer - INFO - Categorizando tweet 116/1683
2025-03-24 12:07:10,402 - tweet_categorizer - INFO - Categorizando tweet 117/1683
2025-03-24 12:07:10,859 - tweet_categorizer - INFO - Categorizando tweet 118/1683
2025-03-24 12:07:11,343 - tweet_categorizer - INFO - Categorizando tweet 119/1683
2025-03-24 12:07:11,814 - tweet_categorizer - INFO - Categorizando tweet 120/1683
2025-03-24 12:07:12,268 - tweet_categorizer - INFO - Categorizando tweet 121/1683
2025-03-24 12:07:12,762 - tweet_categorizer - INFO - Categorizando tweet 122/1683
2025-03-24 12:07:13,246 - tweet_categorizer - INFO - Categorizando tweet 123/1683
2025-03-24 12:07:13,775 - tweet_categorizer - INFO - Categorizando tweet 124/1683
2025-03-24 12:07:14,235 - tweet_categorizer - INFO - Categorizando tweet 125/1683
2025-03-24 12:07:14,691 - tweet_categorizer - INFO - Categorizando tweet 126/1683
2025-03-24 12:07:15,180 - tweet_categorizer - INFO - Categorizando tweet 127/1683
2025-03-24 12:07:15,655 - tweet_categorizer - INFO - Categorizando tweet 128/1683
2025-03-24 12:07:16,169 - tweet_categorizer - INFO - Categorizando tweet 129/1683
2025-03-24 12:07:16,640 - tweet_categorizer - INFO - Categorizando tweet 130/1683
2025-03-24 12:07:17,118 - tweet_categorizer - INFO - Categorizando tweet 131/1683
2025-03-24 12:07:17,586 - tweet_categorizer - INFO - Categorizando tweet 132/1683
2025-03-24 12:07:18,042 - tweet_categorizer - INFO - Categorizando tweet 133/1683
2025-03-24 12:07:18,530 - tweet_categorizer - INFO - Categorizando tweet 134/1683
2025-03-24 12:07:19,041 - tweet_categorizer - INFO - Categorizando tweet 135/1683
2025-03-24 12:07:19,512 - tweet_categorizer - INFO - Categorizando tweet 136/1683
2025-03-24 12:07:19,939 - tweet_categorizer - INFO - Categorizando tweet 137/1683
2025-03-24 12:07:20,474 - tweet_categorizer - INFO - Categorizando tweet 138/1683
2025-03-24 12:07:21,054 - tweet_categorizer - INFO - Categorizando tweet 139/1683
2025-03-24 12:07:21,599 - tweet_categorizer - INFO - Categorizando tweet 140/1683
2025-03-24 12:07:22,061 - tweet_categorizer - INFO - Categorizando tweet 141/1683
2025-03-24 12:07:22,565 - tweet_categorizer - INFO - Categorizando tweet 142/1683
2025-03-24 12:07:23,043 - tweet_categorizer - INFO - Categorizando tweet 143/1683
2025-03-24 12:07:23,500 - tweet_categorizer - INFO - Categorizando tweet 144/1683
2025-03-24 12:07:24,026 - tweet_categorizer - INFO - Categorizando tweet 145/1683
2025-03-24 12:07:24,525 - tweet_categorizer - INFO - Categorizando tweet 146/1683
2025-03-24 12:07:24,985 - tweet_categorizer - INFO - Categorizando tweet 147/1683
2025-03-24 12:07:25,446 - tweet_categorizer - INFO - Categorizando tweet 148/1683
2025-03-24 12:07:25,940 - tweet_categorizer - INFO - Categorizando tweet 149/1683
2025-03-24 12:07:26,467 - tweet_categorizer - INFO - Categorizando tweet 150/1683
2025-03-24 12:07:26,998 - tweet_categorizer - INFO - Categorizando tweet 151/1683
2025-03-24 12:07:27,476 - tweet_categorizer - INFO - Categorizando tweet 152/1683
2025-03-24 12:07:27,906 - tweet_categorizer - INFO - Categorizando tweet 153/1683
2025-03-24 12:07:28,386 - tweet_categorizer - INFO - Categorizando tweet 154/1683
2025-03-24 12:07:28,927 - tweet_categorizer - INFO - Categorizando tweet 155/1683
2025-03-24 12:07:29,428 - tweet_categorizer - INFO - Categorizando tweet 156/1683
2025-03-24 12:07:29,879 - tweet_categorizer - INFO - Categorizando tweet 157/1683
2025-03-24 12:07:30,597 - tweet_categorizer - INFO - Categorizando tweet 158/1683
2025-03-24 12:07:31,105 - tweet_categorizer - INFO - Categorizando tweet 159/1683
2025-03-24 12:07:31,573 - tweet_categorizer - INFO - Categorizando tweet 160/1683
2025-03-24 12:07:32,127 - tweet_categorizer - INFO - Categorizando tweet 161/1683
2025-03-24 12:07:32,619 - tweet_categorizer - INFO - Categorizando tweet 162/1683
2025-03-24 12:07:33,101 - tweet_categorizer - INFO - Categorizando tweet 163/1683
2025-03-24 12:07:33,585 - tweet_categorizer - INFO - Categorizando tweet 164/1683
2025-03-24 12:07:34,065 - tweet_categorizer - INFO - Categorizando tweet 165/1683
2025-03-24 12:07:34,573 - tweet_categorizer - INFO - Categorizando tweet 166/1683
2025-03-24 12:07:35,051 - tweet_categorizer - INFO - Categorizando tweet 167/1683
2025-03-24 12:07:35,542 - tweet_categorizer - INFO - Categorizando tweet 168/1683
2025-03-24 12:07:36,038 - tweet_categorizer - INFO - Categorizando tweet 169/1683
2025-03-24 12:07:36,547 - tweet_categorizer - INFO - Categorizando tweet 170/1683
2025-03-24 12:07:36,957 - tweet_categorizer - INFO - Categorizando tweet 171/1683
2025-03-24 12:07:37,376 - tweet_categorizer - INFO - Categorizando tweet 172/1683
2025-03-24 12:07:37,788 - tweet_categorizer - INFO - Categorizando tweet 173/1683
2025-03-24 12:07:38,198 - tweet_categorizer - INFO - Categorizando tweet 174/1683
2025-03-24 12:07:38,609 - tweet_categorizer - INFO - Categorizando tweet 175/1683
2025-03-24 12:07:39,017 - tweet_categorizer - INFO - Categorizando tweet 176/1683
2025-03-24 12:07:39,547 - tweet_categorizer - INFO - Categorizando tweet 177/1683
2025-03-24 12:07:39,995 - tweet_categorizer - INFO - Categorizando tweet 178/1683
2025-03-24 12:07:40,518 - tweet_categorizer - INFO - Categorizando tweet 179/1683
2025-03-24 12:07:41,025 - tweet_categorizer - INFO - Categorizando tweet 180/1683
2025-03-24 12:07:41,502 - tweet_categorizer - INFO - Categorizando tweet 181/1683
2025-03-24 12:07:41,989 - tweet_categorizer - INFO - Categorizando tweet 182/1683
2025-03-24 12:07:42,464 - tweet_categorizer - INFO - Categorizando tweet 183/1683
2025-03-24 12:07:42,936 - tweet_categorizer - INFO - Categorizando tweet 184/1683
2025-03-24 12:07:43,404 - tweet_categorizer - INFO - Categorizando tweet 185/1683
2025-03-24 12:07:43,927 - tweet_categorizer - INFO - Categorizando tweet 186/1683
2025-03-24 12:07:44,381 - tweet_categorizer - INFO - Categorizando tweet 187/1683
2025-03-24 12:07:44,857 - tweet_categorizer - INFO - Categorizando tweet 188/1683
2025-03-24 12:07:45,320 - tweet_categorizer - INFO - Categorizando tweet 189/1683
2025-03-24 12:07:45,780 - tweet_categorizer - INFO - Categorizando tweet 190/1683
2025-03-24 12:07:46,284 - tweet_categorizer - INFO - Categorizando tweet 191/1683
2025-03-24 12:07:46,809 - tweet_categorizer - INFO - Categorizando tweet 192/1683
2025-03-24 12:07:47,299 - tweet_categorizer - INFO - Categorizando tweet 193/1683
2025-03-24 12:07:47,839 - tweet_categorizer - INFO - Categorizando tweet 194/1683
2025-03-24 12:07:48,258 - tweet_categorizer - INFO - Categorizando tweet 195/1683
2025-03-24 12:07:48,723 - tweet_categorizer - INFO - Categorizando tweet 196/1683
2025-03-24 12:07:49,062 - tweet_categorizer - INFO - Categorizando tweet 197/1683
2025-03-24 12:07:49,542 - tweet_categorizer - INFO - Categorizando tweet 198/1683
2025-03-24 12:07:50,031 - tweet_categorizer - INFO - Categorizando tweet 199/1683
2025-03-24 12:07:50,473 - tweet_categorizer - INFO - Categorizando tweet 200/1683
2025-03-24 12:07:50,929 - tweet_categorizer - INFO - Categorizando tweet 201/1683
2025-03-24 12:07:51,422 - tweet_categorizer - INFO - Categorizando tweet 202/1683
2025-03-24 12:07:51,904 - tweet_categorizer - INFO - Categorizando tweet 203/1683
2025-03-24 12:07:52,314 - tweet_categorizer - INFO - Categorizando tweet 204/1683
2025-03-24 12:07:52,840 - tweet_categorizer - INFO - Categorizando tweet 205/1683
2025-03-24 12:07:53,300 - tweet_categorizer - INFO - Categorizando tweet 206/1683
2025-03-24 12:07:53,753 - tweet_categorizer - INFO - Categorizando tweet 207/1683
2025-03-24 12:07:54,250 - tweet_categorizer - INFO - Categorizando tweet 208/1683
2025-03-24 12:07:54,704 - tweet_categorizer - INFO - Categorizando tweet 209/1683
2025-03-24 12:07:55,190 - tweet_categorizer - INFO - Categorizando tweet 210/1683
2025-03-24 12:07:55,655 - tweet_categorizer - INFO - Categorizando tweet 211/1683
2025-03-24 12:07:56,156 - tweet_categorizer - INFO - Categorizando tweet 212/1683
2025-03-24 12:07:56,635 - tweet_categorizer - INFO - Categorizando tweet 213/1683
2025-03-24 12:07:57,113 - tweet_categorizer - INFO - Categorizando tweet 214/1683
2025-03-24 12:07:57,551 - tweet_categorizer - INFO - Categorizando tweet 215/1683
2025-03-24 12:07:57,986 - tweet_categorizer - INFO - Categorizando tweet 216/1683
2025-03-24 12:07:58,481 - tweet_categorizer - INFO - Categorizando tweet 217/1683
2025-03-24 12:07:58,946 - tweet_categorizer - INFO - Categorizando tweet 218/1683
2025-03-24 12:07:59,396 - tweet_categorizer - INFO - Categorizando tweet 219/1683
2025-03-24 12:07:59,846 - tweet_categorizer - INFO - Categorizando tweet 220/1683
2025-03-24 12:08:00,336 - tweet_categorizer - INFO - Categorizando tweet 221/1683
2025-03-24 12:08:00,916 - tweet_categorizer - INFO - Categorizando tweet 222/1683
2025-03-24 12:08:01,339 - tweet_categorizer - INFO - Categorizando tweet 223/1683
2025-03-24 12:08:01,818 - tweet_categorizer - INFO - Categorizando tweet 224/1683
2025-03-24 12:08:02,296 - tweet_categorizer - INFO - Categorizando tweet 225/1683
2025-03-24 12:08:02,754 - tweet_categorizer - INFO - Categorizando tweet 226/1683
2025-03-24 12:08:03,224 - tweet_categorizer - INFO - Categorizando tweet 227/1683
2025-03-24 12:08:03,690 - tweet_categorizer - INFO - Categorizando tweet 228/1683
2025-03-24 12:08:04,173 - tweet_categorizer - INFO - Categorizando tweet 229/1683
2025-03-24 12:08:04,639 - tweet_categorizer - INFO - Categorizando tweet 230/1683
2025-03-24 12:08:05,093 - tweet_categorizer - INFO - Categorizando tweet 231/1683
2025-03-24 12:08:05,555 - tweet_categorizer - INFO - Categorizando tweet 232/1683
2025-03-24 12:08:05,972 - tweet_categorizer - INFO - Categorizando tweet 233/1683
2025-03-24 12:08:06,323 - tweet_categorizer - INFO - Categorizando tweet 234/1683
2025-03-24 12:08:06,776 - tweet_categorizer - INFO - Categorizando tweet 235/1683
2025-03-24 12:08:07,259 - tweet_categorizer - INFO - Categorizando tweet 236/1683
2025-03-24 12:08:07,591 - tweet_categorizer - INFO - Categorizando tweet 237/1683
2025-03-24 12:08:08,093 - tweet_categorizer - INFO - Categorizando tweet 238/1683
2025-03-24 12:08:08,662 - tweet_categorizer - INFO - Categorizando tweet 239/1683
2025-03-24 12:08:09,128 - tweet_categorizer - INFO - Categorizando tweet 240/1683
2025-03-24 12:08:09,605 - tweet_categorizer - INFO - Categorizando tweet 241/1683
2025-03-24 12:08:10,067 - tweet_categorizer - INFO - Categorizando tweet 242/1683
2025-03-24 12:08:10,529 - tweet_categorizer - INFO - Categorizando tweet 243/1683
2025-03-24 12:08:11,007 - tweet_categorizer - INFO - Categorizando tweet 244/1683
2025-03-24 12:08:11,414 - tweet_categorizer - INFO - Categorizando tweet 245/1683
2025-03-24 12:08:11,859 - tweet_categorizer - INFO - Categorizando tweet 246/1683
2025-03-24 12:08:12,275 - tweet_categorizer - INFO - Categorizando tweet 247/1683
2025-03-24 12:08:12,780 - tweet_categorizer - INFO - Categorizando tweet 248/1683
2025-03-24 12:08:13,185 - tweet_categorizer - INFO - Categorizando tweet 249/1683
2025-03-24 12:08:13,703 - tweet_categorizer - INFO - Categorizando tweet 250/1683
2025-03-24 12:08:14,055 - tweet_categorizer - INFO - Categorizando tweet 251/1683
2025-03-24 12:08:14,476 - tweet_categorizer - INFO - Categorizando tweet 252/1683
2025-03-24 12:08:14,923 - tweet_categorizer - INFO - Categorizando tweet 253/1683
2025-03-24 12:08:15,324 - tweet_categorizer - INFO - Categorizando tweet 254/1683
2025-03-24 12:08:15,778 - tweet_categorizer - INFO - Categorizando tweet 255/1683
2025-03-24 12:08:16,209 - tweet_categorizer - INFO - Categorizando tweet 256/1683
2025-03-24 12:08:16,748 - tweet_categorizer - INFO - Categorizando tweet 257/1683
2025-03-24 12:08:17,227 - tweet_categorizer - INFO - Categorizando tweet 258/1683
2025-03-24 12:08:17,705 - tweet_categorizer - INFO - Categorizando tweet 259/1683
2025-03-24 12:08:18,125 - tweet_categorizer - INFO - Categorizando tweet 260/1683
2025-03-24 12:08:18,521 - tweet_categorizer - INFO - Categorizando tweet 261/1683
2025-03-24 12:08:19,010 - tweet_categorizer - INFO - Categorizando tweet 262/1683
2025-03-24 12:08:19,483 - tweet_categorizer - INFO - Categorizando tweet 263/1683
2025-03-24 12:08:19,839 - tweet_categorizer - INFO - Categorizando tweet 264/1683
2025-03-24 12:08:20,353 - tweet_categorizer - INFO - Categorizando tweet 265/1683
2025-03-24 12:08:20,789 - tweet_categorizer - INFO - Categorizando tweet 266/1683
2025-03-24 12:08:21,281 - tweet_categorizer - INFO - Categorizando tweet 267/1683
2025-03-24 12:08:21,768 - tweet_categorizer - INFO - Categorizando tweet 268/1683
2025-03-24 12:08:22,262 - tweet_categorizer - INFO - Categorizando tweet 269/1683
2025-03-24 12:08:22,763 - tweet_categorizer - INFO - Categorizando tweet 270/1683
2025-03-24 12:08:23,126 - tweet_categorizer - INFO - Categorizando tweet 271/1683
2025-03-24 12:08:23,529 - tweet_categorizer - INFO - Categorizando tweet 272/1683
2025-03-24 12:08:23,871 - tweet_categorizer - INFO - Categorizando tweet 273/1683
2025-03-24 12:08:24,390 - tweet_categorizer - INFO - Categorizando tweet 274/1683
2025-03-24 12:08:24,872 - tweet_categorizer - INFO - Categorizando tweet 275/1683
2025-03-24 12:08:25,333 - tweet_categorizer - INFO - Categorizando tweet 276/1683
2025-03-24 12:08:25,817 - tweet_categorizer - INFO - Categorizando tweet 277/1683
2025-03-24 12:08:26,172 - tweet_categorizer - INFO - Categorizando tweet 278/1683
2025-03-24 12:08:26,696 - tweet_categorizer - INFO - Categorizando tweet 279/1683
2025-03-24 12:08:27,049 - tweet_categorizer - INFO - Categorizando tweet 280/1683
2025-03-24 12:08:27,542 - tweet_categorizer - INFO - Categorizando tweet 281/1683
2025-03-24 12:08:28,004 - tweet_categorizer - INFO - Categorizando tweet 282/1683
2025-03-24 12:08:28,505 - tweet_categorizer - INFO - Categorizando tweet 283/1683
2025-03-24 12:08:28,977 - tweet_categorizer - INFO - Categorizando tweet 284/1683
2025-03-24 12:08:29,557 - tweet_categorizer - INFO - Categorizando tweet 285/1683
2025-03-24 12:08:30,042 - tweet_categorizer - INFO - Categorizando tweet 286/1683
2025-03-24 12:08:30,483 - tweet_categorizer - INFO - Categorizando tweet 287/1683
2025-03-24 12:08:30,960 - tweet_categorizer - INFO - Categorizando tweet 288/1683
2025-03-24 12:08:31,472 - tweet_categorizer - INFO - Categorizando tweet 289/1683
2025-03-24 12:08:32,008 - tweet_categorizer - INFO - Categorizando tweet 290/1683
2025-03-24 12:08:32,483 - tweet_categorizer - INFO - Categorizando tweet 291/1683
2025-03-24 12:08:32,970 - tweet_categorizer - INFO - Categorizando tweet 292/1683
2025-03-24 12:08:33,404 - tweet_categorizer - INFO - Categorizando tweet 293/1683
2025-03-24 12:08:33,939 - tweet_categorizer - INFO - Categorizando tweet 294/1683
2025-03-24 12:08:34,453 - tweet_categorizer - INFO - Categorizando tweet 295/1683
2025-03-24 12:08:35,026 - tweet_categorizer - INFO - Categorizando tweet 296/1683
2025-03-24 12:08:35,504 - tweet_categorizer - INFO - Categorizando tweet 297/1683
2025-03-24 12:08:36,041 - tweet_categorizer - INFO - Categorizando tweet 298/1683
2025-03-24 12:08:36,460 - tweet_categorizer - INFO - Categorizando tweet 299/1683
2025-03-24 12:08:36,939 - tweet_categorizer - INFO - Categorizando tweet 300/1683
2025-03-24 12:08:37,398 - tweet_categorizer - INFO - Categorizando tweet 301/1683
2025-03-24 12:08:37,947 - tweet_categorizer - INFO - Categorizando tweet 302/1683
2025-03-24 12:08:38,483 - tweet_categorizer - INFO - Categorizando tweet 303/1683
2025-03-24 12:08:38,911 - tweet_categorizer - INFO - Categorizando tweet 304/1683
2025-03-24 12:08:39,332 - tweet_categorizer - INFO - Categorizando tweet 305/1683
2025-03-24 12:08:39,742 - tweet_categorizer - INFO - Categorizando tweet 306/1683
2025-03-24 12:08:40,292 - tweet_categorizer - INFO - Categorizando tweet 307/1683
2025-03-24 12:08:40,648 - tweet_categorizer - INFO - Categorizando tweet 308/1683
2025-03-24 12:08:41,005 - tweet_categorizer - INFO - Categorizando tweet 309/1683
2025-03-24 12:08:41,422 - tweet_categorizer - INFO - Categorizando tweet 310/1683
2025-03-24 12:08:41,872 - tweet_categorizer - INFO - Categorizando tweet 311/1683
2025-03-24 12:08:42,358 - tweet_categorizer - INFO - Categorizando tweet 312/1683
2025-03-24 12:08:42,786 - tweet_categorizer - INFO - Categorizando tweet 313/1683
2025-03-24 12:08:43,316 - tweet_categorizer - INFO - Categorizando tweet 314/1683
2025-03-24 12:08:43,907 - tweet_categorizer - INFO - Categorizando tweet 315/1683
2025-03-24 12:08:44,346 - tweet_categorizer - INFO - Categorizando tweet 316/1683
2025-03-24 12:08:44,855 - tweet_categorizer - INFO - Categorizando tweet 317/1683
2025-03-24 12:08:45,268 - tweet_categorizer - INFO - Categorizando tweet 318/1683
2025-03-24 12:08:45,757 - tweet_categorizer - INFO - Categorizando tweet 319/1683
2025-03-24 12:08:46,170 - tweet_categorizer - INFO - Categorizando tweet 320/1683
2025-03-24 12:08:46,595 - tweet_categorizer - INFO - Categorizando tweet 321/1683
2025-03-24 12:08:47,096 - tweet_categorizer - INFO - Categorizando tweet 322/1683
2025-03-24 12:08:47,532 - tweet_categorizer - INFO - Categorizando tweet 323/1683
2025-03-24 12:08:48,014 - tweet_categorizer - INFO - Categorizando tweet 324/1683
2025-03-24 12:08:48,449 - tweet_categorizer - INFO - Categorizando tweet 325/1683
2025-03-24 12:08:48,938 - tweet_categorizer - INFO - Categorizando tweet 326/1683
2025-03-24 12:08:49,473 - tweet_categorizer - INFO - Categorizando tweet 327/1683
2025-03-24 12:08:49,941 - tweet_categorizer - INFO - Categorizando tweet 328/1683
2025-03-24 12:08:50,447 - tweet_categorizer - INFO - Categorizando tweet 329/1683
2025-03-24 12:08:50,871 - tweet_categorizer - INFO - Categorizando tweet 330/1683
2025-03-24 12:08:51,449 - tweet_categorizer - INFO - Categorizando tweet 331/1683
2025-03-24 12:08:51,972 - tweet_categorizer - INFO - Categorizando tweet 332/1683
2025-03-24 12:08:52,470 - tweet_categorizer - INFO - Categorizando tweet 333/1683
2025-03-24 12:08:52,916 - tweet_categorizer - INFO - Categorizando tweet 334/1683
2025-03-24 12:08:53,421 - tweet_categorizer - INFO - Categorizando tweet 335/1683
2025-03-24 12:08:53,912 - tweet_categorizer - INFO - Categorizando tweet 336/1683
2025-03-24 12:08:54,456 - tweet_categorizer - INFO - Categorizando tweet 337/1683
2025-03-24 12:08:54,980 - tweet_categorizer - INFO - Categorizando tweet 338/1683
2025-03-24 12:08:55,398 - tweet_categorizer - INFO - Categorizando tweet 339/1683
2025-03-24 12:08:55,880 - tweet_categorizer - INFO - Categorizando tweet 340/1683
2025-03-24 12:08:56,361 - tweet_categorizer - INFO - Categorizando tweet 341/1683
2025-03-24 12:08:56,846 - tweet_categorizer - INFO - Categorizando tweet 342/1683
2025-03-24 12:08:57,273 - tweet_categorizer - INFO - Categorizando tweet 343/1683
2025-03-24 12:08:57,737 - tweet_categorizer - INFO - Categorizando tweet 344/1683
2025-03-24 12:08:58,249 - tweet_categorizer - INFO - Categorizando tweet 345/1683
2025-03-24 12:08:58,759 - tweet_categorizer - INFO - Categorizando tweet 346/1683
2025-03-24 12:08:59,217 - tweet_categorizer - INFO - Categorizando tweet 347/1683
2025-03-24 12:08:59,665 - tweet_categorizer - INFO - Categorizando tweet 348/1683
2025-03-24 12:09:00,110 - tweet_categorizer - INFO - Categorizando tweet 349/1683
2025-03-24 12:09:00,543 - tweet_categorizer - INFO - Categorizando tweet 350/1683
2025-03-24 12:09:00,976 - tweet_categorizer - INFO - Categorizando tweet 351/1683
2025-03-24 12:09:01,397 - tweet_categorizer - INFO - Categorizando tweet 352/1683
2025-03-24 12:09:01,956 - tweet_categorizer - INFO - Categorizando tweet 353/1683
2025-03-24 12:09:02,714 - tweet_categorizer - INFO - Categorizando tweet 354/1683
2025-03-24 12:09:03,224 - tweet_categorizer - INFO - Categorizando tweet 355/1683
2025-03-24 12:09:03,662 - tweet_categorizer - INFO - Categorizando tweet 356/1683
2025-03-24 12:09:04,098 - tweet_categorizer - INFO - Categorizando tweet 357/1683
2025-03-24 12:09:04,536 - tweet_categorizer - INFO - Categorizando tweet 358/1683
2025-03-24 12:09:04,961 - tweet_categorizer - INFO - Categorizando tweet 359/1683
2025-03-24 12:09:05,424 - tweet_categorizer - INFO - Categorizando tweet 360/1683
2025-03-24 12:09:05,845 - tweet_categorizer - INFO - Categorizando tweet 361/1683
2025-03-24 12:09:06,288 - tweet_categorizer - INFO - Categorizando tweet 362/1683
2025-03-24 12:09:06,729 - tweet_categorizer - INFO - Categorizando tweet 363/1683
2025-03-24 12:09:07,139 - tweet_categorizer - INFO - Categorizando tweet 364/1683
2025-03-24 12:09:07,637 - tweet_categorizer - INFO - Categorizando tweet 365/1683
2025-03-24 12:09:08,197 - tweet_categorizer - INFO - Categorizando tweet 366/1683
2025-03-24 12:09:08,683 - tweet_categorizer - INFO - Categorizando tweet 367/1683
2025-03-24 12:09:09,098 - tweet_categorizer - INFO - Categorizando tweet 368/1683
2025-03-24 12:09:09,612 - tweet_categorizer - INFO - Categorizando tweet 369/1683
2025-03-24 12:09:10,050 - tweet_categorizer - INFO - Categorizando tweet 370/1683
2025-03-24 12:09:10,564 - tweet_categorizer - INFO - Categorizando tweet 371/1683
2025-03-24 12:09:10,984 - tweet_categorizer - INFO - Categorizando tweet 372/1683
2025-03-24 12:09:11,469 - tweet_categorizer - INFO - Categorizando tweet 373/1683
2025-03-24 12:09:11,922 - tweet_categorizer - INFO - Categorizando tweet 374/1683
2025-03-24 12:09:12,363 - tweet_categorizer - INFO - Categorizando tweet 375/1683
2025-03-24 12:09:12,777 - tweet_categorizer - INFO - Categorizando tweet 376/1683
2025-03-24 12:09:13,291 - tweet_categorizer - INFO - Categorizando tweet 377/1683
2025-03-24 12:09:13,759 - tweet_categorizer - INFO - Categorizando tweet 378/1683
2025-03-24 12:09:14,230 - tweet_categorizer - INFO - Categorizando tweet 379/1683
2025-03-24 12:09:14,690 - tweet_categorizer - INFO - Categorizando tweet 380/1683
2025-03-24 12:09:15,146 - tweet_categorizer - INFO - Categorizando tweet 381/1683
2025-03-24 12:09:15,588 - tweet_categorizer - INFO - Categorizando tweet 382/1683
2025-03-24 12:09:16,101 - tweet_categorizer - INFO - Categorizando tweet 383/1683
2025-03-24 12:09:16,518 - tweet_categorizer - INFO - Categorizando tweet 384/1683
2025-03-24 12:09:16,993 - tweet_categorizer - INFO - Categorizando tweet 385/1683
2025-03-24 12:09:17,513 - tweet_categorizer - INFO - Categorizando tweet 386/1683
2025-03-24 12:09:17,970 - tweet_categorizer - INFO - Categorizando tweet 387/1683
2025-03-24 12:09:18,473 - tweet_categorizer - INFO - Categorizando tweet 388/1683
2025-03-24 12:09:19,196 - tweet_categorizer - INFO - Categorizando tweet 389/1683
2025-03-24 12:09:19,653 - tweet_categorizer - INFO - Categorizando tweet 390/1683
2025-03-24 12:09:20,113 - tweet_categorizer - INFO - Categorizando tweet 391/1683
2025-03-24 12:09:20,630 - tweet_categorizer - INFO - Categorizando tweet 392/1683
2025-03-24 12:09:21,108 - tweet_categorizer - INFO - Categorizando tweet 393/1683
2025-03-24 12:09:21,629 - tweet_categorizer - INFO - Categorizando tweet 394/1683
2025-03-24 12:09:22,113 - tweet_categorizer - INFO - Categorizando tweet 395/1683
2025-03-24 12:09:22,546 - tweet_categorizer - INFO - Categorizando tweet 396/1683
2025-03-24 12:09:23,005 - tweet_categorizer - INFO - Categorizando tweet 397/1683
2025-03-24 12:09:23,436 - tweet_categorizer - INFO - Categorizando tweet 398/1683
2025-03-24 12:09:23,911 - tweet_categorizer - INFO - Categorizando tweet 399/1683
2025-03-24 12:09:24,317 - tweet_categorizer - INFO - Categorizando tweet 400/1683
2025-03-24 12:09:24,804 - tweet_categorizer - INFO - Categorizando tweet 401/1683
2025-03-24 12:09:25,373 - tweet_categorizer - INFO - Categorizando tweet 402/1683
2025-03-24 12:09:25,859 - tweet_categorizer - INFO - Categorizando tweet 403/1683
2025-03-24 12:09:26,390 - tweet_categorizer - INFO - Categorizando tweet 404/1683
2025-03-24 12:09:26,806 - tweet_categorizer - INFO - Categorizando tweet 405/1683
2025-03-24 12:09:27,225 - tweet_categorizer - INFO - Categorizando tweet 406/1683
2025-03-24 12:09:27,753 - tweet_categorizer - INFO - Categorizando tweet 407/1683
2025-03-24 12:09:28,208 - tweet_categorizer - INFO - Categorizando tweet 408/1683
2025-03-24 12:09:28,713 - tweet_categorizer - INFO - Categorizando tweet 409/1683
2025-03-24 12:09:29,219 - tweet_categorizer - INFO - Categorizando tweet 410/1683
2025-03-24 12:09:29,763 - tweet_categorizer - INFO - Categorizando tweet 411/1683
2025-03-24 12:09:30,269 - tweet_categorizer - INFO - Categorizando tweet 412/1683
2025-03-24 12:09:30,707 - tweet_categorizer - INFO - Categorizando tweet 413/1683
2025-03-24 12:09:31,132 - tweet_categorizer - INFO - Categorizando tweet 414/1683
2025-03-24 12:09:31,603 - tweet_categorizer - INFO - Categorizando tweet 415/1683
2025-03-24 12:09:32,038 - tweet_categorizer - INFO - Categorizando tweet 416/1683
2025-03-24 12:09:32,585 - tweet_categorizer - INFO - Categorizando tweet 417/1683
2025-03-24 12:09:33,056 - tweet_categorizer - INFO - Categorizando tweet 418/1683
2025-03-24 12:09:33,412 - tweet_categorizer - INFO - Categorizando tweet 419/1683
2025-03-24 12:09:33,861 - tweet_categorizer - INFO - Categorizando tweet 420/1683
2025-03-24 12:09:34,368 - tweet_categorizer - INFO - Categorizando tweet 421/1683
2025-03-24 12:09:34,727 - tweet_categorizer - INFO - Categorizando tweet 422/1683
2025-03-24 12:09:35,204 - tweet_categorizer - INFO - Categorizando tweet 423/1683
2025-03-24 12:09:35,699 - tweet_categorizer - INFO - Categorizando tweet 424/1683
2025-03-24 12:09:36,203 - tweet_categorizer - INFO - Categorizando tweet 425/1683
2025-03-24 12:09:36,696 - tweet_categorizer - INFO - Categorizando tweet 426/1683
2025-03-24 12:09:37,223 - tweet_categorizer - INFO - Categorizando tweet 427/1683
2025-03-24 12:09:37,706 - tweet_categorizer - INFO - Categorizando tweet 428/1683
2025-03-24 12:09:38,203 - tweet_categorizer - INFO - Categorizando tweet 429/1683
2025-03-24 12:09:38,730 - tweet_categorizer - INFO - Categorizando tweet 430/1683
2025-03-24 12:09:39,242 - tweet_categorizer - INFO - Categorizando tweet 431/1683
2025-03-24 12:09:39,772 - tweet_categorizer - INFO - Categorizando tweet 432/1683
2025-03-24 12:09:41,686 - tweet_categorizer - INFO - Categorizando tweet 433/1683
2025-03-24 12:09:42,269 - tweet_categorizer - INFO - Categorizando tweet 434/1683
2025-03-24 12:09:42,717 - tweet_categorizer - INFO - Categorizando tweet 435/1683
2025-03-24 12:09:43,150 - tweet_categorizer - INFO - Categorizando tweet 436/1683
2025-03-24 12:09:43,603 - tweet_categorizer - INFO - Categorizando tweet 437/1683
2025-03-24 12:09:44,044 - tweet_categorizer - INFO - Categorizando tweet 438/1683
2025-03-24 12:09:44,469 - tweet_categorizer - INFO - Categorizando tweet 439/1683
2025-03-24 12:09:45,014 - tweet_categorizer - INFO - Categorizando tweet 440/1683
2025-03-24 12:09:45,483 - tweet_categorizer - INFO - Categorizando tweet 441/1683
2025-03-24 12:09:45,942 - tweet_categorizer - INFO - Categorizando tweet 442/1683
2025-03-24 12:09:46,424 - tweet_categorizer - INFO - Categorizando tweet 443/1683
2025-03-24 12:09:46,873 - tweet_categorizer - INFO - Categorizando tweet 444/1683
2025-03-24 12:09:47,058 - tweet_categorizer - INFO - Categorizando tweet 445/1683
2025-03-24 12:09:47,479 - tweet_categorizer - INFO - Categorizando tweet 446/1683
2025-03-24 12:09:47,916 - tweet_categorizer - INFO - Categorizando tweet 447/1683
2025-03-24 12:09:48,365 - tweet_categorizer - INFO - Categorizando tweet 448/1683
2025-03-24 12:09:48,948 - tweet_categorizer - INFO - Categorizando tweet 449/1683
2025-03-24 12:09:49,389 - tweet_categorizer - INFO - Categorizando tweet 450/1683
2025-03-24 12:09:49,846 - tweet_categorizer - INFO - Categorizando tweet 451/1683
2025-03-24 12:09:50,371 - tweet_categorizer - INFO - Categorizando tweet 452/1683
2025-03-24 12:09:50,800 - tweet_categorizer - INFO - Categorizando tweet 453/1683
2025-03-24 12:09:51,248 - tweet_categorizer - INFO - Categorizando tweet 454/1683
2025-03-24 12:09:51,680 - tweet_categorizer - INFO - Categorizando tweet 455/1683
2025-03-24 12:09:52,106 - tweet_categorizer - INFO - Categorizando tweet 456/1683
2025-03-24 12:09:52,519 - tweet_categorizer - INFO - Categorizando tweet 457/1683
2025-03-24 12:09:52,942 - tweet_categorizer - INFO - Categorizando tweet 458/1683
2025-03-24 12:09:53,431 - tweet_categorizer - INFO - Categorizando tweet 459/1683
2025-03-24 12:09:53,866 - tweet_categorizer - INFO - Categorizando tweet 460/1683
2025-03-24 12:09:54,299 - tweet_categorizer - INFO - Categorizando tweet 461/1683
2025-03-24 12:09:54,747 - tweet_categorizer - INFO - Categorizando tweet 462/1683
2025-03-24 12:09:55,253 - tweet_categorizer - INFO - Categorizando tweet 463/1683
2025-03-24 12:09:55,686 - tweet_categorizer - INFO - Categorizando tweet 464/1683
2025-03-24 12:09:56,179 - tweet_categorizer - INFO - Categorizando tweet 465/1683
2025-03-24 12:09:56,657 - tweet_categorizer - INFO - Categorizando tweet 466/1683
2025-03-24 12:09:57,180 - tweet_categorizer - INFO - Categorizando tweet 467/1683
2025-03-24 12:09:57,616 - tweet_categorizer - INFO - Categorizando tweet 468/1683
2025-03-24 12:09:58,092 - tweet_categorizer - INFO - Categorizando tweet 469/1683
2025-03-24 12:09:58,604 - tweet_categorizer - INFO - Categorizando tweet 470/1683
2025-03-24 12:09:59,081 - tweet_categorizer - INFO - Categorizando tweet 471/1683
2025-03-24 12:09:59,539 - tweet_categorizer - INFO - Categorizando tweet 472/1683
2025-03-24 12:10:00,128 - tweet_categorizer - INFO - Categorizando tweet 473/1683
2025-03-24 12:10:00,500 - tweet_categorizer - INFO - Categorizando tweet 474/1683
2025-03-24 12:10:00,933 - tweet_categorizer - INFO - Categorizando tweet 475/1683
2025-03-24 12:10:01,437 - tweet_categorizer - INFO - Categorizando tweet 476/1683
2025-03-24 12:10:01,998 - tweet_categorizer - INFO - Categorizando tweet 477/1683
2025-03-24 12:10:02,447 - tweet_categorizer - INFO - Categorizando tweet 478/1683
2025-03-24 12:10:02,901 - tweet_categorizer - INFO - Categorizando tweet 479/1683
2025-03-24 12:10:03,340 - tweet_categorizer - INFO - Categorizando tweet 480/1683
2025-03-24 12:10:03,800 - tweet_categorizer - INFO - Categorizando tweet 481/1683
2025-03-24 12:10:04,226 - tweet_categorizer - INFO - Categorizando tweet 482/1683
2025-03-24 12:10:04,766 - tweet_categorizer - INFO - Categorizando tweet 483/1683
2025-03-24 12:10:06,825 - tweet_categorizer - INFO - Categorizando tweet 484/1683
2025-03-24 12:10:07,324 - tweet_categorizer - INFO - Categorizando tweet 485/1683
2025-03-24 12:10:07,781 - tweet_categorizer - INFO - Categorizando tweet 486/1683
2025-03-24 12:10:08,299 - tweet_categorizer - INFO - Categorizando tweet 487/1683
2025-03-24 12:10:08,741 - tweet_categorizer - INFO - Categorizando tweet 488/1683
2025-03-24 12:10:09,201 - tweet_categorizer - INFO - Categorizando tweet 489/1683
2025-03-24 12:10:09,661 - tweet_categorizer - INFO - Categorizando tweet 490/1683
2025-03-24 12:10:10,158 - tweet_categorizer - INFO - Categorizando tweet 491/1683
2025-03-24 12:10:10,517 - tweet_categorizer - INFO - Categorizando tweet 492/1683
2025-03-24 12:10:10,957 - tweet_categorizer - INFO - Categorizando tweet 493/1683
2025-03-24 12:10:11,401 - tweet_categorizer - INFO - Categorizando tweet 494/1683
2025-03-24 12:10:11,837 - tweet_categorizer - INFO - Categorizando tweet 495/1683
2025-03-24 12:10:12,302 - tweet_categorizer - INFO - Categorizando tweet 496/1683
2025-03-24 12:10:12,894 - tweet_categorizer - INFO - Categorizando tweet 497/1683
2025-03-24 12:10:13,417 - tweet_categorizer - INFO - Categorizando tweet 498/1683
2025-03-24 12:10:13,857 - tweet_categorizer - INFO - Categorizando tweet 499/1683
2025-03-24 12:10:14,286 - tweet_categorizer - INFO - Categorizando tweet 500/1683
2025-03-24 12:10:14,710 - tweet_categorizer - INFO - Categorizando tweet 501/1683
2025-03-24 12:10:15,126 - tweet_categorizer - INFO - Categorizando tweet 502/1683
2025-03-24 12:10:15,602 - tweet_categorizer - INFO - Categorizando tweet 503/1683
2025-03-24 12:10:16,120 - tweet_categorizer - INFO - Categorizando tweet 504/1683
2025-03-24 12:10:16,496 - tweet_categorizer - INFO - Categorizando tweet 505/1683
2025-03-24 12:10:17,015 - tweet_categorizer - INFO - Categorizando tweet 506/1683
2025-03-24 12:10:17,449 - tweet_categorizer - INFO - Categorizando tweet 507/1683
2025-03-24 12:10:17,906 - tweet_categorizer - INFO - Categorizando tweet 508/1683
2025-03-24 12:10:18,341 - tweet_categorizer - INFO - Categorizando tweet 509/1683
2025-03-24 12:10:18,844 - tweet_categorizer - INFO - Categorizando tweet 510/1683
2025-03-24 12:10:19,259 - tweet_categorizer - INFO - Categorizando tweet 511/1683
2025-03-24 12:10:19,742 - tweet_categorizer - INFO - Categorizando tweet 512/1683
2025-03-24 12:10:20,176 - tweet_categorizer - INFO - Categorizando tweet 513/1683
2025-03-24 12:10:20,658 - tweet_categorizer - INFO - Categorizando tweet 514/1683
2025-03-24 12:10:21,133 - tweet_categorizer - INFO - Categorizando tweet 515/1683
2025-03-24 12:10:21,759 - tweet_categorizer - INFO - Categorizando tweet 516/1683
2025-03-24 12:10:22,221 - tweet_categorizer - INFO - Categorizando tweet 517/1683
2025-03-24 12:10:22,665 - tweet_categorizer - INFO - Categorizando tweet 518/1683
2025-03-24 12:10:23,096 - tweet_categorizer - INFO - Categorizando tweet 519/1683
2025-03-24 12:10:23,523 - tweet_categorizer - INFO - Categorizando tweet 520/1683
2025-03-24 12:10:23,967 - tweet_categorizer - INFO - Categorizando tweet 521/1683
2025-03-24 12:10:24,484 - tweet_categorizer - INFO - Categorizando tweet 522/1683
2025-03-24 12:10:24,964 - tweet_categorizer - INFO - Categorizando tweet 523/1683
2025-03-24 12:10:25,456 - tweet_categorizer - INFO - Categorizando tweet 524/1683
2025-03-24 12:10:25,983 - tweet_categorizer - INFO - Categorizando tweet 525/1683
2025-03-24 12:10:26,227 - tweet_categorizer - INFO - Categorizando tweet 526/1683
2025-03-24 12:10:26,718 - tweet_categorizer - INFO - Categorizando tweet 527/1683
2025-03-24 12:10:27,149 - tweet_categorizer - INFO - Categorizando tweet 528/1683
2025-03-24 12:10:27,633 - tweet_categorizer - INFO - Categorizando tweet 529/1683
2025-03-24 12:10:28,122 - tweet_categorizer - INFO - Categorizando tweet 530/1683
2025-03-24 12:10:28,649 - tweet_categorizer - INFO - Categorizando tweet 531/1683
2025-03-24 12:10:29,134 - tweet_categorizer - INFO - Categorizando tweet 532/1683
2025-03-24 12:10:29,585 - tweet_categorizer - INFO - Categorizando tweet 533/1683
2025-03-24 12:10:30,011 - tweet_categorizer - INFO - Categorizando tweet 534/1683
2025-03-24 12:10:30,425 - tweet_categorizer - INFO - Categorizando tweet 535/1683
2025-03-24 12:10:30,975 - tweet_categorizer - INFO - Categorizando tweet 536/1683
2025-03-24 12:10:31,501 - tweet_categorizer - INFO - Categorizando tweet 537/1683
2025-03-24 12:10:32,040 - tweet_categorizer - INFO - Categorizando tweet 538/1683
2025-03-24 12:10:32,471 - tweet_categorizer - INFO - Categorizando tweet 539/1683
2025-03-24 12:10:32,915 - tweet_categorizer - INFO - Categorizando tweet 540/1683
2025-03-24 12:10:33,426 - tweet_categorizer - INFO - Categorizando tweet 541/1683
2025-03-24 12:10:33,780 - tweet_categorizer - INFO - Categorizando tweet 542/1683
2025-03-24 12:10:34,264 - tweet_categorizer - INFO - Categorizando tweet 543/1683
2025-03-24 12:10:34,646 - tweet_categorizer - INFO - Categorizando tweet 544/1683
2025-03-24 12:10:35,074 - tweet_categorizer - INFO - Categorizando tweet 545/1683
2025-03-24 12:10:35,500 - tweet_categorizer - INFO - Categorizando tweet 546/1683
2025-03-24 12:10:36,027 - tweet_categorizer - INFO - Categorizando tweet 547/1683
2025-03-24 12:10:36,460 - tweet_categorizer - INFO - Categorizando tweet 548/1683
2025-03-24 12:10:36,892 - tweet_categorizer - INFO - Categorizando tweet 549/1683
2025-03-24 12:10:37,273 - tweet_categorizer - INFO - Categorizando tweet 550/1683
2025-03-24 12:10:37,716 - tweet_categorizer - INFO - Categorizando tweet 551/1683
2025-03-24 12:10:38,265 - tweet_categorizer - INFO - Categorizando tweet 552/1683
2025-03-24 12:10:38,793 - tweet_categorizer - INFO - Categorizando tweet 553/1683
2025-03-24 12:10:39,329 - tweet_categorizer - INFO - Categorizando tweet 554/1683
2025-03-24 12:10:39,810 - tweet_categorizer - INFO - Categorizando tweet 555/1683
2025-03-24 12:10:40,231 - tweet_categorizer - INFO - Categorizando tweet 556/1683
2025-03-24 12:10:40,709 - tweet_categorizer - INFO - Categorizando tweet 557/1683
2025-03-24 12:10:41,233 - tweet_categorizer - INFO - Categorizando tweet 558/1683
2025-03-24 12:10:41,671 - tweet_categorizer - INFO - Categorizando tweet 559/1683
2025-03-24 12:10:42,100 - tweet_categorizer - INFO - Categorizando tweet 560/1683
2025-03-24 12:10:42,484 - tweet_categorizer - INFO - Categorizando tweet 561/1683
2025-03-24 12:10:42,976 - tweet_categorizer - INFO - Categorizando tweet 562/1683
2025-03-24 12:10:43,480 - tweet_categorizer - INFO - Categorizando tweet 563/1683
2025-03-24 12:10:43,939 - tweet_categorizer - INFO - Categorizando tweet 564/1683
2025-03-24 12:10:44,368 - tweet_categorizer - INFO - Categorizando tweet 565/1683
2025-03-24 12:10:44,879 - tweet_categorizer - INFO - Categorizando tweet 566/1683
2025-03-24 12:10:45,252 - tweet_categorizer - INFO - Categorizando tweet 567/1683
2025-03-24 12:10:45,730 - tweet_categorizer - INFO - Categorizando tweet 568/1683
2025-03-24 12:10:46,167 - tweet_categorizer - INFO - Categorizando tweet 569/1683
2025-03-24 12:10:46,584 - tweet_categorizer - INFO - Categorizando tweet 570/1683
2025-03-24 12:10:47,059 - tweet_categorizer - INFO - Categorizando tweet 571/1683
2025-03-24 12:10:47,511 - tweet_categorizer - INFO - Categorizando tweet 572/1683
2025-03-24 12:10:47,961 - tweet_categorizer - INFO - Categorizando tweet 573/1683
2025-03-24 12:10:48,401 - tweet_categorizer - INFO - Categorizando tweet 574/1683
2025-03-24 12:10:48,836 - tweet_categorizer - INFO - Categorizando tweet 575/1683
2025-03-24 12:10:49,337 - tweet_categorizer - INFO - Categorizando tweet 576/1683
2025-03-24 12:10:49,773 - tweet_categorizer - INFO - Categorizando tweet 577/1683
2025-03-24 12:10:50,201 - tweet_categorizer - INFO - Categorizando tweet 578/1683
2025-03-24 12:10:50,677 - tweet_categorizer - INFO - Categorizando tweet 579/1683
2025-03-24 12:10:51,188 - tweet_categorizer - INFO - Categorizando tweet 580/1683
2025-03-24 12:10:51,745 - tweet_categorizer - INFO - Categorizando tweet 581/1683
2025-03-24 12:10:52,180 - tweet_categorizer - INFO - Categorizando tweet 582/1683
2025-03-24 12:10:52,624 - tweet_categorizer - INFO - Categorizando tweet 583/1683
2025-03-24 12:10:53,119 - tweet_categorizer - INFO - Categorizando tweet 584/1683
2025-03-24 12:10:53,464 - tweet_categorizer - INFO - Categorizando tweet 585/1683
2025-03-24 12:10:53,897 - tweet_categorizer - INFO - Categorizando tweet 586/1683
2025-03-24 12:10:54,321 - tweet_categorizer - INFO - Categorizando tweet 587/1683
2025-03-24 12:10:54,891 - tweet_categorizer - INFO - Categorizando tweet 588/1683
2025-03-24 12:10:55,403 - tweet_categorizer - INFO - Categorizando tweet 589/1683
2025-03-24 12:10:55,886 - tweet_categorizer - INFO - Categorizando tweet 590/1683
2025-03-24 12:10:56,320 - tweet_categorizer - INFO - Categorizando tweet 591/1683
2025-03-24 12:10:56,760 - tweet_categorizer - INFO - Categorizando tweet 592/1683
2025-03-24 12:10:57,265 - tweet_categorizer - INFO - Categorizando tweet 593/1683
2025-03-24 12:10:57,703 - tweet_categorizer - INFO - Categorizando tweet 594/1683
2025-03-24 12:10:58,144 - tweet_categorizer - INFO - Categorizando tweet 595/1683
2025-03-24 12:10:58,627 - tweet_categorizer - INFO - Categorizando tweet 596/1683
2025-03-24 12:10:59,057 - tweet_categorizer - INFO - Categorizando tweet 597/1683
2025-03-24 12:10:59,466 - tweet_categorizer - INFO - Categorizando tweet 598/1683
2025-03-24 12:10:59,899 - tweet_categorizer - INFO - Categorizando tweet 599/1683
2025-03-24 12:11:00,314 - tweet_categorizer - INFO - Categorizando tweet 600/1683
2025-03-24 12:11:00,767 - tweet_categorizer - INFO - Categorizando tweet 601/1683
2025-03-24 12:11:01,198 - tweet_categorizer - INFO - Categorizando tweet 602/1683
2025-03-24 12:11:01,642 - tweet_categorizer - INFO - Categorizando tweet 603/1683
2025-03-24 12:11:02,158 - tweet_categorizer - INFO - Categorizando tweet 604/1683
2025-03-24 12:11:02,658 - tweet_categorizer - INFO - Categorizando tweet 605/1683
2025-03-24 12:11:03,089 - tweet_categorizer - INFO - Categorizando tweet 606/1683
2025-03-24 12:11:03,556 - tweet_categorizer - INFO - Categorizando tweet 607/1683
2025-03-24 12:11:04,082 - tweet_categorizer - INFO - Categorizando tweet 608/1683
2025-03-24 12:11:04,496 - tweet_categorizer - INFO - Categorizando tweet 609/1683
2025-03-24 12:11:04,956 - tweet_categorizer - INFO - Categorizando tweet 610/1683
2025-03-24 12:11:05,453 - tweet_categorizer - INFO - Categorizando tweet 611/1683
2025-03-24 12:11:05,961 - tweet_categorizer - INFO - Categorizando tweet 612/1683
2025-03-24 12:11:06,371 - tweet_categorizer - INFO - Categorizando tweet 613/1683
2025-03-24 12:11:06,824 - tweet_categorizer - INFO - Categorizando tweet 614/1683
2025-03-24 12:11:07,409 - tweet_categorizer - INFO - Categorizando tweet 615/1683
2025-03-24 12:11:07,878 - tweet_categorizer - INFO - Categorizando tweet 616/1683
2025-03-24 12:11:08,412 - tweet_categorizer - INFO - Categorizando tweet 617/1683
2025-03-24 12:11:08,915 - tweet_categorizer - INFO - Categorizando tweet 618/1683
2025-03-24 12:11:09,416 - tweet_categorizer - INFO - Categorizando tweet 619/1683
2025-03-24 12:11:09,822 - tweet_categorizer - INFO - Categorizando tweet 620/1683
2025-03-24 12:11:10,234 - tweet_categorizer - INFO - Categorizando tweet 621/1683
2025-03-24 12:11:10,733 - tweet_categorizer - INFO - Categorizando tweet 622/1683
2025-03-24 12:11:11,179 - tweet_categorizer - INFO - Categorizando tweet 623/1683
2025-03-24 12:11:11,593 - tweet_categorizer - INFO - Categorizando tweet 624/1683
2025-03-24 12:11:12,121 - tweet_categorizer - INFO - Categorizando tweet 625/1683
2025-03-24 12:11:12,581 - tweet_categorizer - INFO - Categorizando tweet 626/1683
2025-03-24 12:11:13,041 - tweet_categorizer - INFO - Categorizando tweet 627/1683
2025-03-24 12:11:13,457 - tweet_categorizer - INFO - Categorizando tweet 628/1683
2025-03-24 12:11:13,878 - tweet_categorizer - INFO - Categorizando tweet 629/1683
2025-03-24 12:11:14,353 - tweet_categorizer - INFO - Categorizando tweet 630/1683
2025-03-24 12:11:14,845 - tweet_categorizer - INFO - Categorizando tweet 631/1683
2025-03-24 12:11:15,282 - tweet_categorizer - INFO - Categorizando tweet 632/1683
2025-03-24 12:11:15,695 - tweet_categorizer - INFO - Categorizando tweet 633/1683
2025-03-24 12:11:16,105 - tweet_categorizer - INFO - Categorizando tweet 634/1683
2025-03-24 12:11:16,292 - tweet_categorizer - INFO - Categorizando tweet 635/1683
2025-03-24 12:11:16,744 - tweet_categorizer - INFO - Categorizando tweet 636/1683
2025-03-24 12:11:17,261 - tweet_categorizer - INFO - Categorizando tweet 637/1683
2025-03-24 12:11:17,745 - tweet_categorizer - INFO - Categorizando tweet 638/1683
2025-03-24 12:11:18,244 - tweet_categorizer - INFO - Categorizando tweet 639/1683
2025-03-24 12:11:18,665 - tweet_categorizer - INFO - Categorizando tweet 640/1683
2025-03-24 12:11:19,085 - tweet_categorizer - INFO - Categorizando tweet 641/1683
2025-03-24 12:11:19,569 - tweet_categorizer - INFO - Categorizando tweet 642/1683
2025-03-24 12:11:20,151 - tweet_categorizer - INFO - Categorizando tweet 643/1683
2025-03-24 12:11:20,620 - tweet_categorizer - INFO - Categorizando tweet 644/1683
2025-03-24 12:11:21,121 - tweet_categorizer - INFO - Categorizando tweet 645/1683
2025-03-24 12:11:21,540 - tweet_categorizer - INFO - Categorizando tweet 646/1683
2025-03-24 12:11:21,956 - tweet_categorizer - INFO - Categorizando tweet 647/1683
2025-03-24 12:11:22,389 - tweet_categorizer - INFO - Categorizando tweet 648/1683
2025-03-24 12:11:22,829 - tweet_categorizer - INFO - Categorizando tweet 649/1683
2025-03-24 12:11:23,243 - tweet_categorizer - INFO - Categorizando tweet 650/1683
2025-03-24 12:11:23,722 - tweet_categorizer - INFO - Categorizando tweet 651/1683
2025-03-24 12:11:24,148 - tweet_categorizer - INFO - Categorizando tweet 652/1683
2025-03-24 12:11:24,563 - tweet_categorizer - INFO - Categorizando tweet 653/1683
2025-03-24 12:11:25,047 - tweet_categorizer - INFO - Categorizando tweet 654/1683
2025-03-24 12:11:25,590 - tweet_categorizer - INFO - Categorizando tweet 655/1683
2025-03-24 12:11:26,089 - tweet_categorizer - INFO - Categorizando tweet 656/1683
2025-03-24 12:11:26,575 - tweet_categorizer - INFO - Categorizando tweet 657/1683
2025-03-24 12:11:27,038 - tweet_categorizer - INFO - Categorizando tweet 658/1683
2025-03-24 12:11:27,511 - tweet_categorizer - INFO - Categorizando tweet 659/1683
2025-03-24 12:11:28,041 - tweet_categorizer - INFO - Categorizando tweet 660/1683
2025-03-24 12:11:28,525 - tweet_categorizer - INFO - Categorizando tweet 661/1683
2025-03-24 12:11:28,958 - tweet_categorizer - INFO - Categorizando tweet 662/1683
2025-03-24 12:11:29,380 - tweet_categorizer - INFO - Categorizando tweet 663/1683
2025-03-24 12:11:29,804 - tweet_categorizer - INFO - Categorizando tweet 664/1683
2025-03-24 12:11:30,241 - tweet_categorizer - INFO - Categorizando tweet 665/1683
2025-03-24 12:11:30,690 - tweet_categorizer - INFO - Categorizando tweet 666/1683
2025-03-24 12:11:31,135 - tweet_categorizer - INFO - Categorizando tweet 667/1683
2025-03-24 12:11:31,587 - tweet_categorizer - INFO - Categorizando tweet 668/1683
2025-03-24 12:11:32,101 - tweet_categorizer - INFO - Categorizando tweet 669/1683
2025-03-24 12:11:32,515 - tweet_categorizer - INFO - Categorizando tweet 670/1683
2025-03-24 12:11:32,937 - tweet_categorizer - INFO - Categorizando tweet 671/1683
2025-03-24 12:11:33,392 - tweet_categorizer - INFO - Categorizando tweet 672/1683
2025-03-24 12:11:33,910 - tweet_categorizer - INFO - Categorizando tweet 673/1683
2025-03-24 12:11:34,357 - tweet_categorizer - INFO - Categorizando tweet 674/1683
2025-03-24 12:11:34,830 - tweet_categorizer - INFO - Categorizando tweet 675/1683
2025-03-24 12:11:35,313 - tweet_categorizer - INFO - Categorizando tweet 676/1683
2025-03-24 12:11:35,741 - tweet_categorizer - INFO - Categorizando tweet 677/1683
2025-03-24 12:11:36,154 - tweet_categorizer - INFO - Categorizando tweet 678/1683
2025-03-24 12:11:36,632 - tweet_categorizer - INFO - Categorizando tweet 679/1683
2025-03-24 12:11:37,049 - tweet_categorizer - INFO - Categorizando tweet 680/1683
2025-03-24 12:11:37,455 - tweet_categorizer - INFO - Categorizando tweet 681/1683
2025-03-24 12:11:37,943 - tweet_categorizer - INFO - Categorizando tweet 682/1683
2025-03-24 12:11:38,470 - tweet_categorizer - INFO - Categorizando tweet 683/1683
2025-03-24 12:11:38,887 - tweet_categorizer - INFO - Categorizando tweet 684/1683
2025-03-24 12:11:39,417 - tweet_categorizer - INFO - Categorizando tweet 685/1683
2025-03-24 12:11:39,851 - tweet_categorizer - INFO - Categorizando tweet 686/1683
2025-03-24 12:11:40,264 - tweet_categorizer - INFO - Categorizando tweet 687/1683
2025-03-24 12:11:40,789 - tweet_categorizer - INFO - Categorizando tweet 688/1683
2025-03-24 12:11:41,277 - tweet_categorizer - INFO - Categorizando tweet 689/1683
2025-03-24 12:11:41,712 - tweet_categorizer - INFO - Categorizando tweet 690/1683
2025-03-24 12:11:42,125 - tweet_categorizer - INFO - Categorizando tweet 691/1683
2025-03-24 12:11:42,604 - tweet_categorizer - INFO - Categorizando tweet 692/1683
2025-03-24 12:11:43,090 - tweet_categorizer - INFO - Categorizando tweet 693/1683
2025-03-24 12:11:43,550 - tweet_categorizer - INFO - Categorizando tweet 694/1683
2025-03-24 12:11:43,967 - tweet_categorizer - INFO - Categorizando tweet 695/1683
2025-03-24 12:11:44,400 - tweet_categorizer - INFO - Categorizando tweet 696/1683
2025-03-24 12:11:44,882 - tweet_categorizer - INFO - Categorizando tweet 697/1683
2025-03-24 12:11:45,366 - tweet_categorizer - INFO - Categorizando tweet 698/1683
2025-03-24 12:11:45,796 - tweet_categorizer - INFO - Categorizando tweet 699/1683
2025-03-24 12:11:46,288 - tweet_categorizer - INFO - Categorizando tweet 700/1683
2025-03-24 12:11:46,856 - tweet_categorizer - INFO - Categorizando tweet 701/1683
2025-03-24 12:11:47,341 - tweet_categorizer - INFO - Categorizando tweet 702/1683
2025-03-24 12:11:47,805 - tweet_categorizer - INFO - Categorizando tweet 703/1683
2025-03-24 12:11:48,236 - tweet_categorizer - INFO - Categorizando tweet 704/1683
2025-03-24 12:11:48,671 - tweet_categorizer - INFO - Categorizando tweet 705/1683
2025-03-24 12:11:49,128 - tweet_categorizer - INFO - Categorizando tweet 706/1683
2025-03-24 12:11:49,580 - tweet_categorizer - INFO - Categorizando tweet 707/1683
2025-03-24 12:11:50,107 - tweet_categorizer - INFO - Categorizando tweet 708/1683
2025-03-24 12:11:50,522 - tweet_categorizer - INFO - Categorizando tweet 709/1683
2025-03-24 12:11:50,961 - tweet_categorizer - INFO - Categorizando tweet 710/1683
2025-03-24 12:11:51,392 - tweet_categorizer - INFO - Categorizando tweet 711/1683
2025-03-24 12:11:51,872 - tweet_categorizer - INFO - Categorizando tweet 712/1683
2025-03-24 12:11:52,332 - tweet_categorizer - INFO - Categorizando tweet 713/1683
2025-03-24 12:11:52,747 - tweet_categorizer - INFO - Categorizando tweet 714/1683
2025-03-24 12:11:53,186 - tweet_categorizer - INFO - Categorizando tweet 715/1683
2025-03-24 12:11:53,625 - tweet_categorizer - INFO - Categorizando tweet 716/1683
2025-03-24 12:11:54,069 - tweet_categorizer - INFO - Categorizando tweet 717/1683
2025-03-24 12:11:54,607 - tweet_categorizer - INFO - Categorizando tweet 718/1683
2025-03-24 12:11:55,131 - tweet_categorizer - INFO - Categorizando tweet 719/1683
2025-03-24 12:11:55,647 - tweet_categorizer - INFO - Categorizando tweet 720/1683
2025-03-24 12:11:56,207 - tweet_categorizer - INFO - Categorizando tweet 721/1683
2025-03-24 12:11:56,665 - tweet_categorizer - INFO - Categorizando tweet 722/1683
2025-03-24 12:11:57,169 - tweet_categorizer - INFO - Categorizando tweet 723/1683
2025-03-24 12:11:57,601 - tweet_categorizer - INFO - Categorizando tweet 724/1683
2025-03-24 12:11:58,080 - tweet_categorizer - INFO - Categorizando tweet 725/1683
2025-03-24 12:11:58,534 - tweet_categorizer - INFO - Categorizando tweet 726/1683
2025-03-24 12:11:58,996 - tweet_categorizer - INFO - Categorizando tweet 727/1683
2025-03-24 12:11:59,511 - tweet_categorizer - INFO - Categorizando tweet 728/1683
2025-03-24 12:11:59,706 - tweet_categorizer - INFO - Categorizando tweet 729/1683
2025-03-24 12:12:00,149 - tweet_categorizer - INFO - Categorizando tweet 730/1683
2025-03-24 12:12:00,582 - tweet_categorizer - INFO - Categorizando tweet 731/1683
2025-03-24 12:12:01,033 - tweet_categorizer - INFO - Categorizando tweet 732/1683
2025-03-24 12:12:01,456 - tweet_categorizer - INFO - Categorizando tweet 733/1683
2025-03-24 12:12:01,943 - tweet_categorizer - INFO - Categorizando tweet 734/1683
2025-03-24 12:12:02,378 - tweet_categorizer - INFO - Categorizando tweet 735/1683
2025-03-24 12:12:02,852 - tweet_categorizer - INFO - Categorizando tweet 736/1683
2025-03-24 12:12:03,285 - tweet_categorizer - INFO - Categorizando tweet 737/1683
2025-03-24 12:12:03,725 - tweet_categorizer - INFO - Categorizando tweet 738/1683
2025-03-24 12:12:04,207 - tweet_categorizer - INFO - Categorizando tweet 739/1683
2025-03-24 12:12:04,746 - tweet_categorizer - INFO - Categorizando tweet 740/1683
2025-03-24 12:12:05,259 - tweet_categorizer - INFO - Categorizando tweet 741/1683
2025-03-24 12:12:05,700 - tweet_categorizer - INFO - Categorizando tweet 742/1683
2025-03-24 12:12:06,154 - tweet_categorizer - INFO - Categorizando tweet 743/1683
2025-03-24 12:12:06,686 - tweet_categorizer - INFO - Categorizando tweet 744/1683
2025-03-24 12:12:07,169 - tweet_categorizer - INFO - Categorizando tweet 745/1683
2025-03-24 12:12:07,591 - tweet_categorizer - INFO - Categorizando tweet 746/1683
2025-03-24 12:12:08,030 - tweet_categorizer - INFO - Categorizando tweet 747/1683
2025-03-24 12:12:08,575 - tweet_categorizer - INFO - Categorizando tweet 748/1683
2025-03-24 12:12:09,080 - tweet_categorizer - INFO - Categorizando tweet 749/1683
2025-03-24 12:12:09,539 - tweet_categorizer - INFO - Categorizando tweet 750/1683
2025-03-24 12:12:10,014 - tweet_categorizer - INFO - Categorizando tweet 751/1683
2025-03-24 12:12:10,451 - tweet_categorizer - INFO - Categorizando tweet 752/1683
2025-03-24 12:12:10,906 - tweet_categorizer - INFO - Categorizando tweet 753/1683
2025-03-24 12:12:11,411 - tweet_categorizer - INFO - Categorizando tweet 754/1683
2025-03-24 12:12:11,938 - tweet_categorizer - INFO - Categorizando tweet 755/1683
2025-03-24 12:12:12,391 - tweet_categorizer - INFO - Categorizando tweet 756/1683
2025-03-24 12:12:12,847 - tweet_categorizer - INFO - Categorizando tweet 757/1683
2025-03-24 12:12:13,419 - tweet_categorizer - INFO - Categorizando tweet 758/1683
2025-03-24 12:12:13,871 - tweet_categorizer - INFO - Categorizando tweet 759/1683
2025-03-24 12:12:14,347 - tweet_categorizer - INFO - Categorizando tweet 760/1683
2025-03-24 12:12:14,761 - tweet_categorizer - INFO - Categorizando tweet 761/1683
2025-03-24 12:12:15,228 - tweet_categorizer - INFO - Categorizando tweet 762/1683
2025-03-24 12:12:15,764 - tweet_categorizer - INFO - Categorizando tweet 763/1683
2025-03-24 12:12:16,230 - tweet_categorizer - INFO - Categorizando tweet 764/1683
2025-03-24 12:12:16,659 - tweet_categorizer - INFO - Categorizando tweet 765/1683
2025-03-24 12:12:17,161 - tweet_categorizer - INFO - Categorizando tweet 766/1683
2025-03-24 12:12:17,668 - tweet_categorizer - INFO - Categorizando tweet 767/1683
2025-03-24 12:12:18,188 - tweet_categorizer - INFO - Categorizando tweet 768/1683
2025-03-24 12:12:18,732 - tweet_categorizer - INFO - Categorizando tweet 769/1683
2025-03-24 12:12:19,200 - tweet_categorizer - INFO - Categorizando tweet 770/1683
2025-03-24 12:12:19,721 - tweet_categorizer - INFO - Categorizando tweet 771/1683
2025-03-24 12:12:20,377 - tweet_categorizer - INFO - Categorizando tweet 772/1683
2025-03-24 12:12:20,811 - tweet_categorizer - INFO - Categorizando tweet 773/1683
2025-03-24 12:12:21,244 - tweet_categorizer - INFO - Categorizando tweet 774/1683
2025-03-24 12:12:21,749 - tweet_categorizer - INFO - Categorizando tweet 775/1683
2025-03-24 12:12:22,238 - tweet_categorizer - INFO - Categorizando tweet 776/1683
2025-03-24 12:12:22,685 - tweet_categorizer - INFO - Categorizando tweet 777/1683
2025-03-24 12:12:23,255 - tweet_categorizer - INFO - Categorizando tweet 778/1683
2025-03-24 12:12:23,762 - tweet_categorizer - INFO - Categorizando tweet 779/1683
2025-03-24 12:12:24,225 - tweet_categorizer - INFO - Categorizando tweet 780/1683
2025-03-24 12:12:24,772 - tweet_categorizer - INFO - Categorizando tweet 781/1683
2025-03-24 12:12:25,273 - tweet_categorizer - INFO - Categorizando tweet 782/1683
2025-03-24 12:12:25,710 - tweet_categorizer - INFO - Categorizando tweet 783/1683
2025-03-24 12:12:26,138 - tweet_categorizer - INFO - Categorizando tweet 784/1683
2025-03-24 12:12:26,571 - tweet_categorizer - INFO - Categorizando tweet 785/1683
2025-03-24 12:12:27,062 - tweet_categorizer - INFO - Categorizando tweet 786/1683
2025-03-24 12:12:27,339 - tweet_categorizer - INFO - Categorizando tweet 787/1683
2025-03-24 12:12:27,790 - tweet_categorizer - INFO - Categorizando tweet 788/1683
2025-03-24 12:12:28,132 - tweet_categorizer - INFO - Categorizando tweet 789/1683
2025-03-24 12:12:28,572 - tweet_categorizer - INFO - Categorizando tweet 790/1683
2025-03-24 12:12:28,981 - tweet_categorizer - INFO - Categorizando tweet 791/1683
2025-03-24 12:12:29,429 - tweet_categorizer - INFO - Categorizando tweet 792/1683
2025-03-24 12:12:29,866 - tweet_categorizer - INFO - Categorizando tweet 793/1683
2025-03-24 12:12:30,215 - tweet_categorizer - INFO - Categorizando tweet 794/1683
2025-03-24 12:12:30,781 - tweet_categorizer - INFO - Categorizando tweet 795/1683
2025-03-24 12:12:31,226 - tweet_categorizer - INFO - Categorizando tweet 796/1683
2025-03-24 12:12:31,664 - tweet_categorizer - INFO - Categorizando tweet 797/1683
2025-03-24 12:12:32,073 - tweet_categorizer - INFO - Categorizando tweet 798/1683
2025-03-24 12:12:32,500 - tweet_categorizer - INFO - Categorizando tweet 799/1683
2025-03-24 12:12:32,978 - tweet_categorizer - INFO - Categorizando tweet 800/1683
2025-03-24 12:12:33,416 - tweet_categorizer - INFO - Categorizando tweet 801/1683
2025-03-24 12:12:33,836 - tweet_categorizer - INFO - Categorizando tweet 802/1683
2025-03-24 12:12:34,178 - tweet_categorizer - INFO - Categorizando tweet 803/1683
2025-03-24 12:12:34,538 - tweet_categorizer - INFO - Categorizando tweet 804/1683
2025-03-24 12:12:34,970 - tweet_categorizer - INFO - Categorizando tweet 805/1683
2025-03-24 12:12:35,416 - tweet_categorizer - INFO - Categorizando tweet 806/1683
2025-03-24 12:12:35,903 - tweet_categorizer - INFO - Categorizando tweet 807/1683
2025-03-24 12:12:36,340 - tweet_categorizer - INFO - Categorizando tweet 808/1683
2025-03-24 12:12:36,787 - tweet_categorizer - INFO - Categorizando tweet 809/1683
2025-03-24 12:12:37,193 - tweet_categorizer - INFO - Categorizando tweet 810/1683
2025-03-24 12:12:37,670 - tweet_categorizer - INFO - Categorizando tweet 811/1683
2025-03-24 12:12:38,157 - tweet_categorizer - INFO - Categorizando tweet 812/1683
2025-03-24 12:12:38,595 - tweet_categorizer - INFO - Categorizando tweet 813/1683
2025-03-24 12:12:38,997 - tweet_categorizer - INFO - Categorizando tweet 814/1683
2025-03-24 12:12:39,607 - tweet_categorizer - INFO - Categorizando tweet 815/1683
2025-03-24 12:12:40,063 - tweet_categorizer - INFO - Categorizando tweet 816/1683
2025-03-24 12:12:40,568 - tweet_categorizer - INFO - Categorizando tweet 817/1683
2025-03-24 12:12:41,061 - tweet_categorizer - INFO - Categorizando tweet 818/1683
2025-03-24 12:12:41,490 - tweet_categorizer - INFO - Categorizando tweet 819/1683
2025-03-24 12:12:41,969 - tweet_categorizer - INFO - Categorizando tweet 820/1683
2025-03-24 12:12:42,508 - tweet_categorizer - INFO - Categorizando tweet 821/1683
2025-03-24 12:12:42,962 - tweet_categorizer - INFO - Categorizando tweet 822/1683
2025-03-24 12:12:43,437 - tweet_categorizer - INFO - Categorizando tweet 823/1683
2025-03-24 12:12:44,002 - tweet_categorizer - INFO - Categorizando tweet 824/1683
2025-03-24 12:12:44,499 - tweet_categorizer - INFO - Categorizando tweet 825/1683
2025-03-24 12:12:44,983 - tweet_categorizer - INFO - Categorizando tweet 826/1683
2025-03-24 12:12:45,431 - tweet_categorizer - INFO - Categorizando tweet 827/1683
2025-03-24 12:12:45,879 - tweet_categorizer - INFO - Categorizando tweet 828/1683
2025-03-24 12:12:46,464 - tweet_categorizer - INFO - Categorizando tweet 829/1683
2025-03-24 12:12:46,898 - tweet_categorizer - INFO - Categorizando tweet 830/1683
2025-03-24 12:12:47,354 - tweet_categorizer - INFO - Categorizando tweet 831/1683
2025-03-24 12:12:47,855 - tweet_categorizer - INFO - Categorizando tweet 832/1683
2025-03-24 12:12:48,341 - tweet_categorizer - INFO - Categorizando tweet 833/1683
2025-03-24 12:12:48,789 - tweet_categorizer - INFO - Categorizando tweet 834/1683
2025-03-24 12:12:49,250 - tweet_categorizer - INFO - Categorizando tweet 835/1683
2025-03-24 12:12:49,779 - tweet_categorizer - INFO - Categorizando tweet 836/1683
2025-03-24 12:12:50,320 - tweet_categorizer - INFO - Categorizando tweet 837/1683
2025-03-24 12:12:50,832 - tweet_categorizer - INFO - Categorizando tweet 838/1683
2025-03-24 12:12:51,285 - tweet_categorizer - INFO - Categorizando tweet 839/1683
2025-03-24 12:12:51,717 - tweet_categorizer - INFO - Categorizando tweet 840/1683
2025-03-24 12:12:52,248 - tweet_categorizer - INFO - Categorizando tweet 841/1683
2025-03-24 12:12:52,733 - tweet_categorizer - INFO - Categorizando tweet 842/1683
2025-03-24 12:12:53,176 - tweet_categorizer - INFO - Categorizando tweet 843/1683
2025-03-24 12:12:53,752 - tweet_categorizer - INFO - Categorizando tweet 844/1683
2025-03-24 12:12:54,316 - tweet_categorizer - INFO - Categorizando tweet 845/1683
2025-03-24 12:12:54,816 - tweet_categorizer - INFO - Categorizando tweet 846/1683
2025-03-24 12:12:55,266 - tweet_categorizer - INFO - Categorizando tweet 847/1683
2025-03-24 12:12:55,775 - tweet_categorizer - INFO - Categorizando tweet 848/1683
2025-03-24 12:12:56,096 - tweet_categorizer - INFO - Categorizando tweet 849/1683
2025-03-24 12:12:56,544 - tweet_categorizer - INFO - Categorizando tweet 850/1683
2025-03-24 12:12:57,006 - tweet_categorizer - INFO - Categorizando tweet 851/1683
2025-03-24 12:12:57,514 - tweet_categorizer - INFO - Categorizando tweet 852/1683
2025-03-24 12:12:58,025 - tweet_categorizer - INFO - Categorizando tweet 853/1683
2025-03-24 12:12:58,548 - tweet_categorizer - INFO - Categorizando tweet 854/1683
2025-03-24 12:12:58,995 - tweet_categorizer - INFO - Categorizando tweet 855/1683
2025-03-24 12:12:59,552 - tweet_categorizer - INFO - Categorizando tweet 856/1683
2025-03-24 12:13:00,027 - tweet_categorizer - INFO - Categorizando tweet 857/1683
2025-03-24 12:13:00,575 - tweet_categorizer - INFO - Categorizando tweet 858/1683
2025-03-24 12:13:01,027 - tweet_categorizer - INFO - Categorizando tweet 859/1683
2025-03-24 12:13:01,419 - tweet_categorizer - INFO - Categorizando tweet 860/1683
2025-03-24 12:13:01,885 - tweet_categorizer - INFO - Categorizando tweet 861/1683
2025-03-24 12:13:02,375 - tweet_categorizer - INFO - Categorizando tweet 862/1683
2025-03-24 12:13:02,926 - tweet_categorizer - INFO - Categorizando tweet 863/1683
2025-03-24 12:13:03,501 - tweet_categorizer - INFO - Categorizando tweet 864/1683
2025-03-24 12:13:04,042 - tweet_categorizer - INFO - Categorizando tweet 865/1683
2025-03-24 12:13:04,565 - tweet_categorizer - INFO - Categorizando tweet 866/1683
2025-03-24 12:13:05,110 - tweet_categorizer - INFO - Categorizando tweet 867/1683
2025-03-24 12:13:05,596 - tweet_categorizer - INFO - Categorizando tweet 868/1683
2025-03-24 12:13:06,069 - tweet_categorizer - INFO - Categorizando tweet 869/1683
2025-03-24 12:13:06,534 - tweet_categorizer - INFO - Categorizando tweet 870/1683
2025-03-24 12:13:07,003 - tweet_categorizer - INFO - Categorizando tweet 871/1683
2025-03-24 12:13:07,507 - tweet_categorizer - INFO - Categorizando tweet 872/1683
2025-03-24 12:13:08,036 - tweet_categorizer - INFO - Categorizando tweet 873/1683
2025-03-24 12:13:08,533 - tweet_categorizer - INFO - Categorizando tweet 874/1683
2025-03-24 12:13:09,008 - tweet_categorizer - INFO - Categorizando tweet 875/1683
2025-03-24 12:13:09,496 - tweet_categorizer - INFO - Categorizando tweet 876/1683
2025-03-24 12:13:09,980 - tweet_categorizer - INFO - Categorizando tweet 877/1683
2025-03-24 12:13:10,459 - tweet_categorizer - INFO - Categorizando tweet 878/1683
2025-03-24 12:13:10,893 - tweet_categorizer - INFO - Categorizando tweet 879/1683
2025-03-24 12:13:11,452 - tweet_categorizer - INFO - Categorizando tweet 880/1683
2025-03-24 12:13:11,890 - tweet_categorizer - INFO - Categorizando tweet 881/1683
2025-03-24 12:13:12,307 - tweet_categorizer - INFO - Categorizando tweet 882/1683
2025-03-24 12:13:12,767 - tweet_categorizer - INFO - Categorizando tweet 883/1683
2025-03-24 12:13:13,182 - tweet_categorizer - INFO - Categorizando tweet 884/1683
2025-03-24 12:13:13,635 - tweet_categorizer - INFO - Categorizando tweet 885/1683
2025-03-24 12:13:14,081 - tweet_categorizer - INFO - Categorizando tweet 886/1683
2025-03-24 12:13:14,505 - tweet_categorizer - INFO - Categorizando tweet 887/1683
2025-03-24 12:13:14,991 - tweet_categorizer - INFO - Categorizando tweet 888/1683
2025-03-24 12:13:15,501 - tweet_categorizer - INFO - Categorizando tweet 889/1683
2025-03-24 12:13:15,933 - tweet_categorizer - INFO - Categorizando tweet 890/1683
2025-03-24 12:13:16,350 - tweet_categorizer - INFO - Categorizando tweet 891/1683
2025-03-24 12:13:16,838 - tweet_categorizer - INFO - Categorizando tweet 892/1683
2025-03-24 12:13:17,294 - tweet_categorizer - INFO - Categorizando tweet 893/1683
2025-03-24 12:13:17,741 - tweet_categorizer - INFO - Categorizando tweet 894/1683
2025-03-24 12:13:18,180 - tweet_categorizer - INFO - Categorizando tweet 895/1683
2025-03-24 12:13:18,614 - tweet_categorizer - INFO - Categorizando tweet 896/1683
2025-03-24 12:13:19,206 - tweet_categorizer - INFO - Categorizando tweet 897/1683
2025-03-24 12:13:19,682 - tweet_categorizer - INFO - Categorizando tweet 898/1683
2025-03-24 12:13:20,130 - tweet_categorizer - INFO - Categorizando tweet 899/1683
2025-03-24 12:13:20,588 - tweet_categorizer - INFO - Categorizando tweet 900/1683
2025-03-24 12:13:21,088 - tweet_categorizer - INFO - Categorizando tweet 901/1683
2025-03-24 12:13:21,681 - tweet_categorizer - INFO - Categorizando tweet 902/1683
2025-03-24 12:13:22,221 - tweet_categorizer - INFO - Categorizando tweet 903/1683
2025-03-24 12:13:22,755 - tweet_categorizer - INFO - Categorizando tweet 904/1683
2025-03-24 12:13:23,218 - tweet_categorizer - INFO - Categorizando tweet 905/1683
2025-03-24 12:13:23,730 - tweet_categorizer - INFO - Categorizando tweet 906/1683
2025-03-24 12:13:24,226 - tweet_categorizer - INFO - Categorizando tweet 907/1683
2025-03-24 12:13:24,813 - tweet_categorizer - INFO - Categorizando tweet 908/1683
2025-03-24 12:13:25,368 - tweet_categorizer - INFO - Categorizando tweet 909/1683
2025-03-24 12:13:25,807 - tweet_categorizer - INFO - Categorizando tweet 910/1683
2025-03-24 12:13:26,205 - tweet_categorizer - INFO - Categorizando tweet 911/1683
2025-03-24 12:13:26,722 - tweet_categorizer - INFO - Categorizando tweet 912/1683
2025-03-24 12:13:27,235 - tweet_categorizer - INFO - Categorizando tweet 913/1683
2025-03-24 12:13:27,690 - tweet_categorizer - INFO - Categorizando tweet 914/1683
2025-03-24 12:13:28,167 - tweet_categorizer - INFO - Categorizando tweet 915/1683
2025-03-24 12:13:28,627 - tweet_categorizer - INFO - Categorizando tweet 916/1683
2025-03-24 12:13:29,132 - tweet_categorizer - INFO - Categorizando tweet 917/1683
2025-03-24 12:13:29,651 - tweet_categorizer - INFO - Categorizando tweet 918/1683
2025-03-24 12:13:30,155 - tweet_categorizer - INFO - Categorizando tweet 919/1683
2025-03-24 12:13:30,640 - tweet_categorizer - INFO - Categorizando tweet 920/1683
2025-03-24 12:13:31,100 - tweet_categorizer - INFO - Categorizando tweet 921/1683
2025-03-24 12:13:31,471 - tweet_categorizer - INFO - Categorizando tweet 922/1683
2025-03-24 12:13:31,985 - tweet_categorizer - INFO - Categorizando tweet 923/1683
2025-03-24 12:13:32,519 - tweet_categorizer - INFO - Categorizando tweet 924/1683
2025-03-24 12:13:32,965 - tweet_categorizer - INFO - Categorizando tweet 925/1683
2025-03-24 12:13:33,579 - tweet_categorizer - INFO - Categorizando tweet 926/1683
2025-03-24 12:13:34,088 - tweet_categorizer - INFO - Categorizando tweet 927/1683
2025-03-24 12:13:34,594 - tweet_categorizer - INFO - Categorizando tweet 928/1683
2025-03-24 12:13:35,086 - tweet_categorizer - INFO - Categorizando tweet 929/1683
2025-03-24 12:13:35,536 - tweet_categorizer - INFO - Categorizando tweet 930/1683
2025-03-24 12:13:35,986 - tweet_categorizer - INFO - Categorizando tweet 931/1683
2025-03-24 12:13:36,418 - tweet_categorizer - INFO - Categorizando tweet 932/1683
2025-03-24 12:13:36,887 - tweet_categorizer - INFO - Categorizando tweet 933/1683
2025-03-24 12:13:37,475 - tweet_categorizer - INFO - Categorizando tweet 934/1683
2025-03-24 12:13:38,027 - tweet_categorizer - INFO - Categorizando tweet 935/1683
2025-03-24 12:13:38,479 - tweet_categorizer - INFO - Categorizando tweet 936/1683
2025-03-24 12:13:38,941 - tweet_categorizer - INFO - Categorizando tweet 937/1683
2025-03-24 12:13:39,430 - tweet_categorizer - INFO - Categorizando tweet 938/1683
2025-03-24 12:13:39,987 - tweet_categorizer - INFO - Categorizando tweet 939/1683
2025-03-24 12:13:40,468 - tweet_categorizer - INFO - Categorizando tweet 940/1683
2025-03-24 12:13:40,976 - tweet_categorizer - INFO - Categorizando tweet 941/1683
2025-03-24 12:13:41,408 - tweet_categorizer - INFO - Categorizando tweet 942/1683
2025-03-24 12:13:41,841 - tweet_categorizer - INFO - Categorizando tweet 943/1683
2025-03-24 12:13:42,378 - tweet_categorizer - INFO - Categorizando tweet 944/1683
2025-03-24 12:13:42,878 - tweet_categorizer - INFO - Categorizando tweet 945/1683
2025-03-24 12:13:43,331 - tweet_categorizer - INFO - Categorizando tweet 946/1683
2025-03-24 12:13:43,764 - tweet_categorizer - INFO - Categorizando tweet 947/1683
2025-03-24 12:13:44,199 - tweet_categorizer - INFO - Categorizando tweet 948/1683
2025-03-24 12:13:44,670 - tweet_categorizer - INFO - Categorizando tweet 949/1683
2025-03-24 12:13:45,133 - tweet_categorizer - INFO - Categorizando tweet 950/1683
2025-03-24 12:13:45,655 - tweet_categorizer - INFO - Categorizando tweet 951/1683
2025-03-24 12:13:46,131 - tweet_categorizer - INFO - Categorizando tweet 952/1683
2025-03-24 12:13:46,663 - tweet_categorizer - INFO - Categorizando tweet 953/1683
2025-03-24 12:13:47,141 - tweet_categorizer - INFO - Categorizando tweet 954/1683
2025-03-24 12:13:47,645 - tweet_categorizer - INFO - Categorizando tweet 955/1683
2025-03-24 12:13:48,202 - tweet_categorizer - INFO - Categorizando tweet 956/1683
2025-03-24 12:13:48,627 - tweet_categorizer - INFO - Categorizando tweet 957/1683
2025-03-24 12:13:49,066 - tweet_categorizer - INFO - Categorizando tweet 958/1683
2025-03-24 12:13:49,595 - tweet_categorizer - INFO - Categorizando tweet 959/1683
2025-03-24 12:13:50,089 - tweet_categorizer - INFO - Categorizando tweet 960/1683
2025-03-24 12:13:50,584 - tweet_categorizer - INFO - Categorizando tweet 961/1683
2025-03-24 12:13:51,010 - tweet_categorizer - INFO - Categorizando tweet 962/1683
2025-03-24 12:13:51,537 - tweet_categorizer - INFO - Categorizando tweet 963/1683
2025-03-24 12:13:52,038 - tweet_categorizer - INFO - Categorizando tweet 964/1683
2025-03-24 12:13:52,483 - tweet_categorizer - INFO - Categorizando tweet 965/1683
2025-03-24 12:13:52,972 - tweet_categorizer - INFO - Categorizando tweet 966/1683
2025-03-24 12:13:53,499 - tweet_categorizer - INFO - Categorizando tweet 967/1683
2025-03-24 12:13:53,907 - tweet_categorizer - INFO - Categorizando tweet 968/1683
2025-03-24 12:13:54,406 - tweet_categorizer - INFO - Categorizando tweet 969/1683
2025-03-24 12:13:54,879 - tweet_categorizer - INFO - Categorizando tweet 970/1683
2025-03-24 12:13:55,363 - tweet_categorizer - INFO - Categorizando tweet 971/1683
2025-03-24 12:13:55,798 - tweet_categorizer - INFO - Categorizando tweet 972/1683
2025-03-24 12:13:56,149 - tweet_categorizer - INFO - Categorizando tweet 973/1683
2025-03-24 12:13:56,515 - tweet_categorizer - INFO - Categorizando tweet 974/1683
2025-03-24 12:13:57,039 - tweet_categorizer - INFO - Categorizando tweet 975/1683
2025-03-24 12:13:57,488 - tweet_categorizer - INFO - Categorizando tweet 976/1683
2025-03-24 12:13:57,922 - tweet_categorizer - INFO - Categorizando tweet 977/1683
2025-03-24 12:13:58,133 - tweet_categorizer - INFO - Categorizando tweet 978/1683
2025-03-24 12:13:58,609 - tweet_categorizer - INFO - Categorizando tweet 979/1683
2025-03-24 12:13:59,144 - tweet_categorizer - INFO - Categorizando tweet 980/1683
2025-03-24 12:13:59,621 - tweet_categorizer - INFO - Categorizando tweet 981/1683
2025-03-24 12:13:59,912 - tweet_categorizer - INFO - Categorizando tweet 982/1683
2025-03-24 12:14:00,530 - tweet_categorizer - INFO - Categorizando tweet 983/1683
2025-03-24 12:14:01,115 - tweet_categorizer - INFO - Categorizando tweet 984/1683
2025-03-24 12:14:01,591 - tweet_categorizer - INFO - Categorizando tweet 985/1683
2025-03-24 12:14:02,139 - tweet_categorizer - INFO - Categorizando tweet 986/1683
2025-03-24 12:14:02,598 - tweet_categorizer - INFO - Categorizando tweet 987/1683
2025-03-24 12:14:03,148 - tweet_categorizer - INFO - Categorizando tweet 988/1683
2025-03-24 12:14:03,667 - tweet_categorizer - INFO - Categorizando tweet 989/1683
2025-03-24 12:14:04,195 - tweet_categorizer - INFO - Categorizando tweet 990/1683
2025-03-24 12:14:04,788 - tweet_categorizer - INFO - Categorizando tweet 991/1683
2025-03-24 12:14:05,278 - tweet_categorizer - INFO - Categorizando tweet 992/1683
2025-03-24 12:14:05,823 - tweet_categorizer - INFO - Categorizando tweet 993/1683
2025-03-24 12:14:06,290 - tweet_categorizer - INFO - Categorizando tweet 994/1683
2025-03-24 12:14:06,539 - tweet_categorizer - INFO - Categorizando tweet 995/1683
2025-03-24 12:14:07,138 - tweet_categorizer - INFO - Categorizando tweet 996/1683
2025-03-24 12:14:07,725 - tweet_categorizer - INFO - Categorizando tweet 997/1683
2025-03-24 12:14:08,148 - tweet_categorizer - INFO - Categorizando tweet 998/1683
2025-03-24 12:14:08,829 - tweet_categorizer - INFO - Categorizando tweet 999/1683
2025-03-24 12:14:09,491 - tweet_categorizer - INFO - Categorizando tweet 1000/1683
2025-03-24 12:14:10,188 - tweet_categorizer - INFO - Categorizando tweet 1001/1683
2025-03-24 12:14:10,768 - tweet_categorizer - INFO - Categorizando tweet 1002/1683
2025-03-24 12:14:11,363 - tweet_categorizer - INFO - Categorizando tweet 1003/1683
2025-03-24 12:14:11,896 - tweet_categorizer - INFO - Categorizando tweet 1004/1683
2025-03-24 12:14:12,392 - tweet_categorizer - INFO - Categorizando tweet 1005/1683
2025-03-24 12:14:12,997 - tweet_categorizer - INFO - Categorizando tweet 1006/1683
2025-03-24 12:14:13,474 - tweet_categorizer - INFO - Categorizando tweet 1007/1683
2025-03-24 12:14:13,862 - tweet_categorizer - INFO - Categorizando tweet 1008/1683
2025-03-24 12:14:14,530 - tweet_categorizer - INFO - Categorizando tweet 1009/1683
2025-03-24 12:14:15,425 - tweet_categorizer - INFO - Categorizando tweet 1010/1683
2025-03-24 12:14:16,070 - tweet_categorizer - INFO - Categorizando tweet 1011/1683
2025-03-24 12:14:16,604 - tweet_categorizer - INFO - Categorizando tweet 1012/1683
2025-03-24 12:14:17,101 - tweet_categorizer - INFO - Categorizando tweet 1013/1683
2025-03-24 12:14:17,742 - tweet_categorizer - INFO - Categorizando tweet 1014/1683
2025-03-24 12:14:18,343 - tweet_categorizer - INFO - Categorizando tweet 1015/1683
2025-03-24 12:14:18,948 - tweet_categorizer - INFO - Categorizando tweet 1016/1683
2025-03-24 12:14:19,506 - tweet_categorizer - INFO - Categorizando tweet 1017/1683
2025-03-24 12:14:20,015 - tweet_categorizer - INFO - Categorizando tweet 1018/1683
2025-03-24 12:14:20,598 - tweet_categorizer - INFO - Categorizando tweet 1019/1683
2025-03-24 12:14:21,227 - tweet_categorizer - INFO - Categorizando tweet 1020/1683
2025-03-24 12:14:21,789 - tweet_categorizer - INFO - Categorizando tweet 1021/1683
2025-03-24 12:14:22,682 - tweet_categorizer - INFO - Categorizando tweet 1022/1683
2025-03-24 12:14:23,147 - tweet_categorizer - INFO - Categorizando tweet 1023/1683
2025-03-24 12:14:23,946 - tweet_categorizer - INFO - Categorizando tweet 1024/1683
2025-03-24 12:14:24,307 - tweet_categorizer - INFO - Categorizando tweet 1025/1683
2025-03-24 12:14:24,994 - tweet_categorizer - INFO - Categorizando tweet 1026/1683
2025-03-24 12:14:25,330 - tweet_categorizer - INFO - Categorizando tweet 1027/1683
2025-03-24 12:14:25,720 - tweet_categorizer - INFO - Categorizando tweet 1028/1683
2025-03-24 12:14:26,211 - tweet_categorizer - INFO - Categorizando tweet 1029/1683
2025-03-24 12:14:26,782 - tweet_categorizer - INFO - Categorizando tweet 1030/1683
2025-03-24 12:14:27,265 - tweet_categorizer - INFO - Categorizando tweet 1031/1683
2025-03-24 12:14:27,761 - tweet_categorizer - INFO - Categorizando tweet 1032/1683
2025-03-24 12:14:28,344 - tweet_categorizer - INFO - Categorizando tweet 1033/1683
2025-03-24 12:14:28,785 - tweet_categorizer - INFO - Categorizando tweet 1034/1683
2025-03-24 12:14:29,170 - tweet_categorizer - INFO - Categorizando tweet 1035/1683
2025-03-24 12:14:29,482 - tweet_categorizer - INFO - Categorizando tweet 1036/1683
2025-03-24 12:14:30,084 - tweet_categorizer - INFO - Categorizando tweet 1037/1683
2025-03-24 12:14:30,694 - tweet_categorizer - INFO - Categorizando tweet 1038/1683
2025-03-24 12:14:31,219 - tweet_categorizer - INFO - Categorizando tweet 1039/1683
2025-03-24 12:14:31,681 - tweet_categorizer - INFO - Categorizando tweet 1040/1683
2025-03-24 12:14:32,422 - tweet_categorizer - INFO - Categorizando tweet 1041/1683
2025-03-24 12:14:33,118 - tweet_categorizer - INFO - Categorizando tweet 1042/1683
2025-03-24 12:14:33,513 - tweet_categorizer - INFO - Categorizando tweet 1043/1683
2025-03-24 12:14:34,418 - tweet_categorizer - INFO - Categorizando tweet 1044/1683
2025-03-24 12:14:34,919 - tweet_categorizer - INFO - Categorizando tweet 1045/1683
2025-03-24 12:14:35,412 - tweet_categorizer - INFO - Categorizando tweet 1046/1683
2025-03-24 12:14:35,903 - tweet_categorizer - INFO - Categorizando tweet 1047/1683
2025-03-24 12:14:36,555 - tweet_categorizer - INFO - Categorizando tweet 1048/1683
2025-03-24 12:14:37,053 - tweet_categorizer - INFO - Categorizando tweet 1049/1683
2025-03-24 12:14:37,640 - tweet_categorizer - INFO - Categorizando tweet 1050/1683
2025-03-24 12:14:38,186 - tweet_categorizer - INFO - Categorizando tweet 1051/1683
2025-03-24 12:14:38,660 - tweet_categorizer - INFO - Categorizando tweet 1052/1683
2025-03-24 12:14:39,089 - tweet_categorizer - INFO - Categorizando tweet 1053/1683
2025-03-24 12:14:39,538 - tweet_categorizer - INFO - Categorizando tweet 1054/1683
2025-03-24 12:14:40,138 - tweet_categorizer - INFO - Categorizando tweet 1055/1683
2025-03-24 12:14:40,656 - tweet_categorizer - INFO - Categorizando tweet 1056/1683
2025-03-24 12:14:41,274 - tweet_categorizer - INFO - Categorizando tweet 1057/1683
2025-03-24 12:14:41,706 - tweet_categorizer - INFO - Categorizando tweet 1058/1683
2025-03-24 12:14:42,133 - tweet_categorizer - INFO - Categorizando tweet 1059/1683
2025-03-24 12:14:42,685 - tweet_categorizer - INFO - Categorizando tweet 1060/1683
2025-03-24 12:14:43,122 - tweet_categorizer - INFO - Categorizando tweet 1061/1683
2025-03-24 12:14:43,637 - tweet_categorizer - INFO - Categorizando tweet 1062/1683
2025-03-24 12:14:44,224 - tweet_categorizer - INFO - Categorizando tweet 1063/1683
2025-03-24 12:14:44,823 - tweet_categorizer - INFO - Categorizando tweet 1064/1683
2025-03-24 12:14:45,264 - tweet_categorizer - INFO - Categorizando tweet 1065/1683
2025-03-24 12:14:45,750 - tweet_categorizer - INFO - Categorizando tweet 1066/1683
2025-03-24 12:14:46,315 - tweet_categorizer - INFO - Categorizando tweet 1067/1683
2025-03-24 12:14:46,814 - tweet_categorizer - INFO - Categorizando tweet 1068/1683
2025-03-24 12:14:47,370 - tweet_categorizer - INFO - Categorizando tweet 1069/1683
2025-03-24 12:14:47,797 - tweet_categorizer - INFO - Categorizando tweet 1070/1683
2025-03-24 12:14:48,369 - tweet_categorizer - INFO - Categorizando tweet 1071/1683
2025-03-24 12:14:48,911 - tweet_categorizer - INFO - Categorizando tweet 1072/1683
2025-03-24 12:14:49,480 - tweet_categorizer - INFO - Categorizando tweet 1073/1683
2025-03-24 12:14:49,956 - tweet_categorizer - INFO - Categorizando tweet 1074/1683
2025-03-24 12:14:50,450 - tweet_categorizer - INFO - Categorizando tweet 1075/1683
2025-03-24 12:14:50,982 - tweet_categorizer - INFO - Categorizando tweet 1076/1683
2025-03-24 12:14:51,550 - tweet_categorizer - INFO - Categorizando tweet 1077/1683
2025-03-24 12:14:52,124 - tweet_categorizer - INFO - Categorizando tweet 1078/1683
2025-03-24 12:14:52,678 - tweet_categorizer - INFO - Categorizando tweet 1079/1683
2025-03-24 12:14:53,131 - tweet_categorizer - INFO - Categorizando tweet 1080/1683
2025-03-24 12:14:53,714 - tweet_categorizer - INFO - Categorizando tweet 1081/1683
2025-03-24 12:14:54,227 - tweet_categorizer - INFO - Categorizando tweet 1082/1683
2025-03-24 12:14:54,742 - tweet_categorizer - INFO - Categorizando tweet 1083/1683
2025-03-24 12:14:55,221 - tweet_categorizer - INFO - Categorizando tweet 1084/1683
2025-03-24 12:14:55,803 - tweet_categorizer - INFO - Categorizando tweet 1085/1683
2025-03-24 12:14:56,255 - tweet_categorizer - INFO - Categorizando tweet 1086/1683
2025-03-24 12:14:56,779 - tweet_categorizer - INFO - Categorizando tweet 1087/1683
2025-03-24 12:14:57,041 - tweet_categorizer - INFO - Categorizando tweet 1088/1683
2025-03-24 12:14:57,605 - tweet_categorizer - INFO - Categorizando tweet 1089/1683
2025-03-24 12:14:58,042 - tweet_categorizer - INFO - Categorizando tweet 1090/1683
2025-03-24 12:14:58,322 - tweet_categorizer - INFO - Categorizando tweet 1091/1683
2025-03-24 12:14:58,649 - tweet_categorizer - INFO - Categorizando tweet 1092/1683
2025-03-24 12:14:59,205 - tweet_categorizer - INFO - Categorizando tweet 1093/1683
2025-03-24 12:14:59,926 - tweet_categorizer - INFO - Categorizando tweet 1094/1683
2025-03-24 12:15:00,358 - tweet_categorizer - INFO - Categorizando tweet 1095/1683
2025-03-24 12:15:00,610 - tweet_categorizer - INFO - Categorizando tweet 1096/1683
2025-03-24 12:15:01,110 - tweet_categorizer - INFO - Categorizando tweet 1097/1683
2025-03-24 12:15:01,684 - tweet_categorizer - INFO - Categorizando tweet 1098/1683
2025-03-24 12:15:02,092 - tweet_categorizer - INFO - Categorizando tweet 1099/1683
2025-03-24 12:15:02,576 - tweet_categorizer - INFO - Categorizando tweet 1100/1683
2025-03-24 12:15:03,084 - tweet_categorizer - INFO - Categorizando tweet 1101/1683
2025-03-24 12:15:03,487 - tweet_categorizer - INFO - Categorizando tweet 1102/1683
2025-03-24 12:15:03,868 - tweet_categorizer - INFO - Categorizando tweet 1103/1683
2025-03-24 12:15:04,349 - tweet_categorizer - INFO - Categorizando tweet 1104/1683
2025-03-24 12:15:04,835 - tweet_categorizer - INFO - Categorizando tweet 1105/1683
2025-03-24 12:15:05,280 - tweet_categorizer - INFO - Categorizando tweet 1106/1683
2025-03-24 12:15:05,837 - tweet_categorizer - INFO - Categorizando tweet 1107/1683
2025-03-24 12:15:06,373 - tweet_categorizer - INFO - Categorizando tweet 1108/1683
2025-03-24 12:15:06,879 - tweet_categorizer - INFO - Categorizando tweet 1109/1683
2025-03-24 12:15:07,409 - tweet_categorizer - INFO - Categorizando tweet 1110/1683
2025-03-24 12:15:07,992 - tweet_categorizer - INFO - Categorizando tweet 1111/1683
2025-03-24 12:15:08,417 - tweet_categorizer - INFO - Categorizando tweet 1112/1683
2025-03-24 12:15:08,932 - tweet_categorizer - INFO - Categorizando tweet 1113/1683
2025-03-24 12:15:09,370 - tweet_categorizer - INFO - Categorizando tweet 1114/1683
2025-03-24 12:15:09,976 - tweet_categorizer - INFO - Categorizando tweet 1115/1683
2025-03-24 12:15:10,565 - tweet_categorizer - INFO - Categorizando tweet 1116/1683
2025-03-24 12:15:11,129 - tweet_categorizer - INFO - Categorizando tweet 1117/1683
2025-03-24 12:15:11,709 - tweet_categorizer - INFO - Categorizando tweet 1118/1683
2025-03-24 12:15:12,218 - tweet_categorizer - INFO - Categorizando tweet 1119/1683
2025-03-24 12:15:12,589 - tweet_categorizer - INFO - Categorizando tweet 1120/1683
2025-03-24 12:15:13,142 - tweet_categorizer - INFO - Categorizando tweet 1121/1683
2025-03-24 12:15:13,558 - tweet_categorizer - INFO - Categorizando tweet 1122/1683
2025-03-24 12:15:13,978 - tweet_categorizer - INFO - Categorizando tweet 1123/1683
2025-03-24 12:15:14,456 - tweet_categorizer - INFO - Categorizando tweet 1124/1683
2025-03-24 12:15:14,864 - tweet_categorizer - INFO - Categorizando tweet 1125/1683
2025-03-24 12:15:15,276 - tweet_categorizer - INFO - Categorizando tweet 1126/1683
2025-03-24 12:15:16,145 - tweet_categorizer - INFO - Categorizando tweet 1127/1683
2025-03-24 12:15:16,544 - tweet_categorizer - INFO - Categorizando tweet 1128/1683
2025-03-24 12:15:16,882 - tweet_categorizer - INFO - Categorizando tweet 1129/1683
2025-03-24 12:15:17,562 - tweet_categorizer - INFO - Categorizando tweet 1130/1683
2025-03-24 12:15:18,088 - tweet_categorizer - INFO - Categorizando tweet 1131/1683
2025-03-24 12:15:18,620 - tweet_categorizer - INFO - Categorizando tweet 1132/1683
2025-03-24 12:15:19,157 - tweet_categorizer - INFO - Categorizando tweet 1133/1683
2025-03-24 12:15:19,777 - tweet_categorizer - INFO - Categorizando tweet 1134/1683
2025-03-24 12:15:20,354 - tweet_categorizer - INFO - Categorizando tweet 1135/1683
2025-03-24 12:15:20,930 - tweet_categorizer - INFO - Categorizando tweet 1136/1683
2025-03-24 12:15:21,487 - tweet_categorizer - INFO - Categorizando tweet 1137/1683
2025-03-24 12:15:21,916 - tweet_categorizer - INFO - Categorizando tweet 1138/1683
2025-03-24 12:15:22,507 - tweet_categorizer - INFO - Categorizando tweet 1139/1683
2025-03-24 12:15:23,113 - tweet_categorizer - INFO - Categorizando tweet 1140/1683
2025-03-24 12:15:23,709 - tweet_categorizer - INFO - Categorizando tweet 1141/1683
2025-03-24 12:15:24,235 - tweet_categorizer - INFO - Categorizando tweet 1142/1683
2025-03-24 12:15:24,825 - tweet_categorizer - INFO - Categorizando tweet 1143/1683
2025-03-24 12:15:25,071 - tweet_categorizer - INFO - Categorizando tweet 1144/1683
2025-03-24 12:15:25,617 - tweet_categorizer - INFO - Categorizando tweet 1145/1683
2025-03-24 12:15:26,191 - tweet_categorizer - INFO - Categorizando tweet 1146/1683
2025-03-24 12:15:26,717 - tweet_categorizer - INFO - Categorizando tweet 1147/1683
2025-03-24 12:15:27,341 - tweet_categorizer - INFO - Categorizando tweet 1148/1683
2025-03-24 12:15:27,908 - tweet_categorizer - INFO - Categorizando tweet 1149/1683
2025-03-24 12:15:28,459 - tweet_categorizer - INFO - Categorizando tweet 1150/1683
2025-03-24 12:15:28,971 - tweet_categorizer - INFO - Categorizando tweet 1151/1683
2025-03-24 12:15:29,604 - tweet_categorizer - INFO - Categorizando tweet 1152/1683
2025-03-24 12:15:29,972 - tweet_categorizer - INFO - Categorizando tweet 1153/1683
2025-03-24 12:15:30,247 - tweet_categorizer - INFO - Categorizando tweet 1154/1683
2025-03-24 12:15:30,508 - tweet_categorizer - INFO - Categorizando tweet 1155/1683
2025-03-24 12:15:31,032 - tweet_categorizer - INFO - Categorizando tweet 1156/1683
2025-03-24 12:15:31,589 - tweet_categorizer - INFO - Categorizando tweet 1157/1683
2025-03-24 12:15:32,072 - tweet_categorizer - INFO - Categorizando tweet 1158/1683
2025-03-24 12:15:32,593 - tweet_categorizer - INFO - Categorizando tweet 1159/1683
2025-03-24 12:15:33,129 - tweet_categorizer - INFO - Categorizando tweet 1160/1683
2025-03-24 12:15:33,766 - tweet_categorizer - INFO - Categorizando tweet 1161/1683
2025-03-24 12:15:34,341 - tweet_categorizer - INFO - Categorizando tweet 1162/1683
2025-03-24 12:15:34,871 - tweet_categorizer - INFO - Categorizando tweet 1163/1683
2025-03-24 12:15:35,432 - tweet_categorizer - INFO - Categorizando tweet 1164/1683
2025-03-24 12:15:35,932 - tweet_categorizer - INFO - Categorizando tweet 1165/1683
2025-03-24 12:15:36,454 - tweet_categorizer - INFO - Categorizando tweet 1166/1683
2025-03-24 12:15:36,923 - tweet_categorizer - INFO - Categorizando tweet 1167/1683
2025-03-24 12:15:37,445 - tweet_categorizer - INFO - Categorizando tweet 1168/1683
2025-03-24 12:15:37,941 - tweet_categorizer - INFO - Categorizando tweet 1169/1683
2025-03-24 12:15:38,470 - tweet_categorizer - INFO - Categorizando tweet 1170/1683
2025-03-24 12:15:39,084 - tweet_categorizer - INFO - Categorizando tweet 1171/1683
2025-03-24 12:15:39,584 - tweet_categorizer - INFO - Categorizando tweet 1172/1683
2025-03-24 12:15:40,167 - tweet_categorizer - INFO - Categorizando tweet 1173/1683
2025-03-24 12:15:41,101 - tweet_categorizer - INFO - Categorizando tweet 1174/1683
2025-03-24 12:15:41,697 - tweet_categorizer - INFO - Categorizando tweet 1175/1683
2025-03-24 12:15:42,173 - tweet_categorizer - INFO - Categorizando tweet 1176/1683
2025-03-24 12:15:42,725 - tweet_categorizer - INFO - Categorizando tweet 1177/1683
2025-03-24 12:15:43,208 - tweet_categorizer - INFO - Categorizando tweet 1178/1683
2025-03-24 12:15:43,728 - tweet_categorizer - INFO - Categorizando tweet 1179/1683
2025-03-24 12:15:44,282 - tweet_categorizer - INFO - Categorizando tweet 1180/1683
2025-03-24 12:15:44,766 - tweet_categorizer - INFO - Categorizando tweet 1181/1683
2025-03-24 12:15:45,264 - tweet_categorizer - INFO - Categorizando tweet 1182/1683
2025-03-24 12:15:45,638 - tweet_categorizer - INFO - Categorizando tweet 1183/1683
2025-03-24 12:15:46,076 - tweet_categorizer - INFO - Categorizando tweet 1184/1683
2025-03-24 12:15:46,682 - tweet_categorizer - INFO - Categorizando tweet 1185/1683
2025-03-24 12:15:47,272 - tweet_categorizer - INFO - Categorizando tweet 1186/1683
2025-03-24 12:15:47,707 - tweet_categorizer - INFO - Categorizando tweet 1187/1683
2025-03-24 12:15:48,316 - tweet_categorizer - INFO - Categorizando tweet 1188/1683
2025-03-24 12:15:48,750 - tweet_categorizer - INFO - Categorizando tweet 1189/1683
2025-03-24 12:15:49,170 - tweet_categorizer - INFO - Categorizando tweet 1190/1683
2025-03-24 12:15:49,632 - tweet_categorizer - INFO - Categorizando tweet 1191/1683
2025-03-24 12:15:50,089 - tweet_categorizer - INFO - Categorizando tweet 1192/1683
2025-03-24 12:15:50,469 - tweet_categorizer - INFO - Categorizando tweet 1193/1683
2025-03-24 12:15:50,974 - tweet_categorizer - INFO - Categorizando tweet 1194/1683
2025-03-24 12:15:51,519 - tweet_categorizer - INFO - Categorizando tweet 1195/1683
2025-03-24 12:15:51,936 - tweet_categorizer - INFO - Categorizando tweet 1196/1683
2025-03-24 12:15:52,315 - tweet_categorizer - INFO - Categorizando tweet 1197/1683
2025-03-24 12:15:52,833 - tweet_categorizer - INFO - Categorizando tweet 1198/1683
2025-03-24 12:15:53,766 - tweet_categorizer - INFO - Categorizando tweet 1199/1683
2025-03-24 12:15:54,353 - tweet_categorizer - INFO - Categorizando tweet 1200/1683
2025-03-24 12:15:54,975 - tweet_categorizer - INFO - Categorizando tweet 1201/1683
2025-03-24 12:15:55,569 - tweet_categorizer - INFO - Categorizando tweet 1202/1683
2025-03-24 12:15:56,122 - tweet_categorizer - INFO - Categorizando tweet 1203/1683
2025-03-24 12:15:56,635 - tweet_categorizer - INFO - Categorizando tweet 1204/1683
2025-03-24 12:15:57,119 - tweet_categorizer - INFO - Categorizando tweet 1205/1683
2025-03-24 12:15:57,586 - tweet_categorizer - INFO - Categorizando tweet 1206/1683
2025-03-24 12:15:58,018 - tweet_categorizer - INFO - Categorizando tweet 1207/1683
2025-03-24 12:15:58,496 - tweet_categorizer - INFO - Categorizando tweet 1208/1683
2025-03-24 12:15:59,101 - tweet_categorizer - INFO - Categorizando tweet 1209/1683
2025-03-24 12:15:59,579 - tweet_categorizer - INFO - Categorizando tweet 1210/1683
2025-03-24 12:16:00,157 - tweet_categorizer - INFO - Categorizando tweet 1211/1683
2025-03-24 12:16:00,591 - tweet_categorizer - INFO - Categorizando tweet 1212/1683
2025-03-24 12:16:01,015 - tweet_categorizer - INFO - Categorizando tweet 1213/1683
2025-03-24 12:16:01,583 - tweet_categorizer - INFO - Categorizando tweet 1214/1683
2025-03-24 12:16:02,134 - tweet_categorizer - INFO - Categorizando tweet 1215/1683
2025-03-24 12:16:02,661 - tweet_categorizer - INFO - Categorizando tweet 1216/1683
2025-03-24 12:16:03,233 - tweet_categorizer - INFO - Categorizando tweet 1217/1683
2025-03-24 12:16:03,782 - tweet_categorizer - INFO - Categorizando tweet 1218/1683
2025-03-24 12:16:04,375 - tweet_categorizer - INFO - Categorizando tweet 1219/1683
2025-03-24 12:16:04,799 - tweet_categorizer - INFO - Categorizando tweet 1220/1683
2025-03-24 12:16:05,317 - tweet_categorizer - INFO - Categorizando tweet 1221/1683
2025-03-24 12:16:05,731 - tweet_categorizer - INFO - Categorizando tweet 1222/1683
2025-03-24 12:16:06,220 - tweet_categorizer - INFO - Categorizando tweet 1223/1683
2025-03-24 12:16:06,692 - tweet_categorizer - INFO - Categorizando tweet 1224/1683
2025-03-24 12:16:07,307 - tweet_categorizer - INFO - Categorizando tweet 1225/1683
2025-03-24 12:16:07,833 - tweet_categorizer - INFO - Categorizando tweet 1226/1683
2025-03-24 12:16:08,434 - tweet_categorizer - INFO - Categorizando tweet 1227/1683
2025-03-24 12:16:08,999 - tweet_categorizer - INFO - Categorizando tweet 1228/1683
2025-03-24 12:16:09,486 - tweet_categorizer - INFO - Categorizando tweet 1229/1683
2025-03-24 12:16:09,941 - tweet_categorizer - INFO - Categorizando tweet 1230/1683
2025-03-24 12:16:10,618 - tweet_categorizer - INFO - Categorizando tweet 1231/1683
2025-03-24 12:16:11,009 - tweet_categorizer - INFO - Categorizando tweet 1232/1683
2025-03-24 12:16:11,546 - tweet_categorizer - INFO - Categorizando tweet 1233/1683
2025-03-24 12:16:12,237 - tweet_categorizer - INFO - Categorizando tweet 1234/1683
2025-03-24 12:16:12,681 - tweet_categorizer - INFO - Categorizando tweet 1235/1683
2025-03-24 12:16:13,369 - tweet_categorizer - INFO - Categorizando tweet 1236/1683
2025-03-24 12:16:13,999 - tweet_categorizer - INFO - Categorizando tweet 1237/1683
2025-03-24 12:16:14,479 - tweet_categorizer - INFO - Categorizando tweet 1238/1683
2025-03-24 12:16:15,012 - tweet_categorizer - INFO - Categorizando tweet 1239/1683
2025-03-24 12:16:15,540 - tweet_categorizer - INFO - Categorizando tweet 1240/1683
2025-03-24 12:16:15,942 - tweet_categorizer - INFO - Categorizando tweet 1241/1683
2025-03-24 12:16:16,336 - tweet_categorizer - INFO - Categorizando tweet 1242/1683
2025-03-24 12:16:16,872 - tweet_categorizer - INFO - Categorizando tweet 1243/1683
2025-03-24 12:16:17,326 - tweet_categorizer - INFO - Categorizando tweet 1244/1683
2025-03-24 12:16:17,864 - tweet_categorizer - INFO - Categorizando tweet 1245/1683
2025-03-24 12:16:18,393 - tweet_categorizer - INFO - Categorizando tweet 1246/1683
2025-03-24 12:16:18,916 - tweet_categorizer - INFO - Categorizando tweet 1247/1683
2025-03-24 12:16:19,964 - tweet_categorizer - INFO - Categorizando tweet 1248/1683
2025-03-24 12:16:20,499 - tweet_categorizer - INFO - Categorizando tweet 1249/1683
2025-03-24 12:16:21,018 - tweet_categorizer - INFO - Categorizando tweet 1250/1683
2025-03-24 12:16:22,022 - tweet_categorizer - INFO - Categorizando tweet 1251/1683
2025-03-24 12:16:22,653 - tweet_categorizer - INFO - Categorizando tweet 1252/1683
2025-03-24 12:16:23,223 - tweet_categorizer - INFO - Categorizando tweet 1253/1683
2025-03-24 12:16:23,694 - tweet_categorizer - INFO - Categorizando tweet 1254/1683
2025-03-24 12:16:23,961 - tweet_categorizer - INFO - Categorizando tweet 1255/1683
2025-03-24 12:16:24,538 - tweet_categorizer - INFO - Categorizando tweet 1256/1683
2025-03-24 12:16:25,112 - tweet_categorizer - INFO - Categorizando tweet 1257/1683
2025-03-24 12:16:25,641 - tweet_categorizer - INFO - Categorizando tweet 1258/1683
2025-03-24 12:16:26,232 - tweet_categorizer - INFO - Categorizando tweet 1259/1683
2025-03-24 12:16:26,777 - tweet_categorizer - INFO - Categorizando tweet 1260/1683
2025-03-24 12:16:27,307 - tweet_categorizer - INFO - Categorizando tweet 1261/1683
2025-03-24 12:16:27,993 - tweet_categorizer - INFO - Categorizando tweet 1262/1683
2025-03-24 12:16:28,397 - tweet_categorizer - INFO - Categorizando tweet 1263/1683
2025-03-24 12:16:28,997 - tweet_categorizer - INFO - Categorizando tweet 1264/1683
2025-03-24 12:16:29,484 - tweet_categorizer - INFO - Categorizando tweet 1265/1683
2025-03-24 12:16:30,045 - tweet_categorizer - INFO - Categorizando tweet 1266/1683
2025-03-24 12:16:30,352 - tweet_categorizer - INFO - Categorizando tweet 1267/1683
2025-03-24 12:16:30,969 - tweet_categorizer - INFO - Categorizando tweet 1268/1683
2025-03-24 12:16:31,550 - tweet_categorizer - INFO - Categorizando tweet 1269/1683
2025-03-24 12:16:32,089 - tweet_categorizer - INFO - Categorizando tweet 1270/1683
2025-03-24 12:16:32,586 - tweet_categorizer - INFO - Categorizando tweet 1271/1683
2025-03-24 12:16:33,181 - tweet_categorizer - INFO - Categorizando tweet 1272/1683
2025-03-24 12:16:33,716 - tweet_categorizer - INFO - Categorizando tweet 1273/1683
2025-03-24 12:16:34,230 - tweet_categorizer - INFO - Categorizando tweet 1274/1683
2025-03-24 12:16:34,729 - tweet_categorizer - INFO - Categorizando tweet 1275/1683
2025-03-24 12:16:35,231 - tweet_categorizer - INFO - Categorizando tweet 1276/1683
2025-03-24 12:16:35,763 - tweet_categorizer - INFO - Categorizando tweet 1277/1683
2025-03-24 12:16:36,292 - tweet_categorizer - INFO - Categorizando tweet 1278/1683
2025-03-24 12:16:36,878 - tweet_categorizer - INFO - Categorizando tweet 1279/1683
2025-03-24 12:16:37,462 - tweet_categorizer - INFO - Categorizando tweet 1280/1683
2025-03-24 12:16:38,043 - tweet_categorizer - INFO - Categorizando tweet 1281/1683
2025-03-24 12:16:38,575 - tweet_categorizer - INFO - Categorizando tweet 1282/1683
2025-03-24 12:16:39,085 - tweet_categorizer - INFO - Categorizando tweet 1283/1683
2025-03-24 12:16:39,662 - tweet_categorizer - INFO - Categorizando tweet 1284/1683
2025-03-24 12:16:39,967 - tweet_categorizer - INFO - Categorizando tweet 1285/1683
2025-03-24 12:16:40,567 - tweet_categorizer - INFO - Categorizando tweet 1286/1683
2025-03-24 12:16:41,091 - tweet_categorizer - INFO - Categorizando tweet 1287/1683
2025-03-24 12:16:41,675 - tweet_categorizer - INFO - Categorizando tweet 1288/1683
2025-03-24 12:16:42,082 - tweet_categorizer - INFO - Categorizando tweet 1289/1683
2025-03-24 12:16:42,491 - tweet_categorizer - INFO - Categorizando tweet 1290/1683
2025-03-24 12:16:43,068 - tweet_categorizer - INFO - Categorizando tweet 1291/1683
2025-03-24 12:16:43,491 - tweet_categorizer - INFO - Categorizando tweet 1292/1683
2025-03-24 12:16:44,190 - tweet_categorizer - INFO - Categorizando tweet 1293/1683
2025-03-24 12:16:44,612 - tweet_categorizer - INFO - Categorizando tweet 1294/1683
2025-03-24 12:16:46,502 - tweet_categorizer - INFO - Categorizando tweet 1295/1683
2025-03-24 12:16:47,349 - tweet_categorizer - INFO - Categorizando tweet 1296/1683
2025-03-24 12:16:47,703 - tweet_categorizer - INFO - Categorizando tweet 1297/1683
2025-03-24 12:16:48,210 - tweet_categorizer - INFO - Categorizando tweet 1298/1683
2025-03-24 12:16:48,795 - tweet_categorizer - INFO - Categorizando tweet 1299/1683
2025-03-24 12:16:49,391 - tweet_categorizer - INFO - Categorizando tweet 1300/1683
2025-03-24 12:16:49,944 - tweet_categorizer - INFO - Categorizando tweet 1301/1683
2025-03-24 12:16:50,441 - tweet_categorizer - INFO - Categorizando tweet 1302/1683
2025-03-24 12:16:50,964 - tweet_categorizer - INFO - Categorizando tweet 1303/1683
2025-03-24 12:16:51,502 - tweet_categorizer - INFO - Categorizando tweet 1304/1683
2025-03-24 12:16:51,884 - tweet_categorizer - INFO - Categorizando tweet 1305/1683
2025-03-24 12:16:52,358 - tweet_categorizer - INFO - Categorizando tweet 1306/1683
2025-03-24 12:16:52,981 - tweet_categorizer - INFO - Categorizando tweet 1307/1683
2025-03-24 12:16:53,410 - tweet_categorizer - INFO - Categorizando tweet 1308/1683
2025-03-24 12:16:53,861 - tweet_categorizer - INFO - Categorizando tweet 1309/1683
2025-03-24 12:16:54,326 - tweet_categorizer - INFO - Categorizando tweet 1310/1683
2025-03-24 12:16:54,919 - tweet_categorizer - INFO - Categorizando tweet 1311/1683
2025-03-24 12:16:55,869 - tweet_categorizer - INFO - Categorizando tweet 1312/1683
2025-03-24 12:16:56,603 - tweet_categorizer - INFO - Categorizando tweet 1313/1683
2025-03-24 12:16:57,087 - tweet_categorizer - INFO - Categorizando tweet 1314/1683
2025-03-24 12:16:57,581 - tweet_categorizer - INFO - Categorizando tweet 1315/1683
2025-03-24 12:16:57,947 - tweet_categorizer - INFO - Categorizando tweet 1316/1683
2025-03-24 12:16:58,434 - tweet_categorizer - INFO - Categorizando tweet 1317/1683
2025-03-24 12:16:59,035 - tweet_categorizer - INFO - Categorizando tweet 1318/1683
2025-03-24 12:16:59,597 - tweet_categorizer - INFO - Categorizando tweet 1319/1683
2025-03-24 12:17:00,053 - tweet_categorizer - INFO - Categorizando tweet 1320/1683
2025-03-24 12:17:00,647 - tweet_categorizer - INFO - Categorizando tweet 1321/1683
2025-03-24 12:17:01,225 - tweet_categorizer - INFO - Categorizando tweet 1322/1683
2025-03-24 12:17:01,797 - tweet_categorizer - INFO - Categorizando tweet 1323/1683
2025-03-24 12:17:02,378 - tweet_categorizer - INFO - Categorizando tweet 1324/1683
2025-03-24 12:17:02,952 - tweet_categorizer - INFO - Categorizando tweet 1325/1683
2025-03-24 12:17:03,557 - tweet_categorizer - INFO - Categorizando tweet 1326/1683
2025-03-24 12:17:04,139 - tweet_categorizer - INFO - Categorizando tweet 1327/1683
2025-03-24 12:17:04,569 - tweet_categorizer - INFO - Categorizando tweet 1328/1683
2025-03-24 12:17:05,062 - tweet_categorizer - INFO - Categorizando tweet 1329/1683
2025-03-24 12:17:05,608 - tweet_categorizer - INFO - Categorizando tweet 1330/1683
2025-03-24 12:17:06,266 - tweet_categorizer - INFO - Categorizando tweet 1331/1683
2025-03-24 12:17:06,787 - tweet_categorizer - INFO - Categorizando tweet 1332/1683
2025-03-24 12:17:07,385 - tweet_categorizer - INFO - Categorizando tweet 1333/1683
2025-03-24 12:17:07,992 - tweet_categorizer - INFO - Categorizando tweet 1334/1683
2025-03-24 12:17:08,488 - tweet_categorizer - INFO - Categorizando tweet 1335/1683
2025-03-24 12:17:09,019 - tweet_categorizer - INFO - Categorizando tweet 1336/1683
2025-03-24 12:17:09,575 - tweet_categorizer - INFO - Categorizando tweet 1337/1683
2025-03-24 12:17:09,949 - tweet_categorizer - INFO - Categorizando tweet 1338/1683
2025-03-24 12:17:10,391 - tweet_categorizer - INFO - Categorizando tweet 1339/1683
2025-03-24 12:17:10,971 - tweet_categorizer - INFO - Categorizando tweet 1340/1683
2025-03-24 12:17:11,521 - tweet_categorizer - INFO - Categorizando tweet 1341/1683
2025-03-24 12:17:12,126 - tweet_categorizer - INFO - Categorizando tweet 1342/1683
2025-03-24 12:17:12,678 - tweet_categorizer - INFO - Categorizando tweet 1343/1683
2025-03-24 12:17:13,234 - tweet_categorizer - INFO - Categorizando tweet 1344/1683
2025-03-24 12:17:13,896 - tweet_categorizer - INFO - Categorizando tweet 1345/1683
2025-03-24 12:17:14,523 - tweet_categorizer - INFO - Categorizando tweet 1346/1683
2025-03-24 12:17:15,049 - tweet_categorizer - INFO - Categorizando tweet 1347/1683
2025-03-24 12:17:15,514 - tweet_categorizer - INFO - Categorizando tweet 1348/1683
2025-03-24 12:17:16,132 - tweet_categorizer - INFO - Categorizando tweet 1349/1683
2025-03-24 12:17:16,732 - tweet_categorizer - INFO - Categorizando tweet 1350/1683
2025-03-24 12:17:17,013 - tweet_categorizer - INFO - Categorizando tweet 1351/1683
2025-03-24 12:17:17,596 - tweet_categorizer - INFO - Categorizando tweet 1352/1683
2025-03-24 12:17:18,258 - tweet_categorizer - INFO - Categorizando tweet 1353/1683
2025-03-24 12:17:18,802 - tweet_categorizer - INFO - Categorizando tweet 1354/1683
2025-03-24 12:17:19,065 - tweet_categorizer - INFO - Categorizando tweet 1355/1683
2025-03-24 12:17:19,540 - tweet_categorizer - INFO - Categorizando tweet 1356/1683
2025-03-24 12:17:20,134 - tweet_categorizer - INFO - Categorizando tweet 1357/1683
2025-03-24 12:17:20,616 - tweet_categorizer - INFO - Categorizando tweet 1358/1683
2025-03-24 12:17:21,203 - tweet_categorizer - INFO - Categorizando tweet 1359/1683
2025-03-24 12:17:21,807 - tweet_categorizer - INFO - Categorizando tweet 1360/1683
2025-03-24 12:17:22,264 - tweet_categorizer - INFO - Categorizando tweet 1361/1683
2025-03-24 12:17:22,782 - tweet_categorizer - INFO - Categorizando tweet 1362/1683
2025-03-24 12:17:23,287 - tweet_categorizer - INFO - Categorizando tweet 1363/1683
2025-03-24 12:17:23,811 - tweet_categorizer - INFO - Categorizando tweet 1364/1683
2025-03-24 12:17:24,434 - tweet_categorizer - INFO - Categorizando tweet 1365/1683
2025-03-24 12:17:24,991 - tweet_categorizer - INFO - Categorizando tweet 1366/1683
2025-03-24 12:17:25,422 - tweet_categorizer - INFO - Categorizando tweet 1367/1683
2025-03-24 12:17:25,941 - tweet_categorizer - INFO - Categorizando tweet 1368/1683
2025-03-24 12:17:26,521 - tweet_categorizer - INFO - Categorizando tweet 1369/1683
2025-03-24 12:17:27,153 - tweet_categorizer - INFO - Categorizando tweet 1370/1683
2025-03-24 12:17:27,629 - tweet_categorizer - INFO - Categorizando tweet 1371/1683
2025-03-24 12:17:28,033 - tweet_categorizer - INFO - Categorizando tweet 1372/1683
2025-03-24 12:17:28,446 - tweet_categorizer - INFO - Categorizando tweet 1373/1683
2025-03-24 12:17:29,015 - tweet_categorizer - INFO - Categorizando tweet 1374/1683
2025-03-24 12:17:29,460 - tweet_categorizer - INFO - Categorizando tweet 1375/1683
2025-03-24 12:17:29,966 - tweet_categorizer - INFO - Categorizando tweet 1376/1683
2025-03-24 12:17:30,444 - tweet_categorizer - INFO - Categorizando tweet 1377/1683
2025-03-24 12:17:30,994 - tweet_categorizer - INFO - Categorizando tweet 1378/1683
2025-03-24 12:17:31,476 - tweet_categorizer - INFO - Categorizando tweet 1379/1683
2025-03-24 12:17:31,962 - tweet_categorizer - INFO - Categorizando tweet 1380/1683
2025-03-24 12:17:32,315 - tweet_categorizer - INFO - Categorizando tweet 1381/1683
2025-03-24 12:17:32,882 - tweet_categorizer - INFO - Categorizando tweet 1382/1683
2025-03-24 12:17:33,352 - tweet_categorizer - INFO - Categorizando tweet 1383/1683
2025-03-24 12:17:33,786 - tweet_categorizer - INFO - Categorizando tweet 1384/1683
2025-03-24 12:17:34,377 - tweet_categorizer - INFO - Categorizando tweet 1385/1683
2025-03-24 12:17:34,855 - tweet_categorizer - INFO - Categorizando tweet 1386/1683
2025-03-24 12:17:35,411 - tweet_categorizer - INFO - Categorizando tweet 1387/1683
2025-03-24 12:17:35,965 - tweet_categorizer - INFO - Categorizando tweet 1388/1683
2025-03-24 12:17:36,518 - tweet_categorizer - INFO - Categorizando tweet 1389/1683
2025-03-24 12:17:37,050 - tweet_categorizer - INFO - Categorizando tweet 1390/1683
2025-03-24 12:17:37,664 - tweet_categorizer - INFO - Categorizando tweet 1391/1683
2025-03-24 12:17:38,216 - tweet_categorizer - INFO - Categorizando tweet 1392/1683
2025-03-24 12:17:38,694 - tweet_categorizer - INFO - Categorizando tweet 1393/1683
2025-03-24 12:17:39,122 - tweet_categorizer - INFO - Categorizando tweet 1394/1683
2025-03-24 12:17:39,646 - tweet_categorizer - INFO - Categorizando tweet 1395/1683
2025-03-24 12:17:40,211 - tweet_categorizer - INFO - Categorizando tweet 1396/1683
2025-03-24 12:17:40,718 - tweet_categorizer - INFO - Categorizando tweet 1397/1683
2025-03-24 12:17:41,144 - tweet_categorizer - INFO - Categorizando tweet 1398/1683
2025-03-24 12:17:41,794 - tweet_categorizer - INFO - Categorizando tweet 1399/1683
2025-03-24 12:17:42,270 - tweet_categorizer - INFO - Categorizando tweet 1400/1683
2025-03-24 12:17:42,880 - tweet_categorizer - INFO - Categorizando tweet 1401/1683
2025-03-24 12:17:43,512 - tweet_categorizer - INFO - Categorizando tweet 1402/1683
2025-03-24 12:17:44,031 - tweet_categorizer - INFO - Categorizando tweet 1403/1683
2025-03-24 12:17:44,508 - tweet_categorizer - INFO - Categorizando tweet 1404/1683
2025-03-24 12:17:44,754 - tweet_categorizer - INFO - Categorizando tweet 1405/1683
2025-03-24 12:17:45,077 - tweet_categorizer - INFO - Categorizando tweet 1406/1683
2025-03-24 12:17:45,520 - tweet_categorizer - INFO - Categorizando tweet 1407/1683
2025-03-24 12:17:46,060 - tweet_categorizer - INFO - Categorizando tweet 1408/1683
2025-03-24 12:17:46,430 - tweet_categorizer - INFO - Categorizando tweet 1409/1683
2025-03-24 12:17:46,980 - tweet_categorizer - INFO - Categorizando tweet 1410/1683
2025-03-24 12:17:47,626 - tweet_categorizer - INFO - Categorizando tweet 1411/1683
2025-03-24 12:17:48,238 - tweet_categorizer - INFO - Categorizando tweet 1412/1683
2025-03-24 12:17:48,867 - tweet_categorizer - INFO - Categorizando tweet 1413/1683
2025-03-24 12:17:50,011 - tweet_categorizer - INFO - Categorizando tweet 1414/1683
2025-03-24 12:17:50,775 - tweet_categorizer - INFO - Categorizando tweet 1415/1683
2025-03-24 12:17:51,508 - tweet_categorizer - INFO - Categorizando tweet 1416/1683
2025-03-24 12:17:52,098 - tweet_categorizer - INFO - Categorizando tweet 1417/1683
2025-03-24 12:17:52,701 - tweet_categorizer - INFO - Categorizando tweet 1418/1683
2025-03-24 12:17:53,684 - tweet_categorizer - INFO - Categorizando tweet 1419/1683
2025-03-24 12:17:54,341 - tweet_categorizer - INFO - Categorizando tweet 1420/1683
2025-03-24 12:17:54,924 - tweet_categorizer - INFO - Categorizando tweet 1421/1683
2025-03-24 12:17:55,473 - tweet_categorizer - INFO - Categorizando tweet 1422/1683
2025-03-24 12:17:55,994 - tweet_categorizer - INFO - Categorizando tweet 1423/1683
2025-03-24 12:17:56,527 - tweet_categorizer - INFO - Categorizando tweet 1424/1683
2025-03-24 12:17:56,774 - tweet_categorizer - INFO - Categorizando tweet 1425/1683
2025-03-24 12:17:57,298 - tweet_categorizer - INFO - Categorizando tweet 1426/1683
2025-03-24 12:17:57,830 - tweet_categorizer - INFO - Categorizando tweet 1427/1683
2025-03-24 12:17:58,515 - tweet_categorizer - INFO - Categorizando tweet 1428/1683
2025-03-24 12:17:59,653 - tweet_categorizer - INFO - Categorizando tweet 1429/1683
2025-03-24 12:18:00,161 - tweet_categorizer - INFO - Categorizando tweet 1430/1683
2025-03-24 12:18:00,431 - tweet_categorizer - INFO - Categorizando tweet 1431/1683
2025-03-24 12:18:00,858 - tweet_categorizer - INFO - Categorizando tweet 1432/1683
2025-03-24 12:18:01,277 - tweet_categorizer - INFO - Categorizando tweet 1433/1683
2025-03-24 12:18:01,821 - tweet_categorizer - INFO - Categorizando tweet 1434/1683
2025-03-24 12:18:02,265 - tweet_categorizer - INFO - Categorizando tweet 1435/1683
2025-03-24 12:18:02,790 - tweet_categorizer - INFO - Categorizando tweet 1436/1683
2025-03-24 12:18:03,292 - tweet_categorizer - INFO - Categorizando tweet 1437/1683
2025-03-24 12:18:03,806 - tweet_categorizer - INFO - Categorizando tweet 1438/1683
2025-03-24 12:18:04,340 - tweet_categorizer - INFO - Categorizando tweet 1439/1683
2025-03-24 12:18:04,788 - tweet_categorizer - INFO - Categorizando tweet 1440/1683
2025-03-24 12:18:05,250 - tweet_categorizer - INFO - Categorizando tweet 1441/1683
2025-03-24 12:18:05,863 - tweet_categorizer - INFO - Categorizando tweet 1442/1683
2025-03-24 12:18:06,235 - tweet_categorizer - INFO - Categorizando tweet 1443/1683
2025-03-24 12:18:06,727 - tweet_categorizer - INFO - Categorizando tweet 1444/1683
2025-03-24 12:18:07,256 - tweet_categorizer - INFO - Categorizando tweet 1445/1683
2025-03-24 12:18:07,790 - tweet_categorizer - INFO - Categorizando tweet 1446/1683
2025-03-24 12:18:08,300 - tweet_categorizer - INFO - Categorizando tweet 1447/1683
2025-03-24 12:18:08,673 - tweet_categorizer - INFO - Categorizando tweet 1448/1683
2025-03-24 12:18:09,244 - tweet_categorizer - INFO - Categorizando tweet 1449/1683
2025-03-24 12:18:09,816 - tweet_categorizer - INFO - Categorizando tweet 1450/1683
2025-03-24 12:18:10,039 - tweet_categorizer - INFO - Categorizando tweet 1451/1683
2025-03-24 12:18:10,547 - tweet_categorizer - INFO - Categorizando tweet 1452/1683
2025-03-24 12:18:11,064 - tweet_categorizer - INFO - Categorizando tweet 1453/1683
2025-03-24 12:18:11,534 - tweet_categorizer - INFO - Categorizando tweet 1454/1683
2025-03-24 12:18:12,019 - tweet_categorizer - INFO - Categorizando tweet 1455/1683
2025-03-24 12:18:12,429 - tweet_categorizer - INFO - Categorizando tweet 1456/1683
2025-03-24 12:18:12,857 - tweet_categorizer - INFO - Categorizando tweet 1457/1683
2025-03-24 12:18:13,328 - tweet_categorizer - INFO - Categorizando tweet 1458/1683
2025-03-24 12:18:13,774 - tweet_categorizer - INFO - Categorizando tweet 1459/1683
2025-03-24 12:18:14,138 - tweet_categorizer - INFO - Categorizando tweet 1460/1683
2025-03-24 12:18:14,513 - tweet_categorizer - INFO - Categorizando tweet 1461/1683
2025-03-24 12:18:14,887 - tweet_categorizer - INFO - Categorizando tweet 1462/1683
2025-03-24 12:18:15,362 - tweet_categorizer - INFO - Categorizando tweet 1463/1683
2025-03-24 12:18:15,603 - tweet_categorizer - INFO - Categorizando tweet 1464/1683
2025-03-24 12:18:16,084 - tweet_categorizer - INFO - Categorizando tweet 1465/1683
2025-03-24 12:18:16,517 - tweet_categorizer - INFO - Categorizando tweet 1466/1683
2025-03-24 12:18:17,116 - tweet_categorizer - INFO - Categorizando tweet 1467/1683
2025-03-24 12:18:17,573 - tweet_categorizer - INFO - Categorizando tweet 1468/1683
2025-03-24 12:18:18,021 - tweet_categorizer - INFO - Categorizando tweet 1469/1683
2025-03-24 12:18:18,391 - tweet_categorizer - INFO - Categorizando tweet 1470/1683
2025-03-24 12:18:18,929 - tweet_categorizer - INFO - Categorizando tweet 1471/1683
2025-03-24 12:18:19,405 - tweet_categorizer - INFO - Categorizando tweet 1472/1683
2025-03-24 12:18:19,847 - tweet_categorizer - INFO - Categorizando tweet 1473/1683
2025-03-24 12:18:20,260 - tweet_categorizer - INFO - Categorizando tweet 1474/1683
2025-03-24 12:18:20,860 - tweet_categorizer - INFO - Categorizando tweet 1475/1683
2025-03-24 12:18:21,261 - tweet_categorizer - INFO - Categorizando tweet 1476/1683
2025-03-24 12:18:21,858 - tweet_categorizer - INFO - Categorizando tweet 1477/1683
2025-03-24 12:18:22,296 - tweet_categorizer - INFO - Categorizando tweet 1478/1683
2025-03-24 12:18:22,802 - tweet_categorizer - INFO - Categorizando tweet 1479/1683
2025-03-24 12:18:23,168 - tweet_categorizer - INFO - Categorizando tweet 1480/1683
2025-03-24 12:18:23,759 - tweet_categorizer - INFO - Categorizando tweet 1481/1683
2025-03-24 12:18:24,031 - tweet_categorizer - INFO - Categorizando tweet 1482/1683
2025-03-24 12:18:24,657 - tweet_categorizer - INFO - Categorizando tweet 1483/1683
2025-03-24 12:18:25,300 - tweet_categorizer - INFO - Categorizando tweet 1484/1683
2025-03-24 12:18:25,809 - tweet_categorizer - INFO - Categorizando tweet 1485/1683
2025-03-24 12:18:26,446 - tweet_categorizer - INFO - Categorizando tweet 1486/1683
2025-03-24 12:18:26,838 - tweet_categorizer - INFO - Categorizando tweet 1487/1683
2025-03-24 12:18:27,317 - tweet_categorizer - INFO - Categorizando tweet 1488/1683
2025-03-24 12:18:27,847 - tweet_categorizer - INFO - Categorizando tweet 1489/1683
2025-03-24 12:18:28,302 - tweet_categorizer - INFO - Categorizando tweet 1490/1683
2025-03-24 12:18:28,744 - tweet_categorizer - INFO - Categorizando tweet 1491/1683
2025-03-24 12:18:29,281 - tweet_categorizer - INFO - Categorizando tweet 1492/1683
2025-03-24 12:18:29,817 - tweet_categorizer - INFO - Categorizando tweet 1493/1683
2025-03-24 12:18:30,354 - tweet_categorizer - INFO - Categorizando tweet 1494/1683
2025-03-24 12:18:30,951 - tweet_categorizer - INFO - Categorizando tweet 1495/1683
2025-03-24 12:18:31,549 - tweet_categorizer - INFO - Categorizando tweet 1496/1683
2025-03-24 12:18:32,105 - tweet_categorizer - INFO - Categorizando tweet 1497/1683
2025-03-24 12:18:32,688 - tweet_categorizer - INFO - Categorizando tweet 1498/1683
2025-03-24 12:18:33,283 - tweet_categorizer - INFO - Categorizando tweet 1499/1683
2025-03-24 12:18:33,725 - tweet_categorizer - INFO - Categorizando tweet 1500/1683
2025-03-24 12:18:34,150 - tweet_categorizer - INFO - Categorizando tweet 1501/1683
2025-03-24 12:18:34,728 - tweet_categorizer - INFO - Categorizando tweet 1502/1683
2025-03-24 12:18:35,323 - tweet_categorizer - INFO - Categorizando tweet 1503/1683
2025-03-24 12:18:35,909 - tweet_categorizer - INFO - Categorizando tweet 1504/1683
2025-03-24 12:18:36,479 - tweet_categorizer - INFO - Categorizando tweet 1505/1683
2025-03-24 12:18:36,929 - tweet_categorizer - INFO - Categorizando tweet 1506/1683
2025-03-24 12:18:37,387 - tweet_categorizer - INFO - Categorizando tweet 1507/1683
2025-03-24 12:18:38,022 - tweet_categorizer - INFO - Categorizando tweet 1508/1683
2025-03-24 12:18:38,600 - tweet_categorizer - INFO - Categorizando tweet 1509/1683
2025-03-24 12:18:39,184 - tweet_categorizer - INFO - Categorizando tweet 1510/1683
2025-03-24 12:18:39,417 - tweet_categorizer - INFO - Categorizando tweet 1511/1683
2025-03-24 12:18:39,937 - tweet_categorizer - INFO - Categorizando tweet 1512/1683
2025-03-24 12:18:40,492 - tweet_categorizer - INFO - Categorizando tweet 1513/1683
2025-03-24 12:18:40,785 - tweet_categorizer - INFO - Categorizando tweet 1514/1683
2025-03-24 12:18:41,210 - tweet_categorizer - INFO - Categorizando tweet 1515/1683
2025-03-24 12:18:41,803 - tweet_categorizer - INFO - Categorizando tweet 1516/1683
2025-03-24 12:18:42,270 - tweet_categorizer - INFO - Categorizando tweet 1517/1683
2025-03-24 12:18:42,855 - tweet_categorizer - INFO - Categorizando tweet 1518/1683
2025-03-24 12:18:43,106 - tweet_categorizer - INFO - Categorizando tweet 1519/1683
2025-03-24 12:18:43,606 - tweet_categorizer - INFO - Categorizando tweet 1520/1683
2025-03-24 12:18:44,059 - tweet_categorizer - INFO - Categorizando tweet 1521/1683
2025-03-24 12:18:44,621 - tweet_categorizer - INFO - Categorizando tweet 1522/1683
2025-03-24 12:18:45,172 - tweet_categorizer - INFO - Categorizando tweet 1523/1683
2025-03-24 12:18:45,594 - tweet_categorizer - INFO - Categorizando tweet 1524/1683
2025-03-24 12:18:46,172 - tweet_categorizer - INFO - Categorizando tweet 1525/1683
2025-03-24 12:18:46,707 - tweet_categorizer - INFO - Categorizando tweet 1526/1683
2025-03-24 12:18:47,314 - tweet_categorizer - INFO - Categorizando tweet 1527/1683
2025-03-24 12:18:47,822 - tweet_categorizer - INFO - Categorizando tweet 1528/1683
2025-03-24 12:18:48,548 - tweet_categorizer - INFO - Categorizando tweet 1529/1683
2025-03-24 12:18:49,215 - tweet_categorizer - INFO - Categorizando tweet 1530/1683
2025-03-24 12:18:49,649 - tweet_categorizer - INFO - Categorizando tweet 1531/1683
2025-03-24 12:18:50,220 - tweet_categorizer - INFO - Categorizando tweet 1532/1683
2025-03-24 12:18:50,668 - tweet_categorizer - INFO - Categorizando tweet 1533/1683
2025-03-24 12:18:51,475 - tweet_categorizer - INFO - Categorizando tweet 1534/1683
2025-03-24 12:18:52,103 - tweet_categorizer - INFO - Categorizando tweet 1535/1683
2025-03-24 12:18:52,718 - tweet_categorizer - INFO - Categorizando tweet 1536/1683
2025-03-24 12:18:53,154 - tweet_categorizer - INFO - Categorizando tweet 1537/1683
2025-03-24 12:18:53,767 - tweet_categorizer - INFO - Categorizando tweet 1538/1683
2025-03-24 12:18:54,385 - tweet_categorizer - INFO - Categorizando tweet 1539/1683
2025-03-24 12:18:54,978 - tweet_categorizer - INFO - Categorizando tweet 1540/1683
2025-03-24 12:18:55,581 - tweet_categorizer - INFO - Categorizando tweet 1541/1683
2025-03-24 12:18:55,974 - tweet_categorizer - INFO - Categorizando tweet 1542/1683
2025-03-24 12:18:56,580 - tweet_categorizer - INFO - Categorizando tweet 1543/1683
2025-03-24 12:18:57,178 - tweet_categorizer - INFO - Categorizando tweet 1544/1683
2025-03-24 12:18:57,619 - tweet_categorizer - INFO - Categorizando tweet 1545/1683
2025-03-24 12:18:57,903 - tweet_categorizer - INFO - Categorizando tweet 1546/1683
2025-03-24 12:18:58,416 - tweet_categorizer - INFO - Categorizando tweet 1547/1683
2025-03-24 12:18:58,705 - tweet_categorizer - INFO - Categorizando tweet 1548/1683
2025-03-24 12:18:59,130 - tweet_categorizer - INFO - Categorizando tweet 1549/1683
2025-03-24 12:18:59,990 - tweet_categorizer - INFO - Categorizando tweet 1550/1683
2025-03-24 12:19:00,745 - tweet_categorizer - INFO - Categorizando tweet 1551/1683
2025-03-24 12:19:01,100 - tweet_categorizer - INFO - Categorizando tweet 1552/1683
2025-03-24 12:19:01,570 - tweet_categorizer - INFO - Categorizando tweet 1553/1683
2025-03-24 12:19:02,062 - tweet_categorizer - INFO - Categorizando tweet 1554/1683
2025-03-24 12:19:02,613 - tweet_categorizer - INFO - Categorizando tweet 1555/1683
2025-03-24 12:19:03,107 - tweet_categorizer - INFO - Categorizando tweet 1556/1683
2025-03-24 12:19:03,736 - tweet_categorizer - INFO - Categorizando tweet 1557/1683
2025-03-24 12:19:04,179 - tweet_categorizer - INFO - Categorizando tweet 1558/1683
2025-03-24 12:19:05,076 - tweet_categorizer - INFO - Categorizando tweet 1559/1683
2025-03-24 12:19:05,434 - tweet_categorizer - INFO - Categorizando tweet 1560/1683
2025-03-24 12:19:06,418 - tweet_categorizer - INFO - Categorizando tweet 1561/1683
2025-03-24 12:19:07,024 - tweet_categorizer - INFO - Categorizando tweet 1562/1683
2025-03-24 12:19:07,533 - tweet_categorizer - INFO - Categorizando tweet 1563/1683
2025-03-24 12:19:07,965 - tweet_categorizer - INFO - Categorizando tweet 1564/1683
2025-03-24 12:19:08,252 - tweet_categorizer - INFO - Categorizando tweet 1565/1683
2025-03-24 12:19:08,838 - tweet_categorizer - INFO - Categorizando tweet 1566/1683
2025-03-24 12:19:09,382 - tweet_categorizer - INFO - Categorizando tweet 1567/1683
2025-03-24 12:19:09,909 - tweet_categorizer - INFO - Categorizando tweet 1568/1683
2025-03-24 12:19:10,531 - tweet_categorizer - INFO - Categorizando tweet 1569/1683
2025-03-24 12:19:11,208 - tweet_categorizer - INFO - Categorizando tweet 1570/1683
2025-03-24 12:19:11,777 - tweet_categorizer - INFO - Categorizando tweet 1571/1683
2025-03-24 12:19:12,227 - tweet_categorizer - INFO - Categorizando tweet 1572/1683
2025-03-24 12:19:12,657 - tweet_categorizer - INFO - Categorizando tweet 1573/1683
2025-03-24 12:19:13,102 - tweet_categorizer - INFO - Categorizando tweet 1574/1683
2025-03-24 12:19:13,523 - tweet_categorizer - INFO - Categorizando tweet 1575/1683
2025-03-24 12:19:14,116 - tweet_categorizer - INFO - Categorizando tweet 1576/1683
2025-03-24 12:19:14,631 - tweet_categorizer - INFO - Categorizando tweet 1577/1683
2025-03-24 12:19:15,256 - tweet_categorizer - INFO - Categorizando tweet 1578/1683
2025-03-24 12:19:15,854 - tweet_categorizer - INFO - Categorizando tweet 1579/1683
2025-03-24 12:19:16,259 - tweet_categorizer - INFO - Categorizando tweet 1580/1683
2025-03-24 12:19:16,851 - tweet_categorizer - INFO - Categorizando tweet 1581/1683
2025-03-24 12:19:17,330 - tweet_categorizer - INFO - Categorizando tweet 1582/1683
2025-03-24 12:19:17,942 - tweet_categorizer - INFO - Categorizando tweet 1583/1683
2025-03-24 12:19:18,461 - tweet_categorizer - INFO - Categorizando tweet 1584/1683
2025-03-24 12:19:18,974 - tweet_categorizer - INFO - Categorizando tweet 1585/1683
2025-03-24 12:19:19,531 - tweet_categorizer - INFO - Categorizando tweet 1586/1683
2025-03-24 12:19:20,057 - tweet_categorizer - INFO - Categorizando tweet 1587/1683
2025-03-24 12:19:20,504 - tweet_categorizer - INFO - Categorizando tweet 1588/1683
2025-03-24 12:19:21,044 - tweet_categorizer - INFO - Categorizando tweet 1589/1683
2025-03-24 12:19:21,496 - tweet_categorizer - INFO - Categorizando tweet 1590/1683
2025-03-24 12:19:22,091 - tweet_categorizer - INFO - Categorizando tweet 1591/1683
2025-03-24 12:19:22,670 - tweet_categorizer - INFO - Categorizando tweet 1592/1683
2025-03-24 12:19:23,163 - tweet_categorizer - INFO - Categorizando tweet 1593/1683
2025-03-24 12:19:23,581 - tweet_categorizer - INFO - Categorizando tweet 1594/1683
2025-03-24 12:19:24,144 - tweet_categorizer - INFO - Categorizando tweet 1595/1683
2025-03-24 12:19:24,391 - tweet_categorizer - INFO - Categorizando tweet 1596/1683
2025-03-24 12:19:24,900 - tweet_categorizer - INFO - Categorizando tweet 1597/1683
2025-03-24 12:19:25,478 - tweet_categorizer - INFO - Categorizando tweet 1598/1683
2025-03-24 12:19:26,063 - tweet_categorizer - INFO - Categorizando tweet 1599/1683
2025-03-24 12:19:26,568 - tweet_categorizer - INFO - Categorizando tweet 1600/1683
2025-03-24 12:19:26,978 - tweet_categorizer - INFO - Categorizando tweet 1601/1683
2025-03-24 12:19:27,335 - tweet_categorizer - INFO - Categorizando tweet 1602/1683
2025-03-24 12:19:27,705 - tweet_categorizer - INFO - Categorizando tweet 1603/1683
2025-03-24 12:19:28,044 - tweet_categorizer - INFO - Categorizando tweet 1604/1683
2025-03-24 12:19:28,412 - tweet_categorizer - INFO - Categorizando tweet 1605/1683
2025-03-24 12:19:28,952 - tweet_categorizer - INFO - Categorizando tweet 1606/1683
2025-03-24 12:19:29,407 - tweet_categorizer - INFO - Categorizando tweet 1607/1683
2025-03-24 12:19:29,946 - tweet_categorizer - INFO - Categorizando tweet 1608/1683
2025-03-24 12:19:30,367 - tweet_categorizer - INFO - Categorizando tweet 1609/1683
2025-03-24 12:19:30,719 - tweet_categorizer - INFO - Categorizando tweet 1610/1683
2025-03-24 12:19:31,295 - tweet_categorizer - INFO - Categorizando tweet 1611/1683
2025-03-24 12:19:31,859 - tweet_categorizer - INFO - Categorizando tweet 1612/1683
2025-03-24 12:19:32,494 - tweet_categorizer - INFO - Categorizando tweet 1613/1683
2025-03-24 12:19:33,242 - tweet_categorizer - INFO - Categorizando tweet 1614/1683
2025-03-24 12:19:33,820 - tweet_categorizer - INFO - Categorizando tweet 1615/1683
2025-03-24 12:19:34,318 - tweet_categorizer - INFO - Categorizando tweet 1616/1683
2025-03-24 12:19:34,899 - tweet_categorizer - INFO - Categorizando tweet 1617/1683
2025-03-24 12:19:35,311 - tweet_categorizer - INFO - Categorizando tweet 1618/1683
2025-03-24 12:19:35,788 - tweet_categorizer - INFO - Categorizando tweet 1619/1683
2025-03-24 12:19:36,294 - tweet_categorizer - INFO - Categorizando tweet 1620/1683
2025-03-24 12:19:36,789 - tweet_categorizer - INFO - Categorizando tweet 1621/1683
2025-03-24 12:19:37,713 - tweet_categorizer - INFO - Categorizando tweet 1622/1683
2025-03-24 12:19:38,308 - tweet_categorizer - INFO - Categorizando tweet 1623/1683
2025-03-24 12:19:38,872 - tweet_categorizer - INFO - Categorizando tweet 1624/1683
2025-03-24 12:19:39,305 - tweet_categorizer - INFO - Categorizando tweet 1625/1683
2025-03-24 12:19:39,866 - tweet_categorizer - INFO - Categorizando tweet 1626/1683
2025-03-24 12:19:40,444 - tweet_categorizer - INFO - Categorizando tweet 1627/1683
2025-03-24 12:19:40,857 - tweet_categorizer - INFO - Categorizando tweet 1628/1683
2025-03-24 12:19:41,369 - tweet_categorizer - INFO - Categorizando tweet 1629/1683
2025-03-24 12:19:41,815 - tweet_categorizer - INFO - Categorizando tweet 1630/1683
2025-03-24 12:19:42,387 - tweet_categorizer - INFO - Categorizando tweet 1631/1683
2025-03-24 12:19:42,933 - tweet_categorizer - INFO - Categorizando tweet 1632/1683
2025-03-24 12:19:43,487 - tweet_categorizer - INFO - Categorizando tweet 1633/1683
2025-03-24 12:19:44,047 - tweet_categorizer - INFO - Categorizando tweet 1634/1683
2025-03-24 12:19:44,489 - tweet_categorizer - INFO - Categorizando tweet 1635/1683
2025-03-24 12:19:45,022 - tweet_categorizer - INFO - Categorizando tweet 1636/1683
2025-03-24 12:19:45,683 - tweet_categorizer - INFO - Categorizando tweet 1637/1683
2025-03-24 12:19:46,353 - tweet_categorizer - INFO - Categorizando tweet 1638/1683
2025-03-24 12:19:46,904 - tweet_categorizer - INFO - Categorizando tweet 1639/1683
2025-03-24 12:19:47,182 - tweet_categorizer - INFO - Categorizando tweet 1640/1683
2025-03-24 12:19:47,748 - tweet_categorizer - INFO - Categorizando tweet 1641/1683
2025-03-24 12:19:48,292 - tweet_categorizer - INFO - Categorizando tweet 1642/1683
2025-03-24 12:19:48,794 - tweet_categorizer - INFO - Categorizando tweet 1643/1683
2025-03-24 12:19:49,350 - tweet_categorizer - INFO - Categorizando tweet 1644/1683
2025-03-24 12:19:49,721 - tweet_categorizer - INFO - Categorizando tweet 1645/1683
2025-03-24 12:19:50,271 - tweet_categorizer - INFO - Categorizando tweet 1646/1683
2025-03-24 12:19:50,760 - tweet_categorizer - INFO - Categorizando tweet 1647/1683
2025-03-24 12:19:51,232 - tweet_categorizer - INFO - Categorizando tweet 1648/1683
2025-03-24 12:19:51,716 - tweet_categorizer - INFO - Categorizando tweet 1649/1683
2025-03-24 12:19:52,207 - tweet_categorizer - INFO - Categorizando tweet 1650/1683
2025-03-24 12:19:52,510 - tweet_categorizer - INFO - Categorizando tweet 1651/1683
2025-03-24 12:19:52,792 - tweet_categorizer - INFO - Categorizando tweet 1652/1683
2025-03-24 12:19:53,534 - tweet_categorizer - INFO - Categorizando tweet 1653/1683
2025-03-24 12:19:54,059 - tweet_categorizer - INFO - Categorizando tweet 1654/1683
2025-03-24 12:19:54,465 - tweet_categorizer - INFO - Categorizando tweet 1655/1683
2025-03-24 12:19:55,232 - tweet_categorizer - INFO - Categorizando tweet 1656/1683
2025-03-24 12:19:55,551 - tweet_categorizer - INFO - Categorizando tweet 1657/1683
2025-03-24 12:19:56,207 - tweet_categorizer - INFO - Categorizando tweet 1658/1683
2025-03-24 12:19:56,791 - tweet_categorizer - INFO - Categorizando tweet 1659/1683
2025-03-24 12:19:57,297 - tweet_categorizer - INFO - Categorizando tweet 1660/1683
2025-03-24 12:19:57,820 - tweet_categorizer - INFO - Categorizando tweet 1661/1683
2025-03-24 12:19:58,343 - tweet_categorizer - INFO - Categorizando tweet 1662/1683
2025-03-24 12:19:58,887 - tweet_categorizer - INFO - Categorizando tweet 1663/1683
2025-03-24 12:19:59,525 - tweet_categorizer - INFO - Categorizando tweet 1664/1683
2025-03-24 12:19:59,964 - tweet_categorizer - INFO - Categorizando tweet 1665/1683
2025-03-24 12:20:00,487 - tweet_categorizer - INFO - Categorizando tweet 1666/1683
2025-03-24 12:20:00,997 - tweet_categorizer - INFO - Categorizando tweet 1667/1683
2025-03-24 12:20:01,477 - tweet_categorizer - INFO - Categorizando tweet 1668/1683
2025-03-24 12:20:01,909 - tweet_categorizer - INFO - Categorizando tweet 1669/1683
2025-03-24 12:20:02,481 - tweet_categorizer - INFO - Categorizando tweet 1670/1683
2025-03-24 12:20:03,019 - tweet_categorizer - INFO - Categorizando tweet 1671/1683
2025-03-24 12:20:03,291 - tweet_categorizer - INFO - Categorizando tweet 1672/1683
2025-03-24 12:20:03,689 - tweet_categorizer - INFO - Categorizando tweet 1673/1683
2025-03-24 12:20:04,064 - tweet_categorizer - INFO - Categorizando tweet 1674/1683
2025-03-24 12:20:04,453 - tweet_categorizer - INFO - Categorizando tweet 1675/1683
2025-03-24 12:20:05,062 - tweet_categorizer - INFO - Categorizando tweet 1676/1683
2025-03-24 12:20:05,611 - tweet_categorizer - INFO - Categorizando tweet 1677/1683
2025-03-24 12:20:06,138 - tweet_categorizer - INFO - Categorizando tweet 1678/1683
2025-03-24 12:20:06,431 - tweet_categorizer - INFO - Categorizando tweet 1679/1683
2025-03-24 12:20:06,943 - tweet_categorizer - INFO - Categorizando tweet 1680/1683
2025-03-24 12:20:07,325 - tweet_categorizer - INFO - Categorizando tweet 1681/1683
2025-03-24 12:20:07,923 - tweet_categorizer - INFO - Categorizando tweet 1682/1683
2025-03-24 12:20:08,189 - tweet_categorizer - INFO - Categorizando tweet 1683/1683
2025-03-24 12:20:08,751 - __main__ - INFO - Guardando categorización para uso futuro
2025-03-24 12:20:08,781 - tweet_categorizer - INFO - Categorización guardada en categorized_tweets.json
2025-03-24 12:20:08,781 - __main__ - INFO - Calculando estadísticas por categoría
2025-03-24 12:20:08,781 - stats_calculator - INFO - Calculando estadísticas para la categoría: Infraestructura y vivienda en Andalucía
2025-03-24 12:20:08,782 - stats_calculator - INFO - Calculando estadísticas para la categoría: Problemas con el sistema universitario andaluz
2025-03-24 12:20:08,782 - stats_calculator - INFO - Calculando estadísticas para la categoría: Libertad de expresión y censura
2025-03-24 12:20:08,783 - stats_calculator - INFO - Calculando estadísticas para la categoría: Críticas al gobierno de Moreno Bonilla
2025-03-24 12:20:08,783 - stats_calculator - INFO - Calculando estadísticas para la categoría: Tecnología y conectividad
2025-03-24 12:20:08,783 - stats_calculator - INFO - Calculando estadísticas para la categoría: Reclamaciones y quejas contra Cajamar
2025-03-24 12:20:08,783 - stats_calculator - INFO - Calculando estadísticas para la categoría: Otros
2025-03-24 12:20:08,783 - __main__ - INFO - Generando informe
2025-03-24 12:20:08,783 - report_generator - INFO - Iniciando generación del informe
2025-03-24 12:20:08,783 - report_generator - INFO - Generando sección para la categoría: Infraestructura y vivienda en Andalucía
2025-03-24 12:21:25,126 - report_generator - INFO - Generando sección para la categoría: Problemas con el sistema universitario andaluz
2025-03-24 12:22:33,153 - report_generator - INFO - Generando sección para la categoría: Libertad de expresión y censura
2025-03-24 12:23:47,535 - report_generator - INFO - Generando sección para la categoría: Críticas al gobierno de Moreno Bonilla
2025-03-24 12:25:01,051 - report_generator - INFO - Generando sección para la categoría: Tecnología y conectividad
2025-03-24 12:26:18,422 - report_generator - INFO - Generando sección para la categoría: Reclamaciones y quejas contra Cajamar
2025-03-24 12:27:29,706 - report_generator - INFO - Generando sección para la categoría: Otros
2025-03-24 12:28:45,172 - report_generator - INFO - Generando resumen general del informe
2025-03-24 12:29:25,790 - __main__ - INFO - Informe generado y guardado como informe_20250324_122925.md
2025-03-24 12:29:25,790 - __main__ - INFO - Tiempo total de ejecución: 0:23:29.785352
